0 verbose cli /usr/local/bin/node /usr/local/lib/node_modules/npm/bin/npm-cli.js
1 info using npm@11.6.1
2 info using node@v24.11.0
3 silly config load:file:/usr/local/lib/node_modules/npm/npmrc
4 silly config load:file:/Users/sachinsrivastava/CardioPlus/.npmrc
5 silly config load:file:/Users/sachinsrivastava/.npmrc
6 silly config load:file:/usr/local/etc/npmrc
7 verbose title npm exec firebase-tools@latest projects:list
8 verbose argv "exec" "--yes" "--" "firebase-tools@latest" "projects:list"
9 verbose logfile logs-max:10 dir:/Users/sachinsrivastava/CardioPlus/.npm_cache/_logs/2026-06-04T01_05_16_181Z-
10 verbose logfile /Users/sachinsrivastava/CardioPlus/.npm_cache/_logs/2026-06-04T01_05_16_181Z-debug-0.log
11 silly logfile done cleaning log files
12 silly packumentCache heap:4496293888 maxSize:1124073472 maxEntrySize:562036736
13 http fetch GET 200 https://registry.npmjs.org/firebase-tools 405ms (cache revalidated)
14 silly packumentCache heap:4496293888 maxSize:1124073472 maxEntrySize:562036736
15 silly packumentCache heap:4496293888 maxSize:1124073472 maxEntrySize:562036736
16 silly idealTree buildDeps
17 silly fetch manifest firebase-tools@15.19.1
18 silly packumentCache full:https://registry.npmjs.org/firebase-tools cache-miss
19 http cache https://registry.npmjs.org/firebase-tools 10ms (cache hit)
20 silly packumentCache full:https://registry.npmjs.org/firebase-tools set size:2413018 disposed:false
21 silly placeDep ROOT firebase-tools@15.19.1 OK for:  want: 15.19.1
22 silly fetch manifest @apphosting/common@^0.0.8
23 silly packumentCache full:https://registry.npmjs.org/@apphosting%2fcommon cache-miss
24 silly fetch manifest @electric-sql/pglite@^0.3.3
25 silly packumentCache full:https://registry.npmjs.org/@electric-sql%2fpglite cache-miss
26 silly fetch manifest @electric-sql/pglite-tools@^0.2.8
27 silly packumentCache full:https://registry.npmjs.org/@electric-sql%2fpglite-tools cache-miss
28 silly fetch manifest @google-cloud/cloud-sql-connector@^1.3.3
29 silly packumentCache full:https://registry.npmjs.org/@google-cloud%2fcloud-sql-connector cache-miss
30 silly fetch manifest @google-cloud/pubsub@^5.2.0
31 silly packumentCache full:https://registry.npmjs.org/@google-cloud%2fpubsub cache-miss
32 silly fetch manifest @inquirer/prompts@^7.10.1
33 silly packumentCache full:https://registry.npmjs.org/@inquirer%2fprompts cache-miss
34 silly fetch manifest @modelcontextprotocol/sdk@^1.24.0
35 silly packumentCache full:https://registry.npmjs.org/@modelcontextprotocol%2fsdk cache-miss
36 silly fetch manifest abort-controller@^3.0.0
37 silly packumentCache full:https://registry.npmjs.org/abort-controller cache-miss
38 silly fetch manifest ajv@^8.17.1
39 silly packumentCache full:https://registry.npmjs.org/ajv cache-miss
40 http cache https://registry.npmjs.org/abort-controller 8ms (cache hit)
41 silly packumentCache full:https://registry.npmjs.org/abort-controller set size:47272 disposed:false
42 silly fetch manifest ajv-formats@3.0.1
43 silly packumentCache full:https://registry.npmjs.org/ajv-formats cache-miss
44 http cache https://registry.npmjs.org/@apphosting%2fcommon 11ms (cache hit)
45 silly packumentCache full:https://registry.npmjs.org/@apphosting%2fcommon set size:66674 disposed:false
46 silly fetch manifest archiver@^7.0.0
47 silly packumentCache full:https://registry.npmjs.org/archiver cache-miss
48 http cache https://registry.npmjs.org/@electric-sql%2fpglite-tools 11ms (cache hit)
49 silly packumentCache full:https://registry.npmjs.org/@electric-sql%2fpglite-tools set size:84789 disposed:false
50 silly fetch manifest async-lock@1.4.1
51 silly packumentCache full:https://registry.npmjs.org/async-lock cache-miss
52 http cache https://registry.npmjs.org/@electric-sql%2fpglite 12ms (cache hit)
53 silly packumentCache full:https://registry.npmjs.org/@electric-sql%2fpglite set size:327984 disposed:false
54 silly fetch manifest body-parser@^1.19.0
55 silly packumentCache full:https://registry.npmjs.org/body-parser cache-miss
56 http cache https://registry.npmjs.org/ajv 13ms (cache hit)
57 silly packumentCache full:https://registry.npmjs.org/ajv set size:1142658 disposed:false
58 silly fetch manifest chokidar@^3.6.0
59 silly packumentCache full:https://registry.npmjs.org/chokidar cache-miss
60 http cache https://registry.npmjs.org/@google-cloud%2fpubsub 18ms (cache hit)
61 silly packumentCache full:https://registry.npmjs.org/@google-cloud%2fpubsub set size:766635 disposed:false
62 silly fetch manifest cjson@^0.3.1
63 silly packumentCache full:https://registry.npmjs.org/cjson cache-miss
64 http cache https://registry.npmjs.org/@inquirer%2fprompts 22ms (cache hit)
65 silly packumentCache full:https://registry.npmjs.org/@inquirer%2fprompts set size:331361 disposed:false
66 silly fetch manifest cli-table3@0.6.5
67 silly packumentCache full:https://registry.npmjs.org/cli-table3 cache-miss
68 http cache https://registry.npmjs.org/@modelcontextprotocol%2fsdk 25ms (cache hit)
69 silly packumentCache full:https://registry.npmjs.org/@modelcontextprotocol%2fsdk set size:295652 disposed:false
70 silly fetch manifest colorette@^2.0.19
71 silly packumentCache full:https://registry.npmjs.org/colorette cache-miss
72 http cache https://registry.npmjs.org/@google-cloud%2fcloud-sql-connector 27ms (cache hit)
73 silly packumentCache full:https://registry.npmjs.org/@google-cloud%2fcloud-sql-connector set size:152711 disposed:false
74 silly fetch manifest commander@^5.1.0
75 silly packumentCache full:https://registry.npmjs.org/commander cache-miss
76 http cache https://registry.npmjs.org/ajv-formats 22ms (cache hit)
77 silly packumentCache full:https://registry.npmjs.org/ajv-formats set size:141264 disposed:false
78 silly fetch manifest configstore@^5.0.1
79 silly packumentCache full:https://registry.npmjs.org/configstore cache-miss
80 http cache https://registry.npmjs.org/async-lock 20ms (cache hit)
81 silly packumentCache full:https://registry.npmjs.org/async-lock set size:98301 disposed:false
82 silly fetch manifest cors@^2.8.5
83 silly packumentCache full:https://registry.npmjs.org/cors cache-miss
84 http cache https://registry.npmjs.org/cli-table3 8ms (cache hit)
85 silly packumentCache full:https://registry.npmjs.org/cli-table3 set size:40139 disposed:false
86 silly fetch manifest cross-env@^7.0.3
87 silly packumentCache full:https://registry.npmjs.org/cross-env cache-miss
88 http cache https://registry.npmjs.org/archiver 22ms (cache hit)
89 silly packumentCache full:https://registry.npmjs.org/archiver set size:169973 disposed:false
90 silly fetch manifest cross-spawn@^7.0.5
91 silly packumentCache full:https://registry.npmjs.org/cross-spawn cache-miss
92 http cache https://registry.npmjs.org/cjson 11ms (cache hit)
93 silly packumentCache full:https://registry.npmjs.org/cjson set size:24554 disposed:false
94 silly fetch manifest csv-parse@^5.0.4
95 silly packumentCache full:https://registry.npmjs.org/csv-parse cache-miss
96 http cache https://registry.npmjs.org/colorette 8ms (cache hit)
97 silly packumentCache full:https://registry.npmjs.org/colorette set size:92733 disposed:false
98 silly fetch manifest deep-equal-in-any-order@^2.0.6
99 silly packumentCache full:https://registry.npmjs.org/deep-equal-in-any-order cache-miss
100 http cache https://registry.npmjs.org/chokidar 19ms (cache hit)
101 silly packumentCache full:https://registry.npmjs.org/chokidar set size:255902 disposed:false
102 silly fetch manifest exegesis@^4.2.0
103 silly packumentCache full:https://registry.npmjs.org/exegesis cache-miss
104 http cache https://registry.npmjs.org/body-parser 25ms (cache hit)
105 silly packumentCache full:https://registry.npmjs.org/body-parser set size:199299 disposed:false
106 silly fetch manifest exegesis-express@^4.0.0
107 silly packumentCache full:https://registry.npmjs.org/exegesis-express cache-miss
108 http cache https://registry.npmjs.org/commander 11ms (cache hit)
109 silly packumentCache full:https://registry.npmjs.org/commander set size:353115 disposed:false
110 silly fetch manifest express@^4.16.4
111 silly packumentCache full:https://registry.npmjs.org/express cache-miss
112 http cache https://registry.npmjs.org/cross-env 10ms (cache hit)
113 silly packumentCache full:https://registry.npmjs.org/cross-env set size:151372 disposed:false
114 silly fetch manifest filesize@^6.1.0
115 silly packumentCache full:https://registry.npmjs.org/filesize cache-miss
116 http cache https://registry.npmjs.org/configstore 12ms (cache hit)
117 silly packumentCache full:https://registry.npmjs.org/configstore set size:82080 disposed:false
118 silly fetch manifest form-data@^4.0.1
119 silly packumentCache full:https://registry.npmjs.org/form-data cache-miss
120 http cache https://registry.npmjs.org/cross-spawn 11ms (cache hit)
121 silly packumentCache full:https://registry.npmjs.org/cross-spawn set size:109066 disposed:false
122 silly fetch manifest fs-extra@^10.1.0
123 silly packumentCache full:https://registry.npmjs.org/fs-extra cache-miss
124 http cache https://registry.npmjs.org/csv-parse 12ms (cache hit)
125 silly packumentCache full:https://registry.npmjs.org/csv-parse set size:583349 disposed:false
126 silly fetch manifest fuzzy@^0.1.3
127 silly packumentCache full:https://registry.npmjs.org/fuzzy cache-miss
128 http cache https://registry.npmjs.org/cors 16ms (cache hit)
129 silly packumentCache full:https://registry.npmjs.org/cors set size:77956 disposed:false
130 silly fetch manifest gaxios@^6.7.0
131 silly packumentCache full:https://registry.npmjs.org/gaxios cache-miss
132 http cache https://registry.npmjs.org/deep-equal-in-any-order 14ms (cache hit)
133 silly packumentCache full:https://registry.npmjs.org/deep-equal-in-any-order set size:178775 disposed:false
134 silly fetch manifest glob@^10.5.0
135 silly packumentCache full:https://registry.npmjs.org/glob cache-miss
136 http cache https://registry.npmjs.org/exegesis 13ms (cache hit)
137 silly packumentCache full:https://registry.npmjs.org/exegesis set size:289051 disposed:false
138 silly fetch manifest google-auth-library@^9.11.0
139 silly packumentCache full:https://registry.npmjs.org/google-auth-library cache-miss
140 http cache https://registry.npmjs.org/exegesis-express 13ms (cache hit)
141 silly packumentCache full:https://registry.npmjs.org/exegesis-express set size:61313 disposed:false
142 silly fetch manifest ignore@^7.0.4
143 silly packumentCache full:https://registry.npmjs.org/ignore cache-miss
144 http cache https://registry.npmjs.org/express 12ms (cache hit)
145 silly packumentCache full:https://registry.npmjs.org/express set size:804947 disposed:false
146 silly fetch manifest js-yaml@^3.14.2
147 silly packumentCache full:https://registry.npmjs.org/js-yaml cache-miss
148 http cache https://registry.npmjs.org/filesize 16ms (cache hit)
149 silly packumentCache full:https://registry.npmjs.org/filesize set size:330100 disposed:false
150 silly fetch manifest jsonwebtoken@^9.0.2
151 silly packumentCache full:https://registry.npmjs.org/jsonwebtoken cache-miss
152 http cache https://registry.npmjs.org/form-data 17ms (cache hit)
153 silly packumentCache full:https://registry.npmjs.org/form-data set size:153646 disposed:false
154 silly fetch manifest leven@^3.1.0
155 silly packumentCache full:https://registry.npmjs.org/leven cache-miss
156 http cache https://registry.npmjs.org/fs-extra 18ms (cache hit)
157 silly packumentCache full:https://registry.npmjs.org/fs-extra set size:234923 disposed:false
158 silly fetch manifest libsodium-wrappers@^0.7.10
159 silly packumentCache full:https://registry.npmjs.org/libsodium-wrappers cache-miss
160 http cache https://registry.npmjs.org/glob 14ms (cache hit)
161 silly packumentCache full:https://registry.npmjs.org/glob set size:469465 disposed:false
162 silly fetch manifest lodash@^4.18.0
163 silly packumentCache full:https://registry.npmjs.org/lodash cache-miss
164 http cache https://registry.npmjs.org/fuzzy 18ms (cache hit)
165 silly packumentCache full:https://registry.npmjs.org/fuzzy set size:12033 disposed:false
166 silly fetch manifest lsofi@^2.0.0
167 silly packumentCache full:https://registry.npmjs.org/lsofi cache-miss
168 http cache https://registry.npmjs.org/gaxios 18ms (cache hit)
169 silly packumentCache full:https://registry.npmjs.org/gaxios set size:345358 disposed:false
170 silly fetch manifest marked@^13.0.2
171 silly packumentCache full:https://registry.npmjs.org/marked cache-miss
172 http cache https://registry.npmjs.org/google-auth-library 17ms (cache hit)
173 silly packumentCache full:https://registry.npmjs.org/google-auth-library set size:724318 disposed:false
174 silly fetch manifest marked-terminal@^7.0.0
175 silly packumentCache full:https://registry.npmjs.org/marked-terminal cache-miss
176 http cache https://registry.npmjs.org/leven 10ms (cache hit)
177 silly packumentCache full:https://registry.npmjs.org/leven set size:23210 disposed:false
178 silly fetch manifest mime@^2.5.2
179 silly packumentCache full:https://registry.npmjs.org/mime cache-miss
180 http cache https://registry.npmjs.org/ignore 20ms (cache hit)
181 silly packumentCache full:https://registry.npmjs.org/ignore set size:237380 disposed:false
182 silly fetch manifest minimatch@^3.0.4
183 silly packumentCache full:https://registry.npmjs.org/minimatch cache-miss
184 http cache https://registry.npmjs.org/js-yaml 17ms (cache hit)
185 silly packumentCache full:https://registry.npmjs.org/js-yaml set size:152855 disposed:false
186 silly fetch manifest morgan@^1.10.0
187 silly packumentCache full:https://registry.npmjs.org/morgan cache-miss
188 http cache https://registry.npmjs.org/jsonwebtoken 14ms (cache hit)
189 silly packumentCache full:https://registry.npmjs.org/jsonwebtoken set size:183545 disposed:false
190 silly fetch manifest node-fetch@^2.6.7
191 silly packumentCache full:https://registry.npmjs.org/node-fetch cache-miss
192 http cache https://registry.npmjs.org/libsodium-wrappers 12ms (cache hit)
193 silly packumentCache full:https://registry.npmjs.org/libsodium-wrappers set size:96083 disposed:false
194 silly fetch manifest open@^6.3.0
195 silly packumentCache full:https://registry.npmjs.org/open cache-miss
196 http cache https://registry.npmjs.org/lodash 11ms (cache hit)
197 silly packumentCache full:https://registry.npmjs.org/lodash set size:247652 disposed:false
198 silly fetch manifest ora@^5.4.1
199 silly packumentCache full:https://registry.npmjs.org/ora cache-miss
200 http cache https://registry.npmjs.org/lsofi 12ms (cache hit)
201 silly packumentCache full:https://registry.npmjs.org/lsofi set size:5929 disposed:false
202 silly fetch manifest p-limit@^3.0.1
203 silly packumentCache full:https://registry.npmjs.org/p-limit cache-miss
204 http cache https://registry.npmjs.org/marked-terminal 9ms (cache hit)
205 silly packumentCache full:https://registry.npmjs.org/marked-terminal set size:81779 disposed:false
206 silly fetch manifest pg@^8.11.3
207 silly packumentCache full:https://registry.npmjs.org/pg cache-miss
208 http cache https://registry.npmjs.org/marked 14ms (cache hit)
209 silly packumentCache full:https://registry.npmjs.org/marked set size:744787 disposed:false
210 silly fetch manifest pg-gateway@^0.3.0-beta.4
211 silly packumentCache full:https://registry.npmjs.org/pg-gateway cache-miss
212 http cache https://registry.npmjs.org/minimatch 10ms (cache hit)
213 silly packumentCache full:https://registry.npmjs.org/minimatch set size:375282 disposed:false
214 silly fetch manifest pglite-2@npm:@electric-sql/pglite@0.2.17
215 silly packumentCache full:https://registry.npmjs.org/@electric-sql%2fpglite cache-hit
216 silly fetch manifest portfinder@^1.0.32
217 silly packumentCache full:https://registry.npmjs.org/portfinder cache-miss
218 http cache https://registry.npmjs.org/open 10ms (cache hit)
219 silly packumentCache full:https://registry.npmjs.org/open set size:136392 disposed:false
220 silly fetch manifest progress@^2.0.3
221 silly packumentCache full:https://registry.npmjs.org/progress cache-miss
222 http cache https://registry.npmjs.org/node-fetch 12ms (cache hit)
223 silly packumentCache full:https://registry.npmjs.org/node-fetch set size:896010 disposed:false
224 silly fetch manifest proxy-agent@^6.3.0
225 silly packumentCache full:https://registry.npmjs.org/proxy-agent cache-miss
226 http cache https://registry.npmjs.org/morgan 15ms (cache hit)
227 silly packumentCache full:https://registry.npmjs.org/morgan set size:78895 disposed:false
228 silly fetch manifest retry@^0.13.1
229 silly packumentCache full:https://registry.npmjs.org/retry cache-miss
230 http cache https://registry.npmjs.org/mime 17ms (cache hit)
231 silly packumentCache full:https://registry.npmjs.org/mime set size:119236 disposed:false
232 silly fetch manifest semver@^7.5.2
233 silly packumentCache full:https://registry.npmjs.org/semver cache-miss
234 http cache https://registry.npmjs.org/ora 13ms (cache hit)
235 silly packumentCache full:https://registry.npmjs.org/ora set size:144913 disposed:false
236 silly fetch manifest sql-formatter@^15.3.0
237 silly packumentCache full:https://registry.npmjs.org/sql-formatter cache-miss
238 http cache https://registry.npmjs.org/p-limit 15ms (cache hit)
239 silly packumentCache full:https://registry.npmjs.org/p-limit set size:61867 disposed:false
240 silly fetch manifest stream-chain@^2.2.4
241 silly packumentCache full:https://registry.npmjs.org/stream-chain cache-miss
242 http cache https://registry.npmjs.org/pg-gateway 11ms (cache hit)
243 silly packumentCache full:https://registry.npmjs.org/pg-gateway set size:35105 disposed:false
244 silly fetch manifest stream-json@^1.7.3
245 silly packumentCache full:https://registry.npmjs.org/stream-json cache-miss
246 http cache https://registry.npmjs.org/proxy-agent 6ms (cache hit)
247 silly packumentCache full:https://registry.npmjs.org/proxy-agent set size:78600 disposed:false
248 silly fetch manifest superstatic@^10.0.0
249 silly packumentCache full:https://registry.npmjs.org/superstatic cache-miss
250 http cache https://registry.npmjs.org/progress 10ms (cache hit)
251 silly packumentCache full:https://registry.npmjs.org/progress set size:34179 disposed:false
252 silly fetch manifest tar@^7.5.11
253 silly packumentCache full:https://registry.npmjs.org/tar cache-miss
254 http cache https://registry.npmjs.org/pg 15ms (cache hit)
255 silly packumentCache full:https://registry.npmjs.org/pg set size:477609 disposed:false
256 silly fetch manifest tcp-port-used@^1.0.2
257 silly packumentCache full:https://registry.npmjs.org/tcp-port-used cache-miss
258 http cache https://registry.npmjs.org/sql-formatter 7ms (cache hit)
259 silly packumentCache full:https://registry.npmjs.org/sql-formatter set size:1124163 disposed:false
260 silly fetch manifest tmp@^0.2.3
261 silly packumentCache full:https://registry.npmjs.org/tmp cache-miss
262 http cache https://registry.npmjs.org/semver 11ms (cache hit)
263 silly packumentCache full:https://registry.npmjs.org/semver set size:235672 disposed:false
264 silly fetch manifest triple-beam@^1.3.0
265 silly packumentCache full:https://registry.npmjs.org/triple-beam cache-miss
266 http cache https://registry.npmjs.org/retry 12ms (cache hit)
267 silly packumentCache full:https://registry.npmjs.org/retry set size:31161 disposed:false
268 silly fetch manifest universal-analytics@^0.5.3
269 silly packumentCache full:https://registry.npmjs.org/universal-analytics cache-miss
270 http cache https://registry.npmjs.org/portfinder 17ms (cache hit)
271 silly packumentCache full:https://registry.npmjs.org/portfinder set size:92930 disposed:false
272 silly fetch manifest update-notifier-cjs@^5.1.6
273 silly packumentCache full:https://registry.npmjs.org/update-notifier-cjs cache-miss
274 http cache https://registry.npmjs.org/stream-chain 10ms (cache hit)
275 silly packumentCache full:https://registry.npmjs.org/stream-chain set size:107885 disposed:false
276 silly fetch manifest uuid@^11.1.1
277 silly packumentCache full:https://registry.npmjs.org/uuid cache-miss
278 http cache https://registry.npmjs.org/universal-analytics 4ms (cache hit)
279 silly packumentCache full:https://registry.npmjs.org/universal-analytics set size:104106 disposed:false
280 silly fetch manifest winston@^3.0.0
281 silly packumentCache full:https://registry.npmjs.org/winston cache-miss
282 http cache https://registry.npmjs.org/tmp 6ms (cache hit)
283 silly packumentCache full:https://registry.npmjs.org/tmp set size:79523 disposed:false
284 silly fetch manifest winston-transport@^4.4.0
285 silly packumentCache full:https://registry.npmjs.org/winston-transport cache-miss
286 http cache https://registry.npmjs.org/tcp-port-used 11ms (cache hit)
287 silly packumentCache full:https://registry.npmjs.org/tcp-port-used set size:70467 disposed:false
288 silly fetch manifest ws@^7.5.10
289 silly packumentCache full:https://registry.npmjs.org/ws cache-miss
290 http cache https://registry.npmjs.org/superstatic 13ms (cache hit)
291 silly packumentCache full:https://registry.npmjs.org/superstatic set size:567104 disposed:false
292 silly fetch manifest yaml@^2.8.3
293 silly packumentCache full:https://registry.npmjs.org/yaml cache-miss
294 http cache https://registry.npmjs.org/tar 15ms (cache hit)
295 silly packumentCache full:https://registry.npmjs.org/tar set size:551280 disposed:false
296 silly fetch manifest zod@^3.24.3
297 silly packumentCache full:https://registry.npmjs.org/zod cache-miss
298 http cache https://registry.npmjs.org/stream-json 17ms (cache hit)
299 silly packumentCache full:https://registry.npmjs.org/stream-json set size:142637 disposed:false
300 silly fetch manifest zod-to-json-schema@^3.24.5
301 silly packumentCache full:https://registry.npmjs.org/zod-to-json-schema cache-miss
302 http cache https://registry.npmjs.org/update-notifier-cjs 12ms (cache hit)
303 silly packumentCache full:https://registry.npmjs.org/update-notifier-cjs set size:28206 disposed:false
304 http cache https://registry.npmjs.org/triple-beam 13ms (cache hit)
305 silly packumentCache full:https://registry.npmjs.org/triple-beam set size:15133 disposed:false
306 http cache https://registry.npmjs.org/uuid 13ms (cache hit)
307 silly packumentCache full:https://registry.npmjs.org/uuid set size:234700 disposed:false
308 http cache https://registry.npmjs.org/winston 17ms (cache hit)
309 silly packumentCache full:https://registry.npmjs.org/winston set size:276467 disposed:false
310 http cache https://registry.npmjs.org/ws 18ms (cache hit)
311 silly packumentCache full:https://registry.npmjs.org/ws set size:427091 disposed:false
312 http cache https://registry.npmjs.org/yaml 17ms (cache hit)
313 silly packumentCache full:https://registry.npmjs.org/yaml set size:385754 disposed:false
314 http cache https://registry.npmjs.org/zod 18ms (cache hit)
315 silly packumentCache full:https://registry.npmjs.org/zod set size:3552562 disposed:false
316 http cache https://registry.npmjs.org/zod-to-json-schema 25ms (cache hit)
317 silly packumentCache full:https://registry.npmjs.org/zod-to-json-schema set size:309584 disposed:false
318 http cache https://registry.npmjs.org/winston-transport 32ms (cache hit)
319 silly packumentCache full:https://registry.npmjs.org/winston-transport set size:60135 disposed:false
320 silly fetch manifest @types/node@>=18
321 silly packumentCache full:https://registry.npmjs.org/@types%2fnode cache-miss
322 http cache https://registry.npmjs.org/@types%2fnode 12ms (cache hit)
323 silly packumentCache full:https://registry.npmjs.org/@types%2fnode set size:11015753 disposed:false
324 silly fetch manifest @cfworker/json-schema@^4.1.1
325 silly packumentCache full:https://registry.npmjs.org/@cfworker%2fjson-schema cache-miss
326 http cache https://registry.npmjs.org/@cfworker%2fjson-schema 3ms (cache hit)
327 silly packumentCache full:https://registry.npmjs.org/@cfworker%2fjson-schema set size:144207 disposed:false
328 silly fetch manifest encoding@^0.1.0
329 silly packumentCache full:https://registry.npmjs.org/encoding cache-miss
330 http cache https://registry.npmjs.org/encoding 1ms (cache hit)
331 silly packumentCache full:https://registry.npmjs.org/encoding set size:17833 disposed:false
332 silly fetch manifest pg-native@>=3.0.1
333 silly packumentCache full:https://registry.npmjs.org/pg-native cache-miss
334 http cache https://registry.npmjs.org/pg-native 1ms (cache hit)
335 silly packumentCache full:https://registry.npmjs.org/pg-native set size:92711 disposed:false
336 silly fetch manifest bufferutil@^4.0.1
337 silly packumentCache full:https://registry.npmjs.org/bufferutil cache-miss
338 http cache https://registry.npmjs.org/bufferutil 0ms (cache hit)
339 silly packumentCache full:https://registry.npmjs.org/bufferutil set size:52763 disposed:false
340 silly fetch manifest utf-8-validate@^5.0.2
341 silly packumentCache full:https://registry.npmjs.org/utf-8-validate cache-miss
342 http cache https://registry.npmjs.org/utf-8-validate 1ms (cache hit)
343 silly packumentCache full:https://registry.npmjs.org/utf-8-validate set size:77148 disposed:false
344 silly placeDep ROOT @apphosting/common@0.0.8 OK for: firebase-tools@15.19.1 want: ^0.0.8
345 silly placeDep ROOT @electric-sql/pglite@0.3.16 OK for: firebase-tools@15.19.1 want: ^0.3.3
346 silly placeDep ROOT @electric-sql/pglite-tools@0.2.21 OK for: firebase-tools@15.19.1 want: ^0.2.8
347 silly placeDep ROOT @google-cloud/cloud-sql-connector@1.11.1 OK for: firebase-tools@15.19.1 want: ^1.3.3
348 silly placeDep ROOT @google-cloud/pubsub@5.3.0 OK for: firebase-tools@15.19.1 want: ^5.2.0
349 silly placeDep ROOT @inquirer/prompts@7.10.1 OK for: firebase-tools@15.19.1 want: ^7.10.1
350 silly placeDep ROOT @modelcontextprotocol/sdk@1.29.0 OK for: firebase-tools@15.19.1 want: ^1.24.0
351 silly placeDep ROOT abort-controller@3.0.0 OK for: firebase-tools@15.19.1 want: ^3.0.0
352 silly placeDep ROOT ajv@8.20.0 OK for: firebase-tools@15.19.1 want: ^8.17.1
353 silly placeDep ROOT ajv-formats@3.0.1 OK for: firebase-tools@15.19.1 want: 3.0.1
354 silly placeDep ROOT archiver@7.0.1 OK for: firebase-tools@15.19.1 want: ^7.0.0
355 silly placeDep ROOT async-lock@1.4.1 OK for: firebase-tools@15.19.1 want: 1.4.1
356 silly placeDep ROOT body-parser@1.20.5 OK for: firebase-tools@15.19.1 want: ^1.19.0
357 silly placeDep ROOT chokidar@3.6.0 OK for: firebase-tools@15.19.1 want: ^3.6.0
358 silly placeDep ROOT cjson@0.3.3 OK for: firebase-tools@15.19.1 want: ^0.3.1
359 silly placeDep ROOT cli-table3@0.6.5 OK for: firebase-tools@15.19.1 want: 0.6.5
360 silly placeDep ROOT colorette@2.0.20 OK for: firebase-tools@15.19.1 want: ^2.0.19
361 silly placeDep ROOT commander@5.1.0 OK for: firebase-tools@15.19.1 want: ^5.1.0
362 silly placeDep ROOT configstore@5.0.1 OK for: firebase-tools@15.19.1 want: ^5.0.1
363 silly placeDep ROOT cors@2.8.6 OK for: firebase-tools@15.19.1 want: ^2.8.5
364 silly placeDep ROOT cross-env@7.0.3 OK for: firebase-tools@15.19.1 want: ^7.0.3
365 silly placeDep ROOT cross-spawn@7.0.6 OK for: firebase-tools@15.19.1 want: ^7.0.5
366 silly placeDep ROOT csv-parse@5.6.0 OK for: firebase-tools@15.19.1 want: ^5.0.4
367 silly placeDep ROOT deep-equal-in-any-order@2.2.0 OK for: firebase-tools@15.19.1 want: ^2.0.6
368 silly placeDep ROOT exegesis@4.3.0 OK for: firebase-tools@15.19.1 want: ^4.2.0
369 silly placeDep ROOT exegesis-express@4.0.0 OK for: firebase-tools@15.19.1 want: ^4.0.0
370 silly placeDep ROOT express@4.22.2 OK for: firebase-tools@15.19.1 want: ^4.16.4
371 silly placeDep ROOT filesize@6.4.0 OK for: firebase-tools@15.19.1 want: ^6.1.0
372 silly placeDep ROOT form-data@4.0.5 OK for: firebase-tools@15.19.1 want: ^4.0.1
373 silly placeDep ROOT fs-extra@10.1.0 OK for: firebase-tools@15.19.1 want: ^10.1.0
374 silly placeDep ROOT fuzzy@0.1.3 OK for: firebase-tools@15.19.1 want: ^0.1.3
375 silly placeDep ROOT gaxios@6.7.1 OK for: firebase-tools@15.19.1 want: ^6.7.0
376 silly placeDep ROOT glob@10.5.0 OK for: firebase-tools@15.19.1 want: ^10.5.0
377 silly placeDep ROOT google-auth-library@9.15.1 OK for: firebase-tools@15.19.1 want: ^9.11.0
378 silly placeDep ROOT ignore@7.0.5 OK for: firebase-tools@15.19.1 want: ^7.0.4
379 silly placeDep ROOT js-yaml@3.14.2 OK for: firebase-tools@15.19.1 want: ^3.14.2
380 silly placeDep ROOT jsonwebtoken@9.0.3 OK for: firebase-tools@15.19.1 want: ^9.0.2
381 silly placeDep ROOT leven@3.1.0 OK for: firebase-tools@15.19.1 want: ^3.1.0
382 silly placeDep ROOT libsodium-wrappers@0.7.16 OK for: firebase-tools@15.19.1 want: ^0.7.10
383 silly placeDep ROOT lodash@4.18.1 OK for: firebase-tools@15.19.1 want: ^4.18.0
384 silly placeDep ROOT lsofi@2.0.0 OK for: firebase-tools@15.19.1 want: ^2.0.0
385 silly placeDep ROOT marked@13.0.3 OK for: firebase-tools@15.19.1 want: ^13.0.2
386 silly placeDep ROOT marked-terminal@7.3.0 OK for: firebase-tools@15.19.1 want: ^7.0.0
387 silly placeDep ROOT mime@2.6.0 OK for: firebase-tools@15.19.1 want: ^2.5.2
388 silly placeDep ROOT minimatch@3.1.5 OK for: firebase-tools@15.19.1 want: ^3.0.4
389 silly placeDep ROOT morgan@1.11.0 OK for: firebase-tools@15.19.1 want: ^1.10.0
390 silly placeDep ROOT node-fetch@2.7.0 OK for: firebase-tools@15.19.1 want: ^2.6.7
391 silly placeDep ROOT open@6.4.0 OK for: firebase-tools@15.19.1 want: ^6.3.0
392 silly placeDep ROOT ora@5.4.1 OK for: firebase-tools@15.19.1 want: ^5.4.1
393 silly placeDep ROOT p-limit@3.1.0 OK for: firebase-tools@15.19.1 want: ^3.0.1
394 silly placeDep ROOT pg@8.21.0 OK for: firebase-tools@15.19.1 want: ^8.11.3
395 silly placeDep ROOT pg-gateway@0.3.0-beta.4 OK for: firebase-tools@15.19.1 want: ^0.3.0-beta.4
396 silly placeDep ROOT pglite-2@0.2.17 OK for: firebase-tools@15.19.1 want: npm:@electric-sql/pglite@0.2.17
397 silly placeDep ROOT portfinder@1.0.38 OK for: firebase-tools@15.19.1 want: ^1.0.32
398 silly placeDep ROOT progress@2.0.3 OK for: firebase-tools@15.19.1 want: ^2.0.3
399 silly placeDep ROOT proxy-agent@6.5.0 OK for: firebase-tools@15.19.1 want: ^6.3.0
400 silly placeDep ROOT retry@0.13.1 OK for: firebase-tools@15.19.1 want: ^0.13.1
401 silly placeDep ROOT semver@7.8.1 OK for: firebase-tools@15.19.1 want: ^7.5.2
402 silly placeDep ROOT sql-formatter@15.8.0 OK for: firebase-tools@15.19.1 want: ^15.3.0
403 silly placeDep ROOT stream-chain@2.2.5 OK for: firebase-tools@15.19.1 want: ^2.2.4
404 silly placeDep ROOT stream-json@1.9.1 OK for: firebase-tools@15.19.1 want: ^1.7.3
405 silly placeDep ROOT superstatic@10.0.0 OK for: firebase-tools@15.19.1 want: ^10.0.0
406 silly placeDep ROOT tar@7.5.16 OK for: firebase-tools@15.19.1 want: ^7.5.11
407 silly placeDep ROOT tcp-port-used@1.0.2 OK for: firebase-tools@15.19.1 want: ^1.0.2
408 silly placeDep ROOT tmp@0.2.7 OK for: firebase-tools@15.19.1 want: ^0.2.3
409 silly placeDep ROOT triple-beam@1.4.1 OK for: firebase-tools@15.19.1 want: ^1.3.0
410 silly placeDep ROOT universal-analytics@0.5.4 OK for: firebase-tools@15.19.1 want: ^0.5.3
411 silly placeDep ROOT update-notifier-cjs@5.1.7 OK for: firebase-tools@15.19.1 want: ^5.1.6
412 silly placeDep ROOT uuid@11.1.1 OK for: firebase-tools@15.19.1 want: ^11.1.1
413 silly placeDep ROOT winston@3.19.0 OK for: firebase-tools@15.19.1 want: ^3.0.0
414 silly placeDep ROOT winston-transport@4.9.0 OK for: firebase-tools@15.19.1 want: ^4.4.0
415 silly placeDep ROOT ws@7.5.11 OK for: firebase-tools@15.19.1 want: ^7.5.10
416 silly placeDep ROOT yaml@2.9.0 OK for: firebase-tools@15.19.1 want: ^2.8.3
417 silly placeDep ROOT zod@3.25.76 OK for: firebase-tools@15.19.1 want: ^3.24.3
418 silly placeDep ROOT zod-to-json-schema@3.25.2 OK for: firebase-tools@15.19.1 want: ^3.24.5
419 silly fetch manifest @googleapis/sqladmin@^35.2.0
420 silly packumentCache full:https://registry.npmjs.org/@googleapis%2fsqladmin cache-miss
421 silly fetch manifest gaxios@^7.1.4
422 silly packumentCache full:https://registry.npmjs.org/gaxios cache-hit
423 silly fetch manifest google-auth-library@^10.6.2
424 silly packumentCache full:https://registry.npmjs.org/google-auth-library cache-hit
425 silly fetch manifest p-throttle@^7.0.0
426 silly packumentCache full:https://registry.npmjs.org/p-throttle cache-miss
427 silly fetch manifest @google-cloud/paginator@^6.0.0
428 silly packumentCache full:https://registry.npmjs.org/@google-cloud%2fpaginator cache-miss
429 silly fetch manifest @google-cloud/precise-date@^5.0.0
430 silly packumentCache full:https://registry.npmjs.org/@google-cloud%2fprecise-date cache-miss
431 silly fetch manifest @google-cloud/projectify@^5.0.0
432 silly packumentCache full:https://registry.npmjs.org/@google-cloud%2fprojectify cache-miss
433 silly fetch manifest @google-cloud/promisify@^5.0.0
434 silly packumentCache full:https://registry.npmjs.org/@google-cloud%2fpromisify cache-miss
435 silly fetch manifest @opentelemetry/api@~1.9.0
436 silly packumentCache full:https://registry.npmjs.org/@opentelemetry%2fapi cache-miss
437 silly fetch manifest @opentelemetry/core@^1.30.1
438 silly packumentCache full:https://registry.npmjs.org/@opentelemetry%2fcore cache-miss
439 silly fetch manifest @opentelemetry/semantic-conventions@~1.39.0
440 silly packumentCache full:https://registry.npmjs.org/@opentelemetry%2fsemantic-conventions cache-miss
441 http cache https://registry.npmjs.org/@google-cloud%2fpromisify 4ms (cache hit)
442 silly packumentCache full:https://registry.npmjs.org/@google-cloud%2fpromisify set size:68494 disposed:false
443 silly fetch manifest arrify@^2.0.0
444 silly packumentCache full:https://registry.npmjs.org/arrify cache-miss
445 http cache https://registry.npmjs.org/@googleapis%2fsqladmin 5ms (cache hit)
446 silly packumentCache full:https://registry.npmjs.org/@googleapis%2fsqladmin set size:133703 disposed:false
447 silly fetch manifest extend@^3.0.2
448 silly packumentCache full:https://registry.npmjs.org/extend cache-miss
449 http cache https://registry.npmjs.org/@google-cloud%2fpaginator 6ms (cache hit)
450 silly packumentCache full:https://registry.npmjs.org/@google-cloud%2fpaginator set size:87127 disposed:false
451 silly fetch manifest google-auth-library@^10.5.0
452 silly packumentCache full:https://registry.npmjs.org/google-auth-library cache-hit
453 silly fetch manifest google-gax@^5.0.5
454 silly packumentCache full:https://registry.npmjs.org/google-gax cache-miss
455 http cache https://registry.npmjs.org/@google-cloud%2fprecise-date 7ms (cache hit)
456 silly packumentCache full:https://registry.npmjs.org/@google-cloud%2fprecise-date set size:48317 disposed:false
457 silly fetch manifest heap-js@^2.6.0
458 silly packumentCache full:https://registry.npmjs.org/heap-js cache-miss
459 http cache https://registry.npmjs.org/p-throttle 7ms (cache hit)
460 silly packumentCache full:https://registry.npmjs.org/p-throttle set size:47894 disposed:false
461 silly fetch manifest is-stream-ended@^0.1.4
462 silly packumentCache full:https://registry.npmjs.org/is-stream-ended cache-miss
463 http cache https://registry.npmjs.org/@opentelemetry%2fapi 6ms (cache hit)
464 silly packumentCache full:https://registry.npmjs.org/@opentelemetry%2fapi set size:272967 disposed:false
465 silly fetch manifest lodash.snakecase@^4.1.1
466 silly packumentCache full:https://registry.npmjs.org/lodash.snakecase cache-miss
467 http cache https://registry.npmjs.org/@google-cloud%2fprojectify 8ms (cache hit)
468 silly packumentCache full:https://registry.npmjs.org/@google-cloud%2fprojectify set size:62571 disposed:false
469 silly fetch manifest p-defer@^3.0.0
470 silly packumentCache full:https://registry.npmjs.org/p-defer cache-miss
471 http cache https://registry.npmjs.org/@opentelemetry%2fsemantic-conventions 8ms (cache hit)
472 silly packumentCache full:https://registry.npmjs.org/@opentelemetry%2fsemantic-conventions set size:421726 disposed:false
473 silly fetch manifest @inquirer/input@^4.3.1
474 silly packumentCache full:https://registry.npmjs.org/@inquirer%2finput cache-miss
475 http cache https://registry.npmjs.org/@opentelemetry%2fcore 9ms (cache hit)
476 silly packumentCache full:https://registry.npmjs.org/@opentelemetry%2fcore set size:820532 disposed:false
477 silly fetch manifest @inquirer/editor@^4.2.23
478 silly packumentCache full:https://registry.npmjs.org/@inquirer%2feditor cache-miss
479 http cache https://registry.npmjs.org/arrify 9ms (cache hit)
480 silly packumentCache full:https://registry.npmjs.org/arrify set size:11862 disposed:false
481 silly fetch manifest @inquirer/expand@^4.0.23
482 silly packumentCache full:https://registry.npmjs.org/@inquirer%2fexpand cache-miss
483 http cache https://registry.npmjs.org/heap-js 8ms (cache hit)
484 silly packumentCache full:https://registry.npmjs.org/heap-js set size:106897 disposed:false
485 silly fetch manifest @inquirer/number@^3.0.23
486 silly packumentCache full:https://registry.npmjs.org/@inquirer%2fnumber cache-miss
487 http cache https://registry.npmjs.org/is-stream-ended 8ms (cache hit)
488 silly packumentCache full:https://registry.npmjs.org/is-stream-ended set size:8902 disposed:false
489 silly fetch manifest @inquirer/search@^3.2.2
490 silly packumentCache full:https://registry.npmjs.org/@inquirer%2fsearch cache-miss
491 http cache https://registry.npmjs.org/extend 9ms (cache hit)
492 silly packumentCache full:https://registry.npmjs.org/extend set size:25974 disposed:false
493 silly fetch manifest @inquirer/select@^4.4.2
494 silly packumentCache full:https://registry.npmjs.org/@inquirer%2fselect cache-miss
495 http cache https://registry.npmjs.org/google-gax 11ms (cache hit)
496 silly packumentCache full:https://registry.npmjs.org/google-gax set size:2055354 disposed:false
497 silly fetch manifest @inquirer/confirm@^5.1.21
498 silly packumentCache full:https://registry.npmjs.org/@inquirer%2fconfirm cache-miss
499 http cache https://registry.npmjs.org/p-defer 14ms (cache hit)
500 silly packumentCache full:https://registry.npmjs.org/p-defer set size:17545 disposed:false
501 silly fetch manifest @inquirer/rawlist@^4.1.11
502 silly packumentCache full:https://registry.npmjs.org/@inquirer%2frawlist cache-miss
503 http cache https://registry.npmjs.org/lodash.snakecase 14ms (cache hit)
504 silly packumentCache full:https://registry.npmjs.org/lodash.snakecase set size:16878 disposed:false
505 silly fetch manifest @inquirer/checkbox@^4.3.2
506 silly packumentCache full:https://registry.npmjs.org/@inquirer%2fcheckbox cache-miss
507 http cache https://registry.npmjs.org/@inquirer%2finput 12ms (cache hit)
508 silly packumentCache full:https://registry.npmjs.org/@inquirer%2finput set size:319406 disposed:false
509 silly fetch manifest @inquirer/password@^4.0.23
510 silly packumentCache full:https://registry.npmjs.org/@inquirer%2fpassword cache-miss
511 http cache https://registry.npmjs.org/@inquirer%2feditor 12ms (cache hit)
512 silly packumentCache full:https://registry.npmjs.org/@inquirer%2feditor set size:322894 disposed:false
513 silly fetch manifest @hono/node-server@^1.19.9
514 silly packumentCache full:https://registry.npmjs.org/@hono%2fnode-server cache-miss
515 http cache https://registry.npmjs.org/@inquirer%2fnumber 11ms (cache hit)
516 silly packumentCache full:https://registry.npmjs.org/@inquirer%2fnumber set size:142567 disposed:false
517 silly fetch manifest ajv-formats@^3.0.1
518 silly packumentCache full:https://registry.npmjs.org/ajv-formats cache-hit
519 silly fetch manifest content-type@^1.0.5
520 silly packumentCache full:https://registry.npmjs.org/content-type cache-miss
521 http cache https://registry.npmjs.org/@inquirer%2fexpand 13ms (cache hit)
522 silly packumentCache full:https://registry.npmjs.org/@inquirer%2fexpand set size:322112 disposed:false
523 silly fetch manifest eventsource@^3.0.2
524 silly packumentCache full:https://registry.npmjs.org/eventsource cache-miss
525 http cache https://registry.npmjs.org/@inquirer%2fconfirm 7ms (cache hit)
526 silly packumentCache full:https://registry.npmjs.org/@inquirer%2fconfirm set size:320882 disposed:false
527 silly fetch manifest eventsource-parser@^3.0.0
528 silly packumentCache full:https://registry.npmjs.org/eventsource-parser cache-miss
529 http cache https://registry.npmjs.org/@inquirer%2fselect 14ms (cache hit)
530 silly packumentCache full:https://registry.npmjs.org/@inquirer%2fselect set size:335462 disposed:false
531 silly fetch manifest express@^5.2.1
532 silly packumentCache full:https://registry.npmjs.org/express cache-hit
533 silly fetch manifest express-rate-limit@^8.2.1
534 silly packumentCache full:https://registry.npmjs.org/express-rate-limit cache-miss
535 http cache https://registry.npmjs.org/@inquirer%2fcheckbox 9ms (cache hit)
536 silly packumentCache full:https://registry.npmjs.org/@inquirer%2fcheckbox set size:346573 disposed:false
537 silly fetch manifest hono@^4.11.4
538 silly packumentCache full:https://registry.npmjs.org/hono cache-miss
539 http cache https://registry.npmjs.org/@inquirer%2fsearch 17ms (cache hit)
540 silly packumentCache full:https://registry.npmjs.org/@inquirer%2fsearch set size:142958 disposed:false
541 silly fetch manifest jose@^6.1.3
542 silly packumentCache full:https://registry.npmjs.org/jose cache-miss
543 http cache https://registry.npmjs.org/@inquirer%2fpassword 10ms (cache hit)
544 silly packumentCache full:https://registry.npmjs.org/@inquirer%2fpassword set size:318894 disposed:false
545 silly fetch manifest json-schema-typed@^8.0.2
546 silly packumentCache full:https://registry.npmjs.org/json-schema-typed cache-miss
547 http cache https://registry.npmjs.org/@inquirer%2frawlist 12ms (cache hit)
548 silly packumentCache full:https://registry.npmjs.org/@inquirer%2frawlist set size:288948 disposed:false
549 silly fetch manifest pkce-challenge@^5.0.0
550 silly packumentCache full:https://registry.npmjs.org/pkce-challenge cache-miss
551 http cache https://registry.npmjs.org/@hono%2fnode-server 12ms (cache hit)
552 silly packumentCache full:https://registry.npmjs.org/@hono%2fnode-server set size:257792 disposed:false
553 silly fetch manifest raw-body@^3.0.0
554 silly packumentCache full:https://registry.npmjs.org/raw-body cache-miss
555 http cache https://registry.npmjs.org/content-type 14ms (cache hit)
556 silly packumentCache full:https://registry.npmjs.org/content-type set size:18994 disposed:false
557 silly fetch manifest zod@^3.25 || ^4.0
558 silly packumentCache full:https://registry.npmjs.org/zod cache-miss
559 http cache https://registry.npmjs.org/express-rate-limit 11ms (cache hit)
560 silly packumentCache full:https://registry.npmjs.org/express-rate-limit set size:443601 disposed:false
561 silly fetch manifest zod-to-json-schema@^3.25.1
562 silly packumentCache full:https://registry.npmjs.org/zod-to-json-schema cache-hit
563 silly fetch manifest event-target-shim@^5.0.0
564 silly packumentCache full:https://registry.npmjs.org/event-target-shim cache-miss
565 http cache https://registry.npmjs.org/eventsource 14ms (cache hit)
566 silly packumentCache full:https://registry.npmjs.org/eventsource set size:128214 disposed:false
567 silly fetch manifest fast-deep-equal@^3.1.3
568 silly packumentCache full:https://registry.npmjs.org/fast-deep-equal cache-miss
569 http cache https://registry.npmjs.org/jose 12ms (cache hit)
570 silly packumentCache full:https://registry.npmjs.org/jose set size:1413195 disposed:false
571 silly fetch manifest fast-uri@^3.0.1
572 silly packumentCache full:https://registry.npmjs.org/fast-uri cache-miss
573 http cache https://registry.npmjs.org/hono 19ms (cache hit)
574 silly packumentCache full:https://registry.npmjs.org/hono set size:5794717 disposed:false
575 silly fetch manifest json-schema-traverse@^1.0.0
576 silly packumentCache full:https://registry.npmjs.org/json-schema-traverse cache-miss
577 http cache https://registry.npmjs.org/pkce-challenge 31ms (cache hit)
578 silly packumentCache full:https://registry.npmjs.org/pkce-challenge set size:37734 disposed:false
579 silly fetch manifest require-from-string@^2.0.2
580 silly packumentCache full:https://registry.npmjs.org/require-from-string cache-miss
581 http cache https://registry.npmjs.org/json-schema-typed 33ms (cache hit)
582 silly packumentCache full:https://registry.npmjs.org/json-schema-typed set size:26165 disposed:false
583 silly fetch manifest async@^3.2.4
584 silly packumentCache full:https://registry.npmjs.org/async cache-miss
585 http cache https://registry.npmjs.org/eventsource-parser 37ms (cache hit)
586 silly packumentCache full:https://registry.npmjs.org/eventsource-parser set size:78018 disposed:false
587 silly fetch manifest tar-stream@^3.0.0
588 silly packumentCache full:https://registry.npmjs.org/tar-stream cache-miss
589 http cache https://registry.npmjs.org/fast-deep-equal 25ms (cache hit)
590 silly packumentCache full:https://registry.npmjs.org/fast-deep-equal set size:48634 disposed:false
591 silly fetch manifest zip-stream@^6.0.1
592 silly packumentCache full:https://registry.npmjs.org/zip-stream cache-miss
593 http cache https://registry.npmjs.org/raw-body 31ms (cache hit)
594 silly packumentCache full:https://registry.npmjs.org/raw-body set size:117822 disposed:false
595 silly fetch manifest buffer-crc32@^1.0.0
596 silly packumentCache full:https://registry.npmjs.org/buffer-crc32 cache-miss
597 http cache https://registry.npmjs.org/event-target-shim 27ms (cache hit)
598 silly packumentCache full:https://registry.npmjs.org/event-target-shim set size:103601 disposed:false
599 silly fetch manifest readdir-glob@^1.1.2
600 silly packumentCache full:https://registry.npmjs.org/readdir-glob cache-miss
601 http cache https://registry.npmjs.org/fast-uri 23ms (cache hit)
602 silly packumentCache full:https://registry.npmjs.org/fast-uri set size:68147 disposed:false
603 silly fetch manifest archiver-utils@^5.0.2
604 silly packumentCache full:https://registry.npmjs.org/archiver-utils cache-miss
605 http cache https://registry.npmjs.org/require-from-string 5ms (cache hit)
606 silly packumentCache full:https://registry.npmjs.org/require-from-string set size:15128 disposed:false
607 silly fetch manifest readable-stream@^4.0.0
608 silly packumentCache full:https://registry.npmjs.org/readable-stream cache-miss
609 http cache https://registry.npmjs.org/json-schema-traverse 5ms (cache hit)
610 silly packumentCache full:https://registry.npmjs.org/json-schema-traverse set size:23537 disposed:false
611 silly fetch manifest bytes@~3.1.2
612 silly packumentCache full:https://registry.npmjs.org/bytes cache-miss
613 http cache https://registry.npmjs.org/zod 33ms (cache hit)
614 silly packumentCache full:https://registry.npmjs.org/zod set size:3552562 disposed:false
615 silly fetch manifest content-type@~1.0.5
616 silly packumentCache full:https://registry.npmjs.org/content-type cache-hit
617 silly fetch manifest debug@2.6.9
618 silly packumentCache full:https://registry.npmjs.org/debug cache-miss
619 http cache https://registry.npmjs.org/tar-stream 13ms (cache hit)
620 silly packumentCache full:https://registry.npmjs.org/tar-stream set size:137875 disposed:false
621 silly fetch manifest depd@2.0.0
622 silly packumentCache full:https://registry.npmjs.org/depd cache-miss
623 http cache https://registry.npmjs.org/async 15ms (cache hit)
624 silly packumentCache full:https://registry.npmjs.org/async set size:230496 disposed:false
625 silly fetch manifest destroy@~1.2.0
626 silly packumentCache full:https://registry.npmjs.org/destroy cache-miss
627 http cache https://registry.npmjs.org/buffer-crc32 14ms (cache hit)
628 silly packumentCache full:https://registry.npmjs.org/buffer-crc32 set size:58100 disposed:false
629 silly fetch manifest http-errors@~2.0.1
630 silly packumentCache full:https://registry.npmjs.org/http-errors cache-miss
631 http cache https://registry.npmjs.org/zip-stream 16ms (cache hit)
632 silly packumentCache full:https://registry.npmjs.org/zip-stream set size:109574 disposed:false
633 silly fetch manifest iconv-lite@~0.4.24
634 silly packumentCache full:https://registry.npmjs.org/iconv-lite cache-miss
635 http cache https://registry.npmjs.org/readdir-glob 14ms (cache hit)
636 silly packumentCache full:https://registry.npmjs.org/readdir-glob set size:30196 disposed:false
637 silly fetch manifest on-finished@~2.4.1
638 silly packumentCache full:https://registry.npmjs.org/on-finished cache-miss
639 http cache https://registry.npmjs.org/archiver-utils 14ms (cache hit)
640 silly packumentCache full:https://registry.npmjs.org/archiver-utils set size:31398 disposed:false
641 silly fetch manifest qs@~6.15.1
642 silly packumentCache full:https://registry.npmjs.org/qs cache-miss
643 http cache https://registry.npmjs.org/readable-stream 15ms (cache hit)
644 silly packumentCache full:https://registry.npmjs.org/readable-stream set size:261096 disposed:false
645 silly fetch manifest raw-body@~2.5.3
646 silly packumentCache full:https://registry.npmjs.org/raw-body cache-hit
647 silly fetch manifest type-is@~1.6.18
648 silly packumentCache full:https://registry.npmjs.org/type-is cache-miss
649 http cache https://registry.npmjs.org/bytes 15ms (cache hit)
650 silly packumentCache full:https://registry.npmjs.org/bytes set size:37018 disposed:false
651 silly fetch manifest unpipe@~1.0.0
652 silly packumentCache full:https://registry.npmjs.org/unpipe cache-miss
653 http cache https://registry.npmjs.org/depd 7ms (cache hit)
654 silly packumentCache full:https://registry.npmjs.org/depd set size:40182 disposed:false
655 silly fetch manifest braces@~3.0.2
656 silly packumentCache full:https://registry.npmjs.org/braces cache-miss
657 http cache https://registry.npmjs.org/debug 9ms (cache hit)
658 silly packumentCache full:https://registry.npmjs.org/debug set size:195840 disposed:false
659 silly fetch manifest is-glob@~4.0.1
660 silly packumentCache full:https://registry.npmjs.org/is-glob cache-miss
661 http cache https://registry.npmjs.org/destroy 6ms (cache hit)
662 silly packumentCache full:https://registry.npmjs.org/destroy set size:15738 disposed:false
663 silly fetch manifest anymatch@~3.1.2
664 silly packumentCache full:https://registry.npmjs.org/anymatch cache-miss
665 http cache https://registry.npmjs.org/on-finished 6ms (cache hit)
666 silly packumentCache full:https://registry.npmjs.org/on-finished set size:23212 disposed:false
667 silly fetch manifest readdirp@~3.6.0
668 silly packumentCache full:https://registry.npmjs.org/readdirp cache-miss
669 http cache https://registry.npmjs.org/iconv-lite 6ms (cache hit)
670 silly packumentCache full:https://registry.npmjs.org/iconv-lite set size:120557 disposed:false
671 silly fetch manifest glob-parent@~5.1.2
672 silly packumentCache full:https://registry.npmjs.org/glob-parent cache-miss
673 http cache https://registry.npmjs.org/http-errors 8ms (cache hit)
674 silly packumentCache full:https://registry.npmjs.org/http-errors set size:71987 disposed:false
675 silly fetch manifest is-binary-path@~2.1.0
676 silly packumentCache full:https://registry.npmjs.org/is-binary-path cache-miss
677 http cache https://registry.npmjs.org/qs 6ms (cache hit)
678 silly packumentCache full:https://registry.npmjs.org/qs set size:356906 disposed:false
679 silly fetch manifest normalize-path@~3.0.0
680 silly packumentCache full:https://registry.npmjs.org/normalize-path cache-miss
681 http cache https://registry.npmjs.org/unpipe 7ms (cache hit)
682 silly packumentCache full:https://registry.npmjs.org/unpipe set size:3609 disposed:false
683 silly fetch manifest fsevents@~2.3.2
684 silly packumentCache full:https://registry.npmjs.org/fsevents cache-miss
685 http cache https://registry.npmjs.org/type-is 7ms (cache hit)
686 silly packumentCache full:https://registry.npmjs.org/type-is set size:88614 disposed:false
687 silly fetch manifest json-parse-helpfulerror@^1.0.3
688 silly packumentCache full:https://registry.npmjs.org/json-parse-helpfulerror cache-miss
689 http cache https://registry.npmjs.org/is-glob 6ms (cache hit)
690 silly packumentCache full:https://registry.npmjs.org/is-glob set size:40530 disposed:false
691 silly fetch manifest string-width@^4.2.0
692 silly packumentCache full:https://registry.npmjs.org/string-width cache-miss
693 http cache https://registry.npmjs.org/braces 7ms (cache hit)
694 silly packumentCache full:https://registry.npmjs.org/braces set size:114529 disposed:false
695 silly fetch manifest @colors/colors@1.5.0
696 silly packumentCache full:https://registry.npmjs.org/@colors%2fcolors cache-miss
697 http cache https://registry.npmjs.org/anymatch 7ms (cache hit)
698 silly packumentCache full:https://registry.npmjs.org/anymatch set size:42974 disposed:false
699 silly fetch manifest dot-prop@^5.2.0
700 silly packumentCache full:https://registry.npmjs.org/dot-prop cache-miss
701 http cache https://registry.npmjs.org/readdirp 7ms (cache hit)
702 silly packumentCache full:https://registry.npmjs.org/readdirp set size:107589 disposed:false
703 silly fetch manifest make-dir@^3.0.0
704 silly packumentCache full:https://registry.npmjs.org/make-dir cache-miss
705 http cache https://registry.npmjs.org/glob-parent 6ms (cache hit)
706 silly packumentCache full:https://registry.npmjs.org/glob-parent set size:42445 disposed:false
707 silly fetch manifest graceful-fs@^4.1.2
708 silly packumentCache full:https://registry.npmjs.org/graceful-fs cache-miss
709 http cache https://registry.npmjs.org/is-binary-path 7ms (cache hit)
710 silly packumentCache full:https://registry.npmjs.org/is-binary-path set size:13475 disposed:false
711 silly fetch manifest xdg-basedir@^4.0.0
712 silly packumentCache full:https://registry.npmjs.org/xdg-basedir cache-miss
713 http cache https://registry.npmjs.org/normalize-path 5ms (cache hit)
714 silly packumentCache full:https://registry.npmjs.org/normalize-path set size:28713 disposed:false
715 silly fetch manifest unique-string@^2.0.0
716 silly packumentCache full:https://registry.npmjs.org/unique-string cache-miss
717 http cache https://registry.npmjs.org/json-parse-helpfulerror 4ms (cache hit)
718 silly packumentCache full:https://registry.npmjs.org/json-parse-helpfulerror set size:6012 disposed:false
719 silly fetch manifest write-file-atomic@^3.0.0
720 silly packumentCache full:https://registry.npmjs.org/write-file-atomic cache-miss
721 http cache https://registry.npmjs.org/fsevents 6ms (cache hit)
722 silly packumentCache full:https://registry.npmjs.org/fsevents set size:182472 disposed:false
723 silly fetch manifest object-assign@^4
724 silly packumentCache full:https://registry.npmjs.org/object-assign cache-miss
725 http cache https://registry.npmjs.org/string-width 6ms (cache hit)
726 silly packumentCache full:https://registry.npmjs.org/string-width set size:70381 disposed:false
727 silly fetch manifest vary@^1
728 silly packumentCache full:https://registry.npmjs.org/vary cache-miss
729 http cache https://registry.npmjs.org/@colors%2fcolors 5ms (cache hit)
730 silly packumentCache full:https://registry.npmjs.org/@colors%2fcolors set size:12042 disposed:false
731 silly fetch manifest cross-spawn@^7.0.1
732 silly packumentCache full:https://registry.npmjs.org/cross-spawn cache-hit
733 silly fetch manifest which@^2.0.1
734 silly packumentCache full:https://registry.npmjs.org/which cache-miss
735 http cache https://registry.npmjs.org/dot-prop 6ms (cache hit)
736 silly packumentCache full:https://registry.npmjs.org/dot-prop set size:74769 disposed:false
737 silly fetch manifest path-key@^3.1.0
738 silly packumentCache full:https://registry.npmjs.org/path-key cache-miss
739 http cache https://registry.npmjs.org/make-dir 5ms (cache hit)
740 silly packumentCache full:https://registry.npmjs.org/make-dir set size:34889 disposed:false
741 silly fetch manifest shebang-command@^2.0.0
742 silly packumentCache full:https://registry.npmjs.org/shebang-command cache-miss
743 http cache https://registry.npmjs.org/graceful-fs 5ms (cache hit)
744 silly packumentCache full:https://registry.npmjs.org/graceful-fs set size:124285 disposed:false
745 silly fetch manifest sort-any@^4.0.0
746 silly packumentCache full:https://registry.npmjs.org/sort-any cache-miss
747 http cache https://registry.npmjs.org/xdg-basedir 5ms (cache hit)
748 silly packumentCache full:https://registry.npmjs.org/xdg-basedir set size:19771 disposed:false
749 silly fetch manifest @apidevtools/json-schema-ref-parser@^9.0.3
750 silly packumentCache full:https://registry.npmjs.org/@apidevtools%2fjson-schema-ref-parser cache-miss
751 http cache https://registry.npmjs.org/object-assign 5ms (cache hit)
752 silly packumentCache full:https://registry.npmjs.org/object-assign set size:28988 disposed:false
753 silly fetch manifest ajv-formats@^2.1.0
754 silly packumentCache full:https://registry.npmjs.org/ajv-formats cache-hit
755 silly fetch manifest content-type@^1.0.4
756 silly packumentCache full:https://registry.npmjs.org/content-type cache-hit
757 silly fetch manifest deep-freeze@0.0.1
758 silly packumentCache full:https://registry.npmjs.org/deep-freeze cache-miss
759 http cache https://registry.npmjs.org/write-file-atomic 6ms (cache hit)
760 silly packumentCache full:https://registry.npmjs.org/write-file-atomic set size:82777 disposed:false
761 silly fetch manifest events-listener@^1.1.0
762 silly packumentCache full:https://registry.npmjs.org/events-listener cache-miss
763 http cache https://registry.npmjs.org/unique-string 7ms (cache hit)
764 silly packumentCache full:https://registry.npmjs.org/unique-string set size:8164 disposed:false
765 silly fetch manifest glob@^10.3.10
766 silly packumentCache full:https://registry.npmjs.org/glob cache-hit
767 silly fetch manifest json-ptr@^3.0.1
768 silly packumentCache full:https://registry.npmjs.org/json-ptr cache-miss
769 http cache https://registry.npmjs.org/vary 6ms (cache hit)
770 silly packumentCache full:https://registry.npmjs.org/vary set size:15994 disposed:false
771 silly fetch manifest lodash@^4.17.11
772 silly packumentCache full:https://registry.npmjs.org/lodash cache-hit
773 silly fetch manifest openapi3-ts@^3.1.1
774 silly packumentCache full:https://registry.npmjs.org/openapi3-ts cache-miss
775 http cache https://registry.npmjs.org/which 5ms (cache hit)
776 silly packumentCache full:https://registry.npmjs.org/which set size:70143 disposed:false
777 silly fetch manifest promise-breaker@^6.0.0
778 silly packumentCache full:https://registry.npmjs.org/promise-breaker cache-miss
779 http cache https://registry.npmjs.org/shebang-command 6ms (cache hit)
780 silly packumentCache full:https://registry.npmjs.org/shebang-command set size:8525 disposed:false
781 silly fetch manifest qs@^6.6.0
782 silly packumentCache full:https://registry.npmjs.org/qs cache-hit
783 silly fetch manifest raw-body@^2.3.3
784 silly packumentCache full:https://registry.npmjs.org/raw-body cache-hit
785 silly fetch manifest semver@^7.0.0
786 silly packumentCache full:https://registry.npmjs.org/semver cache-hit
787 silly fetch manifest etag@~1.8.1
788 silly packumentCache full:https://registry.npmjs.org/etag cache-miss
789 http cache https://registry.npmjs.org/path-key 6ms (cache hit)
790 silly packumentCache full:https://registry.npmjs.org/path-key set size:16975 disposed:false
791 silly fetch manifest send@~0.19.0
792 silly packumentCache full:https://registry.npmjs.org/send cache-miss
793 http cache https://registry.npmjs.org/sort-any 6ms (cache hit)
794 silly packumentCache full:https://registry.npmjs.org/sort-any set size:125469 disposed:false
795 silly fetch manifest vary@~1.1.2
796 silly packumentCache full:https://registry.npmjs.org/vary cache-hit
797 silly fetch manifest fresh@~0.5.2
798 silly packumentCache full:https://registry.npmjs.org/fresh cache-miss
799 http cache https://registry.npmjs.org/@apidevtools%2fjson-schema-ref-parser 6ms (cache hit)
800 silly packumentCache full:https://registry.npmjs.org/@apidevtools%2fjson-schema-ref-parser set size:296986 disposed:false
801 silly fetch manifest cookie@~0.7.1
802 silly packumentCache full:https://registry.npmjs.org/cookie cache-miss
803 http cache https://registry.npmjs.org/deep-freeze 12ms (cache hit)
804 silly packumentCache full:https://registry.npmjs.org/deep-freeze set size:3226 disposed:false
805 silly fetch manifest accepts@~1.3.8
806 silly packumentCache full:https://registry.npmjs.org/accepts cache-miss
807 http cache https://registry.npmjs.org/events-listener 11ms (cache hit)
808 silly packumentCache full:https://registry.npmjs.org/events-listener set size:11001 disposed:false
809 silly fetch manifest methods@~1.1.2
810 silly packumentCache full:https://registry.npmjs.org/methods cache-miss
811 http cache https://registry.npmjs.org/json-ptr 11ms (cache hit)
812 silly packumentCache full:https://registry.npmjs.org/json-ptr set size:1448490 disposed:false
813 silly fetch manifest parseurl@~1.3.3
814 silly packumentCache full:https://registry.npmjs.org/parseurl cache-miss
815 http cache https://registry.npmjs.org/promise-breaker 14ms (cache hit)
816 silly packumentCache full:https://registry.npmjs.org/promise-breaker set size:69947 disposed:false
817 silly fetch manifest statuses@~2.0.1
818 silly packumentCache full:https://registry.npmjs.org/statuses cache-miss
819 http cache https://registry.npmjs.org/etag 13ms (cache hit)
820 silly packumentCache full:https://registry.npmjs.org/etag set size:30032 disposed:false
821 silly fetch manifest encodeurl@~2.0.0
822 silly packumentCache full:https://registry.npmjs.org/encodeurl cache-miss
823 http cache https://registry.npmjs.org/openapi3-ts 15ms (cache hit)
824 silly packumentCache full:https://registry.npmjs.org/openapi3-ts set size:156424 disposed:false
825 silly fetch manifest proxy-addr@~2.0.7
826 silly packumentCache full:https://registry.npmjs.org/proxy-addr cache-miss
827 http cache https://registry.npmjs.org/send 15ms (cache hit)
828 silly packumentCache full:https://registry.npmjs.org/send set size:152810 disposed:false
829 silly fetch manifest escape-html@~1.0.3
830 silly packumentCache full:https://registry.npmjs.org/escape-html cache-miss
831 http cache https://registry.npmjs.org/cookie 13ms (cache hit)
832 silly packumentCache full:https://registry.npmjs.org/cookie set size:72891 disposed:false
833 silly fetch manifest http-errors@~2.0.0
834 silly packumentCache full:https://registry.npmjs.org/http-errors cache-hit
835 silly fetch manifest safe-buffer@5.2.1
836 silly packumentCache full:https://registry.npmjs.org/safe-buffer cache-miss
837 http cache https://registry.npmjs.org/fresh 15ms (cache hit)
838 silly packumentCache full:https://registry.npmjs.org/fresh set size:25427 disposed:false
839 silly fetch manifest utils-merge@1.0.1
840 silly packumentCache full:https://registry.npmjs.org/utils-merge cache-miss
841 http cache https://registry.npmjs.org/methods 9ms (cache hit)
842 silly packumentCache full:https://registry.npmjs.org/methods set size:12600 disposed:false
843 silly fetch manifest content-type@~1.0.4
844 silly packumentCache full:https://registry.npmjs.org/content-type cache-hit
845 silly fetch manifest finalhandler@~1.3.1
846 silly packumentCache full:https://registry.npmjs.org/finalhandler cache-miss
847 http cache https://registry.npmjs.org/accepts 9ms (cache hit)
848 silly packumentCache full:https://registry.npmjs.org/accepts set size:77054 disposed:false
849 silly fetch manifest range-parser@~1.2.1
850 silly packumentCache full:https://registry.npmjs.org/range-parser cache-miss
851 http cache https://registry.npmjs.org/parseurl 6ms (cache hit)
852 silly packumentCache full:https://registry.npmjs.org/parseurl set size:24148 disposed:false
853 silly fetch manifest serve-static@~1.16.2
854 silly packumentCache full:https://registry.npmjs.org/serve-static cache-miss
855 http cache https://registry.npmjs.org/proxy-addr 4ms (cache hit)
856 silly packumentCache full:https://registry.npmjs.org/proxy-addr set size:61619 disposed:false
857 silly fetch manifest array-flatten@1.1.1
858 silly packumentCache full:https://registry.npmjs.org/array-flatten cache-miss
859 http cache https://registry.npmjs.org/statuses 6ms (cache hit)
860 silly packumentCache full:https://registry.npmjs.org/statuses set size:37117 disposed:false
861 silly fetch manifest path-to-regexp@~0.1.12
862 silly packumentCache full:https://registry.npmjs.org/path-to-regexp cache-miss
863 http cache https://registry.npmjs.org/encodeurl 6ms (cache hit)
864 silly packumentCache full:https://registry.npmjs.org/encodeurl set size:12296 disposed:false
865 silly fetch manifest setprototypeof@1.2.0
866 silly packumentCache full:https://registry.npmjs.org/setprototypeof cache-miss
867 http cache https://registry.npmjs.org/escape-html 4ms (cache hit)
868 silly packumentCache full:https://registry.npmjs.org/escape-html set size:7345 disposed:false
869 silly fetch manifest cookie-signature@~1.0.6
870 silly packumentCache full:https://registry.npmjs.org/cookie-signature cache-miss
871 http cache https://registry.npmjs.org/safe-buffer 5ms (cache hit)
872 silly packumentCache full:https://registry.npmjs.org/safe-buffer set size:41183 disposed:false
873 silly fetch manifest merge-descriptors@1.0.3
874 silly packumentCache full:https://registry.npmjs.org/merge-descriptors cache-miss
875 http cache https://registry.npmjs.org/utils-merge 5ms (cache hit)
876 silly packumentCache full:https://registry.npmjs.org/utils-merge set size:5237 disposed:false
877 silly fetch manifest content-disposition@~0.5.4
878 silly packumentCache full:https://registry.npmjs.org/content-disposition cache-miss
879 http cache https://registry.npmjs.org/finalhandler 6ms (cache hit)
880 silly packumentCache full:https://registry.npmjs.org/finalhandler set size:79291 disposed:false
881 silly fetch manifest asynckit@^0.4.0
882 silly packumentCache full:https://registry.npmjs.org/asynckit cache-miss
883 http cache https://registry.npmjs.org/range-parser 5ms (cache hit)
884 silly packumentCache full:https://registry.npmjs.org/range-parser set size:22228 disposed:false
885 silly fetch manifest combined-stream@^1.0.8
886 silly packumentCache full:https://registry.npmjs.org/combined-stream cache-miss
887 http cache https://registry.npmjs.org/serve-static 5ms (cache hit)
888 silly packumentCache full:https://registry.npmjs.org/serve-static set size:150391 disposed:false
889 silly fetch manifest es-set-tostringtag@^2.1.0
890 silly packumentCache full:https://registry.npmjs.org/es-set-tostringtag cache-miss
891 http cache https://registry.npmjs.org/array-flatten 5ms (cache hit)
892 silly packumentCache full:https://registry.npmjs.org/array-flatten set size:24005 disposed:false
893 silly fetch manifest hasown@^2.0.2
894 silly packumentCache full:https://registry.npmjs.org/hasown cache-miss
895 http cache https://registry.npmjs.org/path-to-regexp 5ms (cache hit)
896 silly packumentCache full:https://registry.npmjs.org/path-to-regexp set size:216334 disposed:false
897 silly fetch manifest mime-types@^2.1.12
898 silly packumentCache full:https://registry.npmjs.org/mime-types cache-miss
899 http cache https://registry.npmjs.org/setprototypeof 6ms (cache hit)
900 silly packumentCache full:https://registry.npmjs.org/setprototypeof set size:14532 disposed:false
901 silly fetch manifest jsonfile@^6.0.1
902 silly packumentCache full:https://registry.npmjs.org/jsonfile cache-miss
903 http cache https://registry.npmjs.org/content-disposition 7ms (cache hit)
904 silly packumentCache full:https://registry.npmjs.org/content-disposition set size:42862 disposed:false
905 silly fetch manifest graceful-fs@^4.2.0
906 silly packumentCache full:https://registry.npmjs.org/graceful-fs cache-hit
907 silly fetch manifest universalify@^2.0.0
908 silly packumentCache full:https://registry.npmjs.org/universalify cache-miss
909 http cache https://registry.npmjs.org/combined-stream 5ms (cache hit)
910 silly packumentCache full:https://registry.npmjs.org/combined-stream set size:40337 disposed:false
911 silly fetch manifest uuid@^9.0.1
912 silly packumentCache full:https://registry.npmjs.org/uuid cache-hit
913 silly fetch manifest is-stream@^2.0.0
914 silly packumentCache full:https://registry.npmjs.org/is-stream cache-miss
915 http cache https://registry.npmjs.org/asynckit 5ms (cache hit)
916 silly packumentCache full:https://registry.npmjs.org/asynckit set size:18932 disposed:false
917 silly fetch manifest node-fetch@^2.6.9
918 silly packumentCache full:https://registry.npmjs.org/node-fetch cache-hit
919 silly fetch manifest https-proxy-agent@^7.0.1
920 silly packumentCache full:https://registry.npmjs.org/https-proxy-agent cache-miss
921 http cache https://registry.npmjs.org/merge-descriptors 8ms (cache hit)
922 silly packumentCache full:https://registry.npmjs.org/merge-descriptors set size:16527 disposed:false
923 silly fetch manifest minipass@^7.1.2
924 silly packumentCache full:https://registry.npmjs.org/minipass cache-miss
925 http cache https://registry.npmjs.org/cookie-signature 9ms (cache hit)
926 silly packumentCache full:https://registry.npmjs.org/cookie-signature set size:21777 disposed:false
927 silly fetch manifest jackspeak@^3.1.2
928 silly packumentCache full:https://registry.npmjs.org/jackspeak cache-miss
929 http cache https://registry.npmjs.org/es-set-tostringtag 5ms (cache hit)
930 silly packumentCache full:https://registry.npmjs.org/es-set-tostringtag set size:22094 disposed:false
931 silly fetch manifest minimatch@^9.0.4
932 silly packumentCache full:https://registry.npmjs.org/minimatch cache-hit
933 silly fetch manifest path-scurry@^1.11.1
934 silly packumentCache full:https://registry.npmjs.org/path-scurry cache-miss
935 http cache https://registry.npmjs.org/hasown 5ms (cache hit)
936 silly packumentCache full:https://registry.npmjs.org/hasown set size:18361 disposed:false
937 silly fetch manifest foreground-child@^3.1.0
938 silly packumentCache full:https://registry.npmjs.org/foreground-child cache-miss
939 http cache https://registry.npmjs.org/mime-types 5ms (cache hit)
940 silly packumentCache full:https://registry.npmjs.org/mime-types set size:139110 disposed:false
941 silly fetch manifest package-json-from-dist@^1.0.0
942 silly packumentCache full:https://registry.npmjs.org/package-json-from-dist cache-miss
943 http cache https://registry.npmjs.org/jsonfile 6ms (cache hit)
944 silly packumentCache full:https://registry.npmjs.org/jsonfile set size:53210 disposed:false
945 silly fetch manifest jws@^4.0.0
946 silly packumentCache full:https://registry.npmjs.org/jws cache-miss
947 http cache https://registry.npmjs.org/universalify 5ms (cache hit)
948 silly packumentCache full:https://registry.npmjs.org/universalify set size:19431 disposed:false
949 silly fetch manifest gtoken@^7.0.0
950 silly packumentCache full:https://registry.npmjs.org/gtoken cache-miss
951 http cache https://registry.npmjs.org/is-stream 5ms (cache hit)
952 silly packumentCache full:https://registry.npmjs.org/is-stream set size:18582 disposed:false
953 silly fetch manifest base64-js@^1.3.0
954 silly packumentCache full:https://registry.npmjs.org/base64-js cache-miss
955 http cache https://registry.npmjs.org/minipass 5ms (cache hit)
956 silly packumentCache full:https://registry.npmjs.org/minipass set size:276925 disposed:false
957 silly fetch manifest gcp-metadata@^6.1.0
958 silly packumentCache full:https://registry.npmjs.org/gcp-metadata cache-miss
959 http cache https://registry.npmjs.org/path-scurry 5ms (cache hit)
960 silly packumentCache full:https://registry.npmjs.org/path-scurry set size:117612 disposed:false
961 silly fetch manifest ecdsa-sig-formatter@^1.0.11
962 silly packumentCache full:https://registry.npmjs.org/ecdsa-sig-formatter cache-miss
963 http cache https://registry.npmjs.org/https-proxy-agent 6ms (cache hit)
964 silly packumentCache full:https://registry.npmjs.org/https-proxy-agent set size:81258 disposed:false
965 silly fetch manifest esprima@^4.0.0
966 silly packumentCache full:https://registry.npmjs.org/esprima cache-miss
967 http cache https://registry.npmjs.org/jackspeak 7ms (cache hit)
968 silly packumentCache full:https://registry.npmjs.org/jackspeak set size:204267 disposed:false
969 silly fetch manifest argparse@^1.0.7
970 silly packumentCache full:https://registry.npmjs.org/argparse cache-miss
971 http cache https://registry.npmjs.org/foreground-child 6ms (cache hit)
972 silly packumentCache full:https://registry.npmjs.org/foreground-child set size:71503 disposed:false
973 silly fetch manifest ms@^2.1.1
974 silly packumentCache full:https://registry.npmjs.org/ms cache-miss
975 http cache https://registry.npmjs.org/package-json-from-dist 7ms (cache hit)
976 silly packumentCache full:https://registry.npmjs.org/package-json-from-dist set size:8854 disposed:false
977 silly fetch manifest jws@^4.0.1
978 silly packumentCache full:https://registry.npmjs.org/jws cache-miss
979 http cache https://registry.npmjs.org/jws 7ms (cache hit)
980 silly packumentCache full:https://registry.npmjs.org/jws set size:48919 disposed:false
981 silly fetch manifest semver@^7.5.4
982 silly packumentCache full:https://registry.npmjs.org/semver cache-hit
983 silly fetch manifest lodash.once@^4.0.0
984 silly packumentCache full:https://registry.npmjs.org/lodash.once cache-miss
985 http cache https://registry.npmjs.org/gtoken 7ms (cache hit)
986 silly packumentCache full:https://registry.npmjs.org/gtoken set size:155604 disposed:false
987 silly fetch manifest lodash.includes@^4.3.0
988 silly packumentCache full:https://registry.npmjs.org/lodash.includes cache-miss
989 http cache https://registry.npmjs.org/base64-js 8ms (cache hit)
990 silly packumentCache full:https://registry.npmjs.org/base64-js set size:41270 disposed:false
991 silly fetch manifest lodash.isnumber@^3.0.3
992 silly packumentCache full:https://registry.npmjs.org/lodash.isnumber cache-miss
993 http cache https://registry.npmjs.org/esprima 5ms (cache hit)
994 silly packumentCache full:https://registry.npmjs.org/esprima set size:118410 disposed:false
995 silly fetch manifest lodash.isstring@^4.0.1
996 silly packumentCache full:https://registry.npmjs.org/lodash.isstring cache-miss
997 http cache https://registry.npmjs.org/ecdsa-sig-formatter 7ms (cache hit)
998 silly packumentCache full:https://registry.npmjs.org/ecdsa-sig-formatter set size:23546 disposed:false
999 silly fetch manifest lodash.isboolean@^3.0.3
1000 silly packumentCache full:https://registry.npmjs.org/lodash.isboolean cache-miss
1001 http cache https://registry.npmjs.org/gcp-metadata 7ms (cache hit)
1002 silly packumentCache full:https://registry.npmjs.org/gcp-metadata set size:191448 disposed:false
1003 silly fetch manifest lodash.isinteger@^4.0.4
1004 silly packumentCache full:https://registry.npmjs.org/lodash.isinteger cache-miss
1005 http cache https://registry.npmjs.org/argparse 6ms (cache hit)
1006 silly packumentCache full:https://registry.npmjs.org/argparse set size:49266 disposed:false
1007 silly fetch manifest lodash.isplainobject@^4.0.6
1008 silly packumentCache full:https://registry.npmjs.org/lodash.isplainobject cache-miss
1009 http cache https://registry.npmjs.org/jws 6ms (cache hit)
1010 silly packumentCache full:https://registry.npmjs.org/jws set size:48919 disposed:false
1011 silly packumentCache full:https://registry.npmjs.org/jws dispose
1012 silly fetch manifest libsodium@^0.7.16
1013 silly packumentCache full:https://registry.npmjs.org/libsodium cache-miss
1014 http cache https://registry.npmjs.org/ms 6ms (cache hit)
1015 silly packumentCache full:https://registry.npmjs.org/ms set size:92208 disposed:false
1016 silly fetch manifest ansi-escapes@^7.0.0
1017 silly packumentCache full:https://registry.npmjs.org/ansi-escapes cache-miss
1018 http cache https://registry.npmjs.org/lodash.once 6ms (cache hit)
1019 silly packumentCache full:https://registry.npmjs.org/lodash.once set size:23407 disposed:false
1020 silly fetch manifest ansi-regex@^6.1.0
1021 silly packumentCache full:https://registry.npmjs.org/ansi-regex cache-miss
1022 http cache https://registry.npmjs.org/lodash.includes 6ms (cache hit)
1023 silly packumentCache full:https://registry.npmjs.org/lodash.includes set size:27594 disposed:false
1024 silly fetch manifest chalk@^5.4.1
1025 silly packumentCache full:https://registry.npmjs.org/chalk cache-miss
1026 http cache https://registry.npmjs.org/lodash.isnumber 5ms (cache hit)
1027 silly packumentCache full:https://registry.npmjs.org/lodash.isnumber set size:21368 disposed:false
1028 silly fetch manifest cli-highlight@^2.1.11
1029 silly packumentCache full:https://registry.npmjs.org/cli-highlight cache-miss
1030 http cache https://registry.npmjs.org/lodash.isinteger 4ms (cache hit)
1031 silly packumentCache full:https://registry.npmjs.org/lodash.isinteger set size:10827 disposed:false
1032 silly fetch manifest node-emoji@^2.2.0
1033 silly packumentCache full:https://registry.npmjs.org/node-emoji cache-miss
1034 http cache https://registry.npmjs.org/lodash.isboolean 5ms (cache hit)
1035 silly packumentCache full:https://registry.npmjs.org/lodash.isboolean set size:21437 disposed:false
1036 silly fetch manifest supports-hyperlinks@^3.1.0
1037 silly packumentCache full:https://registry.npmjs.org/supports-hyperlinks cache-miss
1038 http cache https://registry.npmjs.org/lodash.isstring 6ms (cache hit)
1039 silly packumentCache full:https://registry.npmjs.org/lodash.isstring set size:21368 disposed:false
1040 silly fetch manifest brace-expansion@^1.1.7
1041 silly packumentCache full:https://registry.npmjs.org/brace-expansion cache-miss
1042 http cache https://registry.npmjs.org/lodash.isplainobject 4ms (cache hit)
1043 silly packumentCache full:https://registry.npmjs.org/lodash.isplainobject set size:38531 disposed:false
1044 silly fetch manifest basic-auth@~2.0.1
1045 silly packumentCache full:https://registry.npmjs.org/basic-auth cache-miss
1046 http cache https://registry.npmjs.org/libsodium 4ms (cache hit)
1047 silly packumentCache full:https://registry.npmjs.org/libsodium set size:89062 disposed:false
1048 silly fetch manifest depd@~2.0.0
1049 silly packumentCache full:https://registry.npmjs.org/depd cache-hit
1050 silly fetch manifest on-headers@~1.1.0
1051 silly packumentCache full:https://registry.npmjs.org/on-headers cache-miss
1052 http cache https://registry.npmjs.org/ansi-escapes 4ms (cache hit)
1053 silly packumentCache full:https://registry.npmjs.org/ansi-escapes set size:70915 disposed:false
1054 silly fetch manifest whatwg-url@^5.0.0
1055 silly packumentCache full:https://registry.npmjs.org/whatwg-url cache-miss
1056 http cache https://registry.npmjs.org/ansi-regex 4ms (cache hit)
1057 silly packumentCache full:https://registry.npmjs.org/ansi-regex set size:43572 disposed:false
1058 silly fetch manifest is-wsl@^1.1.0
1059 silly packumentCache full:https://registry.npmjs.org/is-wsl cache-miss
1060 http cache https://registry.npmjs.org/chalk 4ms (cache hit)
1061 silly packumentCache full:https://registry.npmjs.org/chalk set size:117861 disposed:false
1062 silly fetch manifest bl@^4.1.0
1063 silly packumentCache full:https://registry.npmjs.org/bl cache-miss
1064 http cache https://registry.npmjs.org/cli-highlight 5ms (cache hit)
1065 silly packumentCache full:https://registry.npmjs.org/cli-highlight set size:82544 disposed:false
1066 silly fetch manifest chalk@^4.1.0
1067 silly packumentCache full:https://registry.npmjs.org/chalk cache-hit
1068 silly fetch manifest wcwidth@^1.0.1
1069 silly packumentCache full:https://registry.npmjs.org/wcwidth cache-miss
1070 http cache https://registry.npmjs.org/node-emoji 5ms (cache hit)
1071 silly packumentCache full:https://registry.npmjs.org/node-emoji set size:88366 disposed:false
1072 silly fetch manifest cli-cursor@^3.1.0
1073 silly packumentCache full:https://registry.npmjs.org/cli-cursor cache-miss
1074 http cache https://registry.npmjs.org/supports-hyperlinks 6ms (cache hit)
1075 silly packumentCache full:https://registry.npmjs.org/supports-hyperlinks set size:36220 disposed:false
1076 silly fetch manifest strip-ansi@^6.0.0
1077 silly packumentCache full:https://registry.npmjs.org/strip-ansi cache-miss
1078 http cache https://registry.npmjs.org/basic-auth 7ms (cache hit)
1079 silly packumentCache full:https://registry.npmjs.org/basic-auth set size:21757 disposed:false
1080 silly fetch manifest log-symbols@^4.1.0
1081 silly packumentCache full:https://registry.npmjs.org/log-symbols cache-miss
1082 http cache https://registry.npmjs.org/brace-expansion 7ms (cache hit)
1083 silly packumentCache full:https://registry.npmjs.org/brace-expansion set size:72152 disposed:false
1084 silly fetch manifest cli-spinners@^2.5.0
1085 silly packumentCache full:https://registry.npmjs.org/cli-spinners cache-miss
1086 http cache https://registry.npmjs.org/on-headers 6ms (cache hit)
1087 silly packumentCache full:https://registry.npmjs.org/on-headers set size:13226 disposed:false
1088 silly fetch manifest is-interactive@^1.0.0
1089 silly packumentCache full:https://registry.npmjs.org/is-interactive cache-miss
1090 http cache https://registry.npmjs.org/is-wsl 5ms (cache hit)
1091 silly packumentCache full:https://registry.npmjs.org/is-wsl set size:20683 disposed:false
1092 silly fetch manifest is-unicode-supported@^0.1.0
1093 silly packumentCache full:https://registry.npmjs.org/is-unicode-supported cache-miss
1094 http cache https://registry.npmjs.org/whatwg-url 7ms (cache hit)
1095 silly packumentCache full:https://registry.npmjs.org/whatwg-url set size:170765 disposed:false
1096 silly fetch manifest yocto-queue@^0.1.0
1097 silly packumentCache full:https://registry.npmjs.org/yocto-queue cache-miss
1098 http cache https://registry.npmjs.org/bl 6ms (cache hit)
1099 silly packumentCache full:https://registry.npmjs.org/bl set size:199280 disposed:false
1100 silly fetch manifest pg-connection-string@^2.13.0
1101 silly packumentCache full:https://registry.npmjs.org/pg-connection-string cache-miss
1102 http cache https://registry.npmjs.org/wcwidth 6ms (cache hit)
1103 silly packumentCache full:https://registry.npmjs.org/wcwidth set size:5904 disposed:false
1104 silly fetch manifest pg-pool@^3.14.0
1105 silly packumentCache full:https://registry.npmjs.org/pg-pool cache-miss
1106 http cache https://registry.npmjs.org/cli-cursor 5ms (cache hit)
1107 silly packumentCache full:https://registry.npmjs.org/cli-cursor set size:18913 disposed:false
1108 silly fetch manifest pg-protocol@^1.14.0
1109 silly packumentCache full:https://registry.npmjs.org/pg-protocol cache-miss
1110 http cache https://registry.npmjs.org/strip-ansi 6ms (cache hit)
1111 silly packumentCache full:https://registry.npmjs.org/strip-ansi set size:44998 disposed:false
1112 silly fetch manifest pg-types@2.2.0
1113 silly packumentCache full:https://registry.npmjs.org/pg-types cache-miss
1114 http cache https://registry.npmjs.org/log-symbols 6ms (cache hit)
1115 silly packumentCache full:https://registry.npmjs.org/log-symbols set size:31977 disposed:false
1116 silly fetch manifest pgpass@1.0.5
1117 silly packumentCache full:https://registry.npmjs.org/pgpass cache-miss
1118 http cache https://registry.npmjs.org/is-interactive 6ms (cache hit)
1119 silly packumentCache full:https://registry.npmjs.org/is-interactive set size:10692 disposed:false
1120 silly fetch manifest pg-cloudflare@^1.4.0
1121 silly packumentCache full:https://registry.npmjs.org/pg-cloudflare cache-miss
1122 http cache https://registry.npmjs.org/cli-spinners 6ms (cache hit)
1123 silly packumentCache full:https://registry.npmjs.org/cli-spinners set size:67473 disposed:false
1124 silly fetch manifest async@^3.2.6
1125 silly packumentCache full:https://registry.npmjs.org/async cache-hit
1126 silly fetch manifest debug@^4.3.6
1127 silly packumentCache full:https://registry.npmjs.org/debug cache-hit
1128 silly fetch manifest debug@^4.3.4
1129 silly packumentCache full:https://registry.npmjs.org/debug cache-hit
1130 silly fetch manifest lru-cache@^7.14.1
1131 silly packumentCache full:https://registry.npmjs.org/lru-cache cache-miss
1132 http cache https://registry.npmjs.org/is-unicode-supported 7ms (cache hit)
1133 silly packumentCache full:https://registry.npmjs.org/is-unicode-supported set size:19461 disposed:false
1134 silly fetch manifest agent-base@^7.1.2
1135 silly packumentCache full:https://registry.npmjs.org/agent-base cache-miss
1136 http cache https://registry.npmjs.org/pg-connection-string 5ms (cache hit)
1137 silly packumentCache full:https://registry.npmjs.org/pg-connection-string set size:76484 disposed:false
1138 silly fetch manifest proxy-from-env@^1.1.0
1139 silly packumentCache full:https://registry.npmjs.org/proxy-from-env cache-miss
1140 http cache https://registry.npmjs.org/yocto-queue 7ms (cache hit)
1141 silly packumentCache full:https://registry.npmjs.org/yocto-queue set size:20256 disposed:false
1142 silly fetch manifest pac-proxy-agent@^7.1.0
1143 silly packumentCache full:https://registry.npmjs.org/pac-proxy-agent cache-miss
1144 http cache https://registry.npmjs.org/pg-pool 6ms (cache hit)
1145 silly packumentCache full:https://registry.npmjs.org/pg-pool set size:132010 disposed:false
1146 silly fetch manifest http-proxy-agent@^7.0.1
1147 silly packumentCache full:https://registry.npmjs.org/http-proxy-agent cache-miss
1148 http cache https://registry.npmjs.org/pg-protocol 5ms (cache hit)
1149 silly packumentCache full:https://registry.npmjs.org/pg-protocol set size:53427 disposed:false
1150 silly fetch manifest https-proxy-agent@^7.0.6
1151 silly packumentCache full:https://registry.npmjs.org/https-proxy-agent cache-hit
1152 silly fetch manifest socks-proxy-agent@^8.0.5
1153 silly packumentCache full:https://registry.npmjs.org/socks-proxy-agent cache-miss
1154 http cache https://registry.npmjs.org/pg-types 5ms (cache hit)
1155 silly packumentCache full:https://registry.npmjs.org/pg-types set size:51397 disposed:false
1156 silly fetch manifest argparse@^2.0.1
1157 silly packumentCache full:https://registry.npmjs.org/argparse cache-hit
1158 silly fetch manifest nearley@^2.20.1
1159 silly packumentCache full:https://registry.npmjs.org/nearley cache-miss
1160 http cache https://registry.npmjs.org/pgpass 5ms (cache hit)
1161 silly packumentCache full:https://registry.npmjs.org/pgpass set size:26739 disposed:false
1162 silly fetch manifest basic-auth-connect@^1.1.0
1163 silly packumentCache full:https://registry.npmjs.org/basic-auth-connect cache-miss
1164 http cache https://registry.npmjs.org/pg-cloudflare 5ms (cache hit)
1165 silly packumentCache full:https://registry.npmjs.org/pg-cloudflare set size:22655 disposed:false
1166 silly fetch manifest commander@^10.0.0
1167 silly packumentCache full:https://registry.npmjs.org/commander cache-hit
1168 silly fetch manifest compression@^1.7.0
1169 silly packumentCache full:https://registry.npmjs.org/compression cache-miss
1170 http cache https://registry.npmjs.org/agent-base 5ms (cache hit)
1171 silly packumentCache full:https://registry.npmjs.org/agent-base set size:72085 disposed:false
1172 silly fetch manifest connect@^3.7.0
1173 silly packumentCache full:https://registry.npmjs.org/connect cache-miss
1174 http cache https://registry.npmjs.org/proxy-from-env 4ms (cache hit)
1175 silly packumentCache full:https://registry.npmjs.org/proxy-from-env set size:21422 disposed:false
1176 silly fetch manifest destroy@^1.0.4
1177 silly packumentCache full:https://registry.npmjs.org/destroy cache-hit
1178 silly fetch manifest glob-slasher@^1.0.1
1179 silly packumentCache full:https://registry.npmjs.org/glob-slasher cache-miss
1180 http cache https://registry.npmjs.org/pac-proxy-agent 8ms (cache hit)
1181 silly packumentCache full:https://registry.npmjs.org/pac-proxy-agent set size:67079 disposed:false
1182 silly fetch manifest is-url@^1.2.2
1183 silly packumentCache full:https://registry.npmjs.org/is-url cache-miss
1184 http cache https://registry.npmjs.org/lru-cache 12ms (cache hit)
1185 silly packumentCache full:https://registry.npmjs.org/lru-cache set size:456196 disposed:false
1186 silly fetch manifest join-path@^1.1.1
1187 silly packumentCache full:https://registry.npmjs.org/join-path cache-miss
1188 http cache https://registry.npmjs.org/http-proxy-agent 11ms (cache hit)
1189 silly packumentCache full:https://registry.npmjs.org/http-proxy-agent set size:54849 disposed:false
1190 silly fetch manifest mime-types@^2.1.35
1191 silly packumentCache full:https://registry.npmjs.org/mime-types cache-hit
1192 silly fetch manifest minimatch@^6.1.6
1193 silly packumentCache full:https://registry.npmjs.org/minimatch cache-hit
1194 silly fetch manifest on-finished@^2.2.0
1195 silly packumentCache full:https://registry.npmjs.org/on-finished cache-hit
1196 silly fetch manifest on-headers@^1.0.0
1197 silly packumentCache full:https://registry.npmjs.org/on-headers cache-hit
1198 silly fetch manifest path-to-regexp@^1.9.0
1199 silly packumentCache full:https://registry.npmjs.org/path-to-regexp cache-hit
1200 silly fetch manifest router@^2.0.0
1201 silly packumentCache full:https://registry.npmjs.org/router cache-miss
1202 http cache https://registry.npmjs.org/socks-proxy-agent 11ms (cache hit)
1203 silly packumentCache full:https://registry.npmjs.org/socks-proxy-agent set size:104740 disposed:false
1204 silly fetch manifest re2@^1.17.7
1205 silly packumentCache full:https://registry.npmjs.org/re2 cache-miss
1206 http cache https://registry.npmjs.org/nearley 12ms (cache hit)
1207 silly packumentCache full:https://registry.npmjs.org/nearley set size:210822 disposed:false
1208 silly fetch manifest @isaacs/fs-minipass@^4.0.0
1209 silly packumentCache full:https://registry.npmjs.org/@isaacs%2ffs-minipass cache-miss
1210 http cache https://registry.npmjs.org/basic-auth-connect 13ms (cache hit)
1211 silly packumentCache full:https://registry.npmjs.org/basic-auth-connect set size:5161 disposed:false
1212 silly fetch manifest chownr@^3.0.0
1213 silly packumentCache full:https://registry.npmjs.org/chownr cache-miss
1214 http cache https://registry.npmjs.org/compression 12ms (cache hit)
1215 silly packumentCache full:https://registry.npmjs.org/compression set size:98424 disposed:false
1216 silly fetch manifest minizlib@^3.1.0
1217 silly packumentCache full:https://registry.npmjs.org/minizlib cache-miss
1218 http cache https://registry.npmjs.org/glob-slasher 11ms (cache hit)
1219 silly packumentCache full:https://registry.npmjs.org/glob-slasher set size:4547 disposed:false
1220 silly fetch manifest yallist@^5.0.0
1221 silly packumentCache full:https://registry.npmjs.org/yallist cache-miss
1222 http cache https://registry.npmjs.org/connect 13ms (cache hit)
1223 silly packumentCache full:https://registry.npmjs.org/connect set size:438385 disposed:false
1224 silly fetch manifest debug@4.3.1
1225 silly packumentCache full:https://registry.npmjs.org/debug cache-hit
1226 silly fetch manifest is2@^2.0.6
1227 silly packumentCache full:https://registry.npmjs.org/is2 cache-miss
1228 http cache https://registry.npmjs.org/is-url 10ms (cache hit)
1229 silly packumentCache full:https://registry.npmjs.org/is-url set size:11343 disposed:false
1230 silly fetch manifest debug@^4.3.1
1231 silly packumentCache full:https://registry.npmjs.org/debug cache-hit
1232 silly fetch manifest uuid@^14.0.0
1233 silly packumentCache full:https://registry.npmjs.org/uuid cache-hit
1234 silly fetch manifest boxen@^5.0.0
1235 silly packumentCache full:https://registry.npmjs.org/boxen cache-miss
1236 http cache https://registry.npmjs.org/join-path 7ms (cache hit)
1237 silly packumentCache full:https://registry.npmjs.org/join-path set size:6792 disposed:false
1238 silly fetch manifest has-yarn@^2.1.0
1239 silly packumentCache full:https://registry.npmjs.org/has-yarn cache-miss
1240 http cache https://registry.npmjs.org/router 7ms (cache hit)
1241 silly packumentCache full:https://registry.npmjs.org/router set size:116499 disposed:false
1242 silly fetch manifest import-lazy@^2.1.0
1243 silly packumentCache full:https://registry.npmjs.org/import-lazy cache-miss
1244 http cache https://registry.npmjs.org/@isaacs%2ffs-minipass 5ms (cache hit)
1245 silly packumentCache full:https://registry.npmjs.org/@isaacs%2ffs-minipass set size:7912 disposed:false
1246 silly fetch manifest is-ci@^2.0.0
1247 silly packumentCache full:https://registry.npmjs.org/is-ci cache-miss
1248 http cache https://registry.npmjs.org/re2 7ms (cache hit)
1249 silly packumentCache full:https://registry.npmjs.org/re2 set size:230027 disposed:false
1250 silly fetch manifest is-installed-globally@^0.4.0
1251 silly packumentCache full:https://registry.npmjs.org/is-installed-globally cache-miss
1252 http cache https://registry.npmjs.org/chownr 6ms (cache hit)
1253 silly packumentCache full:https://registry.npmjs.org/chownr set size:22157 disposed:false
1254 silly fetch manifest is-npm@^5.0.0
1255 silly packumentCache full:https://registry.npmjs.org/is-npm cache-miss
1256 http cache https://registry.npmjs.org/minizlib 6ms (cache hit)
1257 silly packumentCache full:https://registry.npmjs.org/minizlib set size:62862 disposed:false
1258 silly fetch manifest is-yarn-global@^0.3.0
1259 silly packumentCache full:https://registry.npmjs.org/is-yarn-global cache-miss
1260 http cache https://registry.npmjs.org/yallist 6ms (cache hit)
1261 silly packumentCache full:https://registry.npmjs.org/yallist set size:34610 disposed:false
1262 silly fetch manifest isomorphic-fetch@^3.0.0
1263 silly packumentCache full:https://registry.npmjs.org/isomorphic-fetch cache-miss
1264 http cache https://registry.npmjs.org/has-yarn 4ms (cache hit)
1265 silly packumentCache full:https://registry.npmjs.org/has-yarn set size:12720 disposed:false
1266 silly fetch manifest pupa@^2.1.1
1267 silly packumentCache full:https://registry.npmjs.org/pupa cache-miss
1268 http cache https://registry.npmjs.org/is2 5ms (cache hit)
1269 silly packumentCache full:https://registry.npmjs.org/is2 set size:60262 disposed:false
1270 silly fetch manifest registry-auth-token@^5.0.1
1271 silly packumentCache full:https://registry.npmjs.org/registry-auth-token cache-miss
1272 http cache https://registry.npmjs.org/boxen 5ms (cache hit)
1273 silly packumentCache full:https://registry.npmjs.org/boxen set size:96237 disposed:false
1274 silly fetch manifest registry-url@^5.1.0
1275 silly packumentCache full:https://registry.npmjs.org/registry-url cache-miss
1276 http cache https://registry.npmjs.org/import-lazy 5ms (cache hit)
1277 silly packumentCache full:https://registry.npmjs.org/import-lazy set size:9891 disposed:false
1278 silly fetch manifest semver-diff@^3.1.1
1279 silly packumentCache full:https://registry.npmjs.org/semver-diff cache-miss
1280 http cache https://registry.npmjs.org/is-ci 4ms (cache hit)
1281 silly packumentCache full:https://registry.npmjs.org/is-ci set size:35380 disposed:false
1282 silly fetch manifest async@^3.2.3
1283 silly packumentCache full:https://registry.npmjs.org/async cache-hit
1284 silly fetch manifest logform@^2.7.0
1285 silly packumentCache full:https://registry.npmjs.org/logform cache-miss
1286 http cache https://registry.npmjs.org/is-installed-globally 4ms (cache hit)
1287 silly packumentCache full:https://registry.npmjs.org/is-installed-globally set size:19693 disposed:false
1288 silly fetch manifest one-time@^1.0.0
1289 silly packumentCache full:https://registry.npmjs.org/one-time cache-miss
1290 http cache https://registry.npmjs.org/is-npm 4ms (cache hit)
1291 silly packumentCache full:https://registry.npmjs.org/is-npm set size:19322 disposed:false
1292 silly fetch manifest stack-trace@0.0.x
1293 silly packumentCache full:https://registry.npmjs.org/stack-trace cache-miss
1294 http cache https://registry.npmjs.org/is-yarn-global 4ms (cache hit)
1295 silly packumentCache full:https://registry.npmjs.org/is-yarn-global set size:10545 disposed:false
1296 silly fetch manifest @colors/colors@^1.6.0
1297 silly packumentCache full:https://registry.npmjs.org/@colors%2fcolors cache-hit
1298 silly fetch manifest readable-stream@^3.4.0
1299 silly packumentCache full:https://registry.npmjs.org/readable-stream cache-hit
1300 silly fetch manifest @dabh/diagnostics@^2.0.8
1301 silly packumentCache full:https://registry.npmjs.org/@dabh%2fdiagnostics cache-miss
1302 http cache https://registry.npmjs.org/isomorphic-fetch 4ms (cache hit)
1303 silly packumentCache full:https://registry.npmjs.org/isomorphic-fetch set size:45618 disposed:false
1304 silly fetch manifest winston-transport@^4.9.0
1305 silly packumentCache full:https://registry.npmjs.org/winston-transport cache-hit
1306 silly fetch manifest safe-stable-stringify@^2.3.1
1307 silly packumentCache full:https://registry.npmjs.org/safe-stable-stringify cache-miss
1308 http cache https://registry.npmjs.org/pupa 4ms (cache hit)
1309 silly packumentCache full:https://registry.npmjs.org/pupa set size:27054 disposed:false
1310 silly fetch manifest logform@^2.7.0
1311 silly packumentCache full:https://registry.npmjs.org/logform cache-miss
1312 http cache https://registry.npmjs.org/registry-url 4ms (cache hit)
1313 silly packumentCache full:https://registry.npmjs.org/registry-url set size:35136 disposed:false
1314 silly fetch manifest readable-stream@^3.6.2
1315 silly packumentCache full:https://registry.npmjs.org/readable-stream cache-hit
1316 http cache https://registry.npmjs.org/logform 3ms (cache hit)
1317 silly packumentCache full:https://registry.npmjs.org/logform set size:101534 disposed:false
1318 http cache https://registry.npmjs.org/registry-auth-token 6ms (cache hit)
1319 silly packumentCache full:https://registry.npmjs.org/registry-auth-token set size:64303 disposed:false
1320 http cache https://registry.npmjs.org/semver-diff 5ms (cache hit)
1321 silly packumentCache full:https://registry.npmjs.org/semver-diff set size:20386 disposed:false
1322 http cache https://registry.npmjs.org/one-time 4ms (cache hit)
1323 silly packumentCache full:https://registry.npmjs.org/one-time set size:12254 disposed:false
1324 http cache https://registry.npmjs.org/stack-trace 4ms (cache hit)
1325 silly packumentCache full:https://registry.npmjs.org/stack-trace set size:26231 disposed:false
1326 http cache https://registry.npmjs.org/@dabh%2fdiagnostics 4ms (cache hit)
1327 silly packumentCache full:https://registry.npmjs.org/@dabh%2fdiagnostics set size:34310 disposed:false
1328 http cache https://registry.npmjs.org/safe-stable-stringify 3ms (cache hit)
1329 silly packumentCache full:https://registry.npmjs.org/safe-stable-stringify set size:45091 disposed:false
1330 http cache https://registry.npmjs.org/logform 2ms (cache hit)
1331 silly packumentCache full:https://registry.npmjs.org/logform set size:101534 disposed:false
1332 silly packumentCache full:https://registry.npmjs.org/logform dispose
1333 silly placeDep ROOT @googleapis/sqladmin@35.2.0 OK for: @google-cloud/cloud-sql-connector@1.11.1 want: ^35.2.0
1334 silly placeDep node_modules/@google-cloud/cloud-sql-connector gaxios@7.1.4 OK for: @google-cloud/cloud-sql-connector@1.11.1 want: ^7.1.4
1335 silly placeDep node_modules/@google-cloud/cloud-sql-connector google-auth-library@10.6.2 OK for: @google-cloud/cloud-sql-connector@1.11.1 want: ^10.6.2
1336 silly placeDep ROOT p-throttle@7.0.0 OK for: @google-cloud/cloud-sql-connector@1.11.1 want: ^7.0.0
1337 silly fetch manifest googleapis-common@^8.0.0
1338 silly packumentCache full:https://registry.npmjs.org/googleapis-common cache-miss
1339 silly fetch manifest node-fetch@^3.3.2
1340 silly packumentCache full:https://registry.npmjs.org/node-fetch cache-hit
1341 silly fetch manifest gcp-metadata@8.1.2
1342 silly packumentCache full:https://registry.npmjs.org/gcp-metadata cache-hit
1343 silly fetch manifest google-logging-utils@1.1.3
1344 silly packumentCache full:https://registry.npmjs.org/google-logging-utils cache-miss
1345 http cache https://registry.npmjs.org/google-logging-utils 0ms (cache hit)
1346 silly packumentCache full:https://registry.npmjs.org/google-logging-utils set size:21694 disposed:false
1347 http cache https://registry.npmjs.org/googleapis-common 2ms (cache hit)
1348 silly packumentCache full:https://registry.npmjs.org/googleapis-common set size:226933 disposed:false
1349 silly placeDep ROOT @google-cloud/paginator@6.0.0 OK for: @google-cloud/pubsub@5.3.0 want: ^6.0.0
1350 silly placeDep ROOT @google-cloud/precise-date@5.0.0 OK for: @google-cloud/pubsub@5.3.0 want: ^5.0.0
1351 silly placeDep ROOT @google-cloud/projectify@5.0.0 OK for: @google-cloud/pubsub@5.3.0 want: ^5.0.0
1352 silly placeDep ROOT @google-cloud/promisify@5.0.0 OK for: @google-cloud/pubsub@5.3.0 want: ^5.0.0
1353 silly placeDep ROOT @opentelemetry/api@1.9.1 OK for: @google-cloud/pubsub@5.3.0 want: ~1.9.0
1354 silly placeDep ROOT @opentelemetry/core@1.30.1 OK for: @google-cloud/pubsub@5.3.0 want: ^1.30.1
1355 silly placeDep ROOT @opentelemetry/semantic-conventions@1.39.0 OK for: @google-cloud/pubsub@5.3.0 want: ~1.39.0
1356 silly placeDep ROOT arrify@2.0.1 OK for: @google-cloud/pubsub@5.3.0 want: ^2.0.0
1357 silly placeDep ROOT extend@3.0.2 OK for: @google-cloud/pubsub@5.3.0 want: ^3.0.2
1358 silly placeDep node_modules/@google-cloud/pubsub google-auth-library@10.6.2 OK for: @google-cloud/pubsub@5.3.0 want: ^10.5.0
1359 silly placeDep ROOT google-gax@5.0.6 OK for: @google-cloud/pubsub@5.3.0 want: ^5.0.5
1360 silly placeDep ROOT heap-js@2.7.1 OK for: @google-cloud/pubsub@5.3.0 want: ^2.6.0
1361 silly placeDep ROOT is-stream-ended@0.1.4 OK for: @google-cloud/pubsub@5.3.0 want: ^0.1.4
1362 silly placeDep ROOT lodash.snakecase@4.1.1 OK for: @google-cloud/pubsub@5.3.0 want: ^4.1.1
1363 silly placeDep ROOT p-defer@3.0.0 OK for: @google-cloud/pubsub@5.3.0 want: ^3.0.0
1364 silly fetch manifest @opentelemetry/semantic-conventions@1.28.0
1365 silly packumentCache full:https://registry.npmjs.org/@opentelemetry%2fsemantic-conventions cache-hit
1366 silly fetch manifest @grpc/grpc-js@^1.12.6
1367 silly packumentCache full:https://registry.npmjs.org/@grpc%2fgrpc-js cache-miss
1368 silly fetch manifest @grpc/proto-loader@^0.8.0
1369 silly packumentCache full:https://registry.npmjs.org/@grpc%2fproto-loader cache-miss
1370 silly fetch manifest duplexify@^4.1.3
1371 silly packumentCache full:https://registry.npmjs.org/duplexify cache-miss
1372 silly fetch manifest google-auth-library@^10.1.0
1373 silly packumentCache full:https://registry.npmjs.org/google-auth-library cache-hit
1374 silly fetch manifest google-logging-utils@^1.1.1
1375 silly packumentCache full:https://registry.npmjs.org/google-logging-utils cache-hit
1376 silly fetch manifest object-hash@^3.0.0
1377 silly packumentCache full:https://registry.npmjs.org/object-hash cache-miss
1378 silly fetch manifest proto3-json-serializer@^3.0.0
1379 silly packumentCache full:https://registry.npmjs.org/proto3-json-serializer cache-miss
1380 silly fetch manifest protobufjs@^7.5.3
1381 silly packumentCache full:https://registry.npmjs.org/protobufjs cache-miss
1382 silly fetch manifest retry-request@^8.0.0
1383 silly packumentCache full:https://registry.npmjs.org/retry-request cache-miss
1384 silly fetch manifest rimraf@^5.0.1
1385 silly packumentCache full:https://registry.npmjs.org/rimraf cache-miss
1386 http cache https://registry.npmjs.org/@grpc%2fgrpc-js 3ms (cache hit)
1387 silly packumentCache full:https://registry.npmjs.org/@grpc%2fgrpc-js set size:674221 disposed:false
1388 http cache https://registry.npmjs.org/retry-request 4ms (cache hit)
1389 silly packumentCache full:https://registry.npmjs.org/retry-request set size:88328 disposed:false
1390 http cache https://registry.npmjs.org/@grpc%2fproto-loader 4ms (cache hit)
1391 silly packumentCache full:https://registry.npmjs.org/@grpc%2fproto-loader set size:218355 disposed:false
1392 http cache https://registry.npmjs.org/duplexify 5ms (cache hit)
1393 silly packumentCache full:https://registry.npmjs.org/duplexify set size:73064 disposed:false
1394 http cache https://registry.npmjs.org/proto3-json-serializer 5ms (cache hit)
1395 silly packumentCache full:https://registry.npmjs.org/proto3-json-serializer set size:83221 disposed:false
1396 http cache https://registry.npmjs.org/rimraf 6ms (cache hit)
1397 silly packumentCache full:https://registry.npmjs.org/rimraf set size:212626 disposed:false
1398 http cache https://registry.npmjs.org/object-hash 7ms (cache hit)
1399 silly packumentCache full:https://registry.npmjs.org/object-hash set size:100564 disposed:false
1400 http cache https://registry.npmjs.org/protobufjs 8ms (cache hit)
1401 silly packumentCache full:https://registry.npmjs.org/protobufjs set size:693986 disposed:false
1402 silly placeDep ROOT googleapis-common@8.0.1 OK for: @googleapis/sqladmin@35.2.0 want: ^8.0.0
1403 silly fetch manifest gaxios@^7.0.0-rc.4
1404 silly packumentCache full:https://registry.npmjs.org/gaxios cache-hit
1405 silly fetch manifest qs@^6.7.0
1406 silly packumentCache full:https://registry.npmjs.org/qs cache-hit
1407 silly fetch manifest url-template@^2.0.8
1408 silly packumentCache full:https://registry.npmjs.org/url-template cache-miss
1409 http cache https://registry.npmjs.org/url-template 3ms (cache hit)
1410 silly packumentCache full:https://registry.npmjs.org/url-template set size:25205 disposed:false
1411 silly placeDep ROOT @inquirer/checkbox@4.3.2 OK for: @inquirer/prompts@7.10.1 want: ^4.3.2
1412 silly placeDep ROOT @inquirer/confirm@5.1.21 OK for: @inquirer/prompts@7.10.1 want: ^5.1.21
1413 silly placeDep ROOT @inquirer/editor@4.2.23 OK for: @inquirer/prompts@7.10.1 want: ^4.2.23
1414 silly placeDep ROOT @inquirer/expand@4.0.23 OK for: @inquirer/prompts@7.10.1 want: ^4.0.23
1415 silly placeDep ROOT @inquirer/input@4.3.1 OK for: @inquirer/prompts@7.10.1 want: ^4.3.1
1416 silly placeDep ROOT @inquirer/number@3.0.23 OK for: @inquirer/prompts@7.10.1 want: ^3.0.23
1417 silly placeDep ROOT @inquirer/password@4.0.23 OK for: @inquirer/prompts@7.10.1 want: ^4.0.23
1418 silly placeDep ROOT @inquirer/rawlist@4.1.11 OK for: @inquirer/prompts@7.10.1 want: ^4.1.11
1419 silly placeDep ROOT @inquirer/search@3.2.2 OK for: @inquirer/prompts@7.10.1 want: ^3.2.2
1420 silly placeDep ROOT @inquirer/select@4.4.2 OK for: @inquirer/prompts@7.10.1 want: ^4.4.2
1421 silly fetch manifest @inquirer/ansi@^1.0.2
1422 silly packumentCache full:https://registry.npmjs.org/@inquirer%2fansi cache-miss
1423 silly fetch manifest @inquirer/core@^10.3.2
1424 silly packumentCache full:https://registry.npmjs.org/@inquirer%2fcore cache-miss
1425 silly fetch manifest @inquirer/type@^3.0.10
1426 silly packumentCache full:https://registry.npmjs.org/@inquirer%2ftype cache-miss
1427 silly fetch manifest yoctocolors-cjs@^2.1.3
1428 silly packumentCache full:https://registry.npmjs.org/yoctocolors-cjs cache-miss
1429 silly fetch manifest @inquirer/figures@^1.0.15
1430 silly packumentCache full:https://registry.npmjs.org/@inquirer%2ffigures cache-miss
1431 silly fetch manifest @inquirer/core@^10.3.2
1432 silly packumentCache full:https://registry.npmjs.org/@inquirer%2fcore cache-miss
1433 silly fetch manifest @inquirer/type@^3.0.10
1434 silly packumentCache full:https://registry.npmjs.org/@inquirer%2ftype cache-miss
1435 silly fetch manifest @inquirer/core@^10.3.2
1436 silly packumentCache full:https://registry.npmjs.org/@inquirer%2fcore cache-miss
1437 silly fetch manifest @inquirer/type@^3.0.10
1438 silly packumentCache full:https://registry.npmjs.org/@inquirer%2ftype cache-miss
1439 http cache https://registry.npmjs.org/yoctocolors-cjs 3ms (cache hit)
1440 silly packumentCache full:https://registry.npmjs.org/yoctocolors-cjs set size:12865 disposed:false
1441 silly fetch manifest @inquirer/external-editor@^1.0.3
1442 silly packumentCache full:https://registry.npmjs.org/@inquirer%2fexternal-editor cache-miss
1443 http cache https://registry.npmjs.org/@inquirer%2ftype 3ms (cache hit)
1444 silly packumentCache full:https://registry.npmjs.org/@inquirer%2ftype set size:119899 disposed:false
1445 silly fetch manifest @inquirer/core@^10.3.2
1446 silly packumentCache full:https://registry.npmjs.org/@inquirer%2fcore cache-miss
1447 http cache https://registry.npmjs.org/@inquirer%2ffigures 4ms (cache hit)
1448 silly packumentCache full:https://registry.npmjs.org/@inquirer%2ffigures set size:57318 disposed:false
1449 silly fetch manifest @inquirer/core@^10.3.2
1450 silly packumentCache full:https://registry.npmjs.org/@inquirer%2fcore cache-miss
1451 http cache https://registry.npmjs.org/@inquirer%2fansi 5ms (cache hit)
1452 silly packumentCache full:https://registry.npmjs.org/@inquirer%2fansi set size:29199 disposed:false
1453 silly fetch manifest @inquirer/core@^10.3.2
1454 silly packumentCache full:https://registry.npmjs.org/@inquirer%2fcore cache-miss
1455 http cache https://registry.npmjs.org/@inquirer%2ftype 5ms (cache hit)
1456 silly packumentCache full:https://registry.npmjs.org/@inquirer%2ftype set size:119899 disposed:false
1457 silly packumentCache full:https://registry.npmjs.org/@inquirer%2ftype dispose
1458 silly fetch manifest @inquirer/core@^10.3.2
1459 silly packumentCache full:https://registry.npmjs.org/@inquirer%2fcore cache-miss
1460 http cache https://registry.npmjs.org/@inquirer%2ftype 6ms (cache hit)
1461 silly packumentCache full:https://registry.npmjs.org/@inquirer%2ftype set size:119899 disposed:true
1462 silly packumentCache full:https://registry.npmjs.org/@inquirer%2ftype dispose
1463 silly fetch manifest @inquirer/core@^10.3.2
1464 silly packumentCache full:https://registry.npmjs.org/@inquirer%2fcore cache-miss
1465 http cache https://registry.npmjs.org/@inquirer%2fcore 7ms (cache hit)
1466 silly packumentCache full:https://registry.npmjs.org/@inquirer%2fcore set size:353358 disposed:false
1467 http cache https://registry.npmjs.org/@inquirer%2fcore 7ms (cache hit)
1468 silly packumentCache full:https://registry.npmjs.org/@inquirer%2fcore set size:353358 disposed:false
1469 silly packumentCache full:https://registry.npmjs.org/@inquirer%2fcore dispose
1470 http cache https://registry.npmjs.org/@inquirer%2fcore 9ms (cache hit)
1471 silly packumentCache full:https://registry.npmjs.org/@inquirer%2fcore set size:353358 disposed:true
1472 silly packumentCache full:https://registry.npmjs.org/@inquirer%2fcore dispose
1473 http cache https://registry.npmjs.org/@inquirer%2fcore 7ms (cache hit)
1474 silly packumentCache full:https://registry.npmjs.org/@inquirer%2fcore set size:353358 disposed:true
1475 silly packumentCache full:https://registry.npmjs.org/@inquirer%2fcore dispose
1476 http cache https://registry.npmjs.org/@inquirer%2fexternal-editor 9ms (cache hit)
1477 silly packumentCache full:https://registry.npmjs.org/@inquirer%2fexternal-editor set size:41046 disposed:false
1478 http cache https://registry.npmjs.org/@inquirer%2fcore 6ms (cache hit)
1479 silly packumentCache full:https://registry.npmjs.org/@inquirer%2fcore set size:353358 disposed:true
1480 silly packumentCache full:https://registry.npmjs.org/@inquirer%2fcore dispose
1481 http cache https://registry.npmjs.org/@inquirer%2fcore 8ms (cache hit)
1482 silly packumentCache full:https://registry.npmjs.org/@inquirer%2fcore set size:353358 disposed:true
1483 silly packumentCache full:https://registry.npmjs.org/@inquirer%2fcore dispose
1484 http cache https://registry.npmjs.org/@inquirer%2fcore 13ms (cache hit)
1485 silly packumentCache full:https://registry.npmjs.org/@inquirer%2fcore set size:353358 disposed:true
1486 silly packumentCache full:https://registry.npmjs.org/@inquirer%2fcore dispose
1487 http cache https://registry.npmjs.org/@inquirer%2fcore 15ms (cache hit)
1488 silly packumentCache full:https://registry.npmjs.org/@inquirer%2fcore set size:353358 disposed:true
1489 silly packumentCache full:https://registry.npmjs.org/@inquirer%2fcore dispose
1490 silly placeDep ROOT @inquirer/ansi@1.0.2 OK for: @inquirer/checkbox@4.3.2 want: ^1.0.2
1491 silly placeDep ROOT @inquirer/core@10.3.2 OK for: @inquirer/checkbox@4.3.2 want: ^10.3.2
1492 silly placeDep ROOT @inquirer/figures@1.0.15 OK for: @inquirer/checkbox@4.3.2 want: ^1.0.15
1493 silly placeDep ROOT @inquirer/type@3.0.10 OK for: @inquirer/checkbox@4.3.2 want: ^3.0.10
1494 silly placeDep ROOT yoctocolors-cjs@2.1.3 OK for: @inquirer/checkbox@4.3.2 want: ^2.1.3
1495 silly fetch manifest cli-width@^4.1.0
1496 silly packumentCache full:https://registry.npmjs.org/cli-width cache-miss
1497 silly fetch manifest wrap-ansi@^6.2.0
1498 silly packumentCache full:https://registry.npmjs.org/wrap-ansi cache-miss
1499 silly fetch manifest mute-stream@^2.0.0
1500 silly packumentCache full:https://registry.npmjs.org/mute-stream cache-miss
1501 silly fetch manifest signal-exit@^4.1.0
1502 silly packumentCache full:https://registry.npmjs.org/signal-exit cache-miss
1503 http cache https://registry.npmjs.org/mute-stream 1ms (cache hit)
1504 silly packumentCache full:https://registry.npmjs.org/mute-stream set size:24469 disposed:false
1505 http cache https://registry.npmjs.org/cli-width 1ms (cache hit)
1506 silly packumentCache full:https://registry.npmjs.org/cli-width set size:24976 disposed:false
1507 http cache https://registry.npmjs.org/wrap-ansi 1ms (cache hit)
1508 silly packumentCache full:https://registry.npmjs.org/wrap-ansi set size:55299 disposed:false
1509 http cache https://registry.npmjs.org/signal-exit 2ms (cache hit)
1510 silly packumentCache full:https://registry.npmjs.org/signal-exit set size:53489 disposed:false
1511 silly placeDep ROOT cli-width@4.1.0 OK for: @inquirer/core@10.3.2 want: ^4.1.0
1512 silly placeDep ROOT mute-stream@2.0.0 OK for: @inquirer/core@10.3.2 want: ^2.0.0
1513 silly placeDep ROOT signal-exit@4.1.0 OK for: @inquirer/core@10.3.2 want: ^4.1.0
1514 silly placeDep ROOT wrap-ansi@6.2.0 OK for: @inquirer/core@10.3.2 want: ^6.2.0
1515 silly fetch manifest ansi-styles@^4.0.0
1516 silly packumentCache full:https://registry.npmjs.org/ansi-styles cache-miss
1517 silly fetch manifest string-width@^4.1.0
1518 silly packumentCache full:https://registry.npmjs.org/string-width cache-hit
1519 http cache https://registry.npmjs.org/ansi-styles 1ms (cache hit)
1520 silly packumentCache full:https://registry.npmjs.org/ansi-styles set size:63233 disposed:false
1521 silly placeDep ROOT @inquirer/external-editor@1.0.3 OK for: @inquirer/editor@4.2.23 want: ^1.0.3
1522 silly fetch manifest chardet@^2.1.1
1523 silly packumentCache full:https://registry.npmjs.org/chardet cache-miss
1524 silly fetch manifest iconv-lite@^0.7.0
1525 silly packumentCache full:https://registry.npmjs.org/iconv-lite cache-hit
1526 http cache https://registry.npmjs.org/chardet 1ms (cache hit)
1527 silly packumentCache full:https://registry.npmjs.org/chardet set size:70553 disposed:false
1528 silly placeDep ROOT chardet@2.1.1 OK for: @inquirer/external-editor@1.0.3 want: ^2.1.1
1529 silly placeDep ROOT iconv-lite@0.7.2 OK for: @inquirer/external-editor@1.0.3 want: ^0.7.0
1530 silly fetch manifest safer-buffer@>= 2.1.2 < 3.0.0
1531 silly packumentCache full:https://registry.npmjs.org/safer-buffer cache-miss
1532 http cache https://registry.npmjs.org/safer-buffer 1ms (cache hit)
1533 silly packumentCache full:https://registry.npmjs.org/safer-buffer set size:18521 disposed:false
1534 silly placeDep ROOT @hono/node-server@1.19.14 OK for: @modelcontextprotocol/sdk@1.29.0 want: ^1.19.9
1535 silly placeDep ROOT hono@4.12.23 OK for: @hono/node-server@1.19.14 want: ^4
1536 silly placeDep ROOT content-type@1.0.5 OK for: @modelcontextprotocol/sdk@1.29.0 want: ^1.0.5
1537 silly placeDep ROOT eventsource@3.0.7 OK for: @modelcontextprotocol/sdk@1.29.0 want: ^3.0.2
1538 silly placeDep ROOT eventsource-parser@3.1.0 OK for: @modelcontextprotocol/sdk@1.29.0 want: ^3.0.0
1539 silly placeDep node_modules/@modelcontextprotocol/sdk express@5.2.1 OK for: @modelcontextprotocol/sdk@1.29.0 want: ^5.2.1
1540 silly placeDep ROOT express-rate-limit@8.5.2 OK for: @modelcontextprotocol/sdk@1.29.0 want: ^8.2.1
1541 silly placeDep ROOT jose@6.2.3 OK for: @modelcontextprotocol/sdk@1.29.0 want: ^6.1.3
1542 silly placeDep ROOT json-schema-typed@8.0.2 OK for: @modelcontextprotocol/sdk@1.29.0 want: ^8.0.2
1543 silly placeDep ROOT pkce-challenge@5.0.1 OK for: @modelcontextprotocol/sdk@1.29.0 want: ^5.0.0
1544 silly placeDep ROOT raw-body@3.0.2 OK for: @modelcontextprotocol/sdk@1.29.0 want: ^3.0.0
1545 silly fetch manifest eventsource-parser@^3.0.1
1546 silly packumentCache full:https://registry.npmjs.org/eventsource-parser cache-hit
1547 silly fetch manifest qs@^6.14.0
1548 silly packumentCache full:https://registry.npmjs.org/qs cache-hit
1549 silly fetch manifest depd@^2.0.0
1550 silly packumentCache full:https://registry.npmjs.org/depd cache-hit
1551 silly fetch manifest etag@^1.8.1
1552 silly packumentCache full:https://registry.npmjs.org/etag cache-hit
1553 silly fetch manifest once@^1.4.0
1554 silly packumentCache full:https://registry.npmjs.org/once cache-miss
1555 silly fetch manifest send@^1.1.0
1556 silly packumentCache full:https://registry.npmjs.org/send cache-hit
1557 silly fetch manifest vary@^1.1.2
1558 silly packumentCache full:https://registry.npmjs.org/vary cache-hit
1559 silly fetch manifest debug@^4.4.0
1560 silly packumentCache full:https://registry.npmjs.org/debug cache-hit
1561 silly fetch manifest fresh@^2.0.0
1562 silly packumentCache full:https://registry.npmjs.org/fresh cache-hit
1563 silly fetch manifest cookie@^0.7.1
1564 silly packumentCache full:https://registry.npmjs.org/cookie cache-hit
1565 silly fetch manifest router@^2.2.0
1566 silly packumentCache full:https://registry.npmjs.org/router cache-hit
1567 silly fetch manifest accepts@^2.0.0
1568 silly packumentCache full:https://registry.npmjs.org/accepts cache-hit
1569 silly fetch manifest type-is@^2.0.1
1570 silly packumentCache full:https://registry.npmjs.org/type-is cache-hit
1571 silly fetch manifest parseurl@^1.3.3
1572 silly packumentCache full:https://registry.npmjs.org/parseurl cache-hit
1573 silly fetch manifest statuses@^2.0.1
1574 silly packumentCache full:https://registry.npmjs.org/statuses cache-hit
1575 silly fetch manifest encodeurl@^2.0.0
1576 silly packumentCache full:https://registry.npmjs.org/encodeurl cache-hit
1577 silly fetch manifest mime-types@^3.0.0
1578 silly packumentCache full:https://registry.npmjs.org/mime-types cache-hit
1579 silly fetch manifest proxy-addr@^2.0.7
1580 silly packumentCache full:https://registry.npmjs.org/proxy-addr cache-hit
1581 silly fetch manifest body-parser@^2.2.1
1582 silly packumentCache full:https://registry.npmjs.org/body-parser cache-hit
1583 silly fetch manifest escape-html@^1.0.3
1584 silly packumentCache full:https://registry.npmjs.org/escape-html cache-hit
1585 silly fetch manifest http-errors@^2.0.0
1586 silly packumentCache full:https://registry.npmjs.org/http-errors cache-hit
1587 silly fetch manifest on-finished@^2.4.1
1588 silly packumentCache full:https://registry.npmjs.org/on-finished cache-hit
1589 silly fetch manifest finalhandler@^2.1.0
1590 silly packumentCache full:https://registry.npmjs.org/finalhandler cache-hit
1591 silly fetch manifest range-parser@^1.2.1
1592 silly packumentCache full:https://registry.npmjs.org/range-parser cache-hit
1593 silly fetch manifest serve-static@^2.2.0
1594 silly packumentCache full:https://registry.npmjs.org/serve-static cache-hit
1595 silly fetch manifest cookie-signature@^1.2.1
1596 silly packumentCache full:https://registry.npmjs.org/cookie-signature cache-hit
1597 silly fetch manifest merge-descriptors@^2.0.0
1598 silly packumentCache full:https://registry.npmjs.org/merge-descriptors cache-hit
1599 silly fetch manifest content-disposition@^1.0.0
1600 silly packumentCache full:https://registry.npmjs.org/content-disposition cache-hit
1601 silly fetch manifest ip-address@^10.2.0
1602 silly packumentCache full:https://registry.npmjs.org/ip-address cache-miss
1603 http cache https://registry.npmjs.org/once 2ms (cache hit)
1604 silly packumentCache full:https://registry.npmjs.org/once set size:11752 disposed:false
1605 http cache https://registry.npmjs.org/ip-address 2ms (cache hit)
1606 silly packumentCache full:https://registry.npmjs.org/ip-address set size:171530 disposed:false
1607 silly placeDep node_modules/@opentelemetry/core @opentelemetry/semantic-conventions@1.28.0 OK for: @opentelemetry/core@1.30.1 want: 1.28.0
1608 silly placeDep ROOT event-target-shim@5.0.1 OK for: abort-controller@3.0.0 want: ^5.0.0
1609 silly placeDep ROOT fast-deep-equal@3.1.3 OK for: ajv@8.20.0 want: ^3.1.3
1610 silly placeDep ROOT fast-uri@3.1.2 OK for: ajv@8.20.0 want: ^3.0.1
1611 silly placeDep ROOT json-schema-traverse@1.0.0 OK for: ajv@8.20.0 want: ^1.0.0
1612 silly placeDep ROOT require-from-string@2.0.2 OK for: ajv@8.20.0 want: ^2.0.2
1613 silly placeDep ROOT archiver-utils@5.0.2 OK for: archiver@7.0.1 want: ^5.0.2
1614 silly placeDep ROOT async@3.2.6 OK for: archiver@7.0.1 want: ^3.2.4
1615 silly placeDep ROOT buffer-crc32@1.0.0 OK for: archiver@7.0.1 want: ^1.0.0
1616 silly placeDep ROOT readable-stream@4.7.0 OK for: archiver@7.0.1 want: ^4.0.0
1617 silly placeDep ROOT readdir-glob@1.1.3 OK for: archiver@7.0.1 want: ^1.1.2
1618 silly placeDep ROOT tar-stream@3.2.0 OK for: archiver@7.0.1 want: ^3.0.0
1619 silly placeDep ROOT zip-stream@6.0.1 OK for: archiver@7.0.1 want: ^6.0.1
1620 silly fetch manifest is-stream@^2.0.1
1621 silly packumentCache full:https://registry.npmjs.org/is-stream cache-hit
1622 silly fetch manifest lazystream@^1.0.0
1623 silly packumentCache full:https://registry.npmjs.org/lazystream cache-miss
1624 silly fetch manifest normalize-path@^3.0.0
1625 silly packumentCache full:https://registry.npmjs.org/normalize-path cache-hit
1626 silly fetch manifest buffer@^6.0.3
1627 silly packumentCache full:https://registry.npmjs.org/buffer cache-miss
1628 silly fetch manifest events@^3.3.0
1629 silly packumentCache full:https://registry.npmjs.org/events cache-miss
1630 silly fetch manifest process@^0.11.10
1631 silly packumentCache full:https://registry.npmjs.org/process cache-miss
1632 silly fetch manifest string_decoder@^1.3.0
1633 silly packumentCache full:https://registry.npmjs.org/string_decoder cache-miss
1634 silly fetch manifest minimatch@^5.1.0
1635 silly packumentCache full:https://registry.npmjs.org/minimatch cache-hit
1636 silly fetch manifest b4a@^1.6.4
1637 silly packumentCache full:https://registry.npmjs.org/b4a cache-miss
1638 silly fetch manifest bare-fs@^4.5.5
1639 silly packumentCache full:https://registry.npmjs.org/bare-fs cache-miss
1640 silly fetch manifest fast-fifo@^1.2.0
1641 silly packumentCache full:https://registry.npmjs.org/fast-fifo cache-miss
1642 silly fetch manifest streamx@^2.15.0
1643 silly packumentCache full:https://registry.npmjs.org/streamx cache-miss
1644 http cache https://registry.npmjs.org/events 3ms (cache hit)
1645 silly packumentCache full:https://registry.npmjs.org/events set size:35240 disposed:false
1646 silly fetch manifest compress-commons@^6.0.2
1647 silly packumentCache full:https://registry.npmjs.org/compress-commons cache-miss
1648 http cache https://registry.npmjs.org/lazystream 3ms (cache hit)
1649 silly packumentCache full:https://registry.npmjs.org/lazystream set size:14342 disposed:false
1650 http cache https://registry.npmjs.org/process 3ms (cache hit)
1651 silly packumentCache full:https://registry.npmjs.org/process set size:31260 disposed:false
1652 http cache https://registry.npmjs.org/buffer 4ms (cache hit)
1653 silly packumentCache full:https://registry.npmjs.org/buffer set size:280480 disposed:false
1654 http cache https://registry.npmjs.org/string_decoder 4ms (cache hit)
1655 silly packumentCache full:https://registry.npmjs.org/string_decoder set size:28441 disposed:false
1656 http cache https://registry.npmjs.org/bare-fs 4ms (cache hit)
1657 silly packumentCache full:https://registry.npmjs.org/bare-fs set size:178881 disposed:false
1658 http cache https://registry.npmjs.org/fast-fifo 5ms (cache hit)
1659 silly packumentCache full:https://registry.npmjs.org/fast-fifo set size:13855 disposed:false
1660 http cache https://registry.npmjs.org/b4a 6ms (cache hit)
1661 silly packumentCache full:https://registry.npmjs.org/b4a set size:71632 disposed:false
1662 http cache https://registry.npmjs.org/streamx 6ms (cache hit)
1663 silly packumentCache full:https://registry.npmjs.org/streamx set size:163686 disposed:false
1664 http cache https://registry.npmjs.org/compress-commons 5ms (cache hit)
1665 silly packumentCache full:https://registry.npmjs.org/compress-commons set size:91385 disposed:false
1666 silly placeDep ROOT graceful-fs@4.2.11 OK for: archiver-utils@5.0.2 want: ^4.2.0
1667 silly placeDep ROOT is-stream@2.0.1 OK for: archiver-utils@5.0.2 want: ^2.0.1
1668 silly placeDep ROOT lazystream@1.0.1 OK for: archiver-utils@5.0.2 want: ^1.0.0
1669 silly placeDep ROOT normalize-path@3.0.0 OK for: archiver-utils@5.0.2 want: ^3.0.0
1670 silly fetch manifest readable-stream@^2.0.5
1671 silly packumentCache full:https://registry.npmjs.org/readable-stream cache-hit
1672 silly placeDep ROOT bytes@3.1.2 OK for: body-parser@1.20.5 want: ~3.1.2
1673 silly placeDep ROOT debug@2.6.9 OK for: body-parser@1.20.5 want: 2.6.9
1674 silly placeDep ROOT depd@2.0.0 OK for: body-parser@1.20.5 want: 2.0.0
1675 silly placeDep ROOT destroy@1.2.0 OK for: body-parser@1.20.5 want: ~1.2.0
1676 silly placeDep ROOT http-errors@2.0.1 OK for: body-parser@1.20.5 want: ~2.0.1
1677 silly placeDep node_modules/body-parser iconv-lite@0.4.24 OK for: body-parser@1.20.5 want: ~0.4.24
1678 silly placeDep ROOT on-finished@2.4.1 OK for: body-parser@1.20.5 want: ~2.4.1
1679 silly placeDep ROOT qs@6.15.2 OK for: body-parser@1.20.5 want: ~6.15.1
1680 silly placeDep node_modules/body-parser raw-body@2.5.3 OK for: body-parser@1.20.5 want: ~2.5.3
1681 silly placeDep ROOT type-is@1.6.18 OK for: body-parser@1.20.5 want: ~1.6.18
1682 silly placeDep ROOT unpipe@1.0.0 OK for: body-parser@1.20.5 want: ~1.0.0
1683 silly fetch manifest ms@2.0.0
1684 silly packumentCache full:https://registry.npmjs.org/ms cache-hit
1685 silly fetch manifest inherits@~2.0.4
1686 silly packumentCache full:https://registry.npmjs.org/inherits cache-miss
1687 silly fetch manifest setprototypeof@~1.2.0
1688 silly packumentCache full:https://registry.npmjs.org/setprototypeof cache-hit
1689 silly fetch manifest statuses@~2.0.2
1690 silly packumentCache full:https://registry.npmjs.org/statuses cache-hit
1691 silly fetch manifest toidentifier@~1.0.1
1692 silly packumentCache full:https://registry.npmjs.org/toidentifier cache-miss
1693 silly fetch manifest safer-buffer@>= 2.1.2 < 3
1694 silly packumentCache full:https://registry.npmjs.org/safer-buffer cache-hit
1695 silly fetch manifest ee-first@1.1.1
1696 silly packumentCache full:https://registry.npmjs.org/ee-first cache-miss
1697 silly fetch manifest side-channel@^1.1.0
1698 silly packumentCache full:https://registry.npmjs.org/side-channel cache-miss
1699 silly fetch manifest mime-types@~2.1.24
1700 silly packumentCache full:https://registry.npmjs.org/mime-types cache-hit
1701 silly fetch manifest media-typer@0.3.0
1702 silly packumentCache full:https://registry.npmjs.org/media-typer cache-miss
1703 http cache https://registry.npmjs.org/toidentifier 1ms (cache hit)
1704 silly packumentCache full:https://registry.npmjs.org/toidentifier set size:12006 disposed:false
1705 http cache https://registry.npmjs.org/media-typer 2ms (cache hit)
1706 silly packumentCache full:https://registry.npmjs.org/media-typer set size:22678 disposed:false
1707 http cache https://registry.npmjs.org/side-channel 2ms (cache hit)
1708 silly packumentCache full:https://registry.npmjs.org/side-channel set size:24660 disposed:false
1709 http cache https://registry.npmjs.org/ee-first 2ms (cache hit)
1710 silly packumentCache full:https://registry.npmjs.org/ee-first set size:15327 disposed:false
1711 http cache https://registry.npmjs.org/inherits 3ms (cache hit)
1712 silly packumentCache full:https://registry.npmjs.org/inherits set size:12925 disposed:false
1713 silly placeDep ROOT anymatch@3.1.3 OK for: chokidar@3.6.0 want: ~3.1.2
1714 silly placeDep ROOT braces@3.0.3 OK for: chokidar@3.6.0 want: ~3.0.2
1715 silly placeDep ROOT fsevents@2.3.3 OK for: chokidar@3.6.0 want: ~2.3.2
1716 silly placeDep ROOT glob-parent@5.1.2 OK for: chokidar@3.6.0 want: ~5.1.2
1717 silly placeDep ROOT is-binary-path@2.1.0 OK for: chokidar@3.6.0 want: ~2.1.0
1718 silly placeDep ROOT is-glob@4.0.3 OK for: chokidar@3.6.0 want: ~4.0.1
1719 silly placeDep ROOT readdirp@3.6.0 OK for: chokidar@3.6.0 want: ~3.6.0
1720 silly fetch manifest picomatch@^2.0.4
1721 silly packumentCache full:https://registry.npmjs.org/picomatch cache-miss
1722 silly fetch manifest fill-range@^7.1.1
1723 silly packumentCache full:https://registry.npmjs.org/fill-range cache-miss
1724 silly fetch manifest is-glob@^4.0.1
1725 silly packumentCache full:https://registry.npmjs.org/is-glob cache-hit
1726 silly fetch manifest binary-extensions@^2.0.0
1727 silly packumentCache full:https://registry.npmjs.org/binary-extensions cache-miss
1728 silly fetch manifest is-extglob@^2.1.1
1729 silly packumentCache full:https://registry.npmjs.org/is-extglob cache-miss
1730 silly fetch manifest picomatch@^2.2.1
1731 silly packumentCache full:https://registry.npmjs.org/picomatch cache-miss
1732 http cache https://registry.npmjs.org/fill-range 1ms (cache hit)
1733 silly packumentCache full:https://registry.npmjs.org/fill-range set size:90162 disposed:false
1734 http cache https://registry.npmjs.org/binary-extensions 2ms (cache hit)
1735 silly packumentCache full:https://registry.npmjs.org/binary-extensions set size:51551 disposed:false
1736 http cache https://registry.npmjs.org/picomatch 2ms (cache hit)
1737 silly packumentCache full:https://registry.npmjs.org/picomatch set size:126376 disposed:false
1738 http cache https://registry.npmjs.org/is-extglob 2ms (cache hit)
1739 silly packumentCache full:https://registry.npmjs.org/is-extglob set size:11766 disposed:false
1740 http cache https://registry.npmjs.org/picomatch 3ms (cache hit)
1741 silly packumentCache full:https://registry.npmjs.org/picomatch set size:126376 disposed:false
1742 silly packumentCache full:https://registry.npmjs.org/picomatch dispose
1743 silly placeDep ROOT picomatch@2.3.2 OK for: anymatch@3.1.3 want: ^2.0.4
1744 silly placeDep ROOT fill-range@7.1.1 OK for: braces@3.0.3 want: ^7.1.1
1745 silly fetch manifest to-regex-range@^5.0.1
1746 silly packumentCache full:https://registry.npmjs.org/to-regex-range cache-miss
1747 http cache https://registry.npmjs.org/to-regex-range 0ms (cache hit)
1748 silly packumentCache full:https://registry.npmjs.org/to-regex-range set size:61569 disposed:false
1749 silly placeDep ROOT json-parse-helpfulerror@1.0.3 OK for: cjson@0.3.3 want: ^1.0.3
1750 silly fetch manifest jju@^1.1.0
1751 silly packumentCache full:https://registry.npmjs.org/jju cache-miss
1752 http cache https://registry.npmjs.org/jju 1ms (cache hit)
1753 silly packumentCache full:https://registry.npmjs.org/jju set size:37375 disposed:false
1754 silly placeDep ROOT @colors/colors@1.5.0 OK for: cli-table3@0.6.5 want: 1.5.0
1755 silly placeDep ROOT string-width@4.2.3 OK for: cli-table3@0.6.5 want: ^4.2.0
1756 silly fetch manifest strip-ansi@^6.0.1
1757 silly packumentCache full:https://registry.npmjs.org/strip-ansi cache-hit
1758 silly fetch manifest emoji-regex@^8.0.0
1759 silly packumentCache full:https://registry.npmjs.org/emoji-regex cache-miss
1760 silly fetch manifest is-fullwidth-code-point@^3.0.0
1761 silly packumentCache full:https://registry.npmjs.org/is-fullwidth-code-point cache-miss
1762 http cache https://registry.npmjs.org/is-fullwidth-code-point 0ms (cache hit)
1763 silly packumentCache full:https://registry.npmjs.org/is-fullwidth-code-point set size:14578 disposed:false
1764 http cache https://registry.npmjs.org/emoji-regex 1ms (cache hit)
1765 silly packumentCache full:https://registry.npmjs.org/emoji-regex set size:89064 disposed:false
1766 silly placeDep ROOT dot-prop@5.3.0 OK for: configstore@5.0.1 want: ^5.2.0
1767 silly placeDep ROOT make-dir@3.1.0 OK for: configstore@5.0.1 want: ^3.0.0
1768 silly placeDep ROOT unique-string@2.0.0 OK for: configstore@5.0.1 want: ^2.0.0
1769 silly placeDep ROOT write-file-atomic@3.0.3 OK for: configstore@5.0.1 want: ^3.0.0
1770 silly placeDep ROOT xdg-basedir@4.0.0 OK for: configstore@5.0.1 want: ^4.0.0
1771 silly fetch manifest is-obj@^2.0.0
1772 silly packumentCache full:https://registry.npmjs.org/is-obj cache-miss
1773 silly fetch manifest semver@^6.0.0
1774 silly packumentCache full:https://registry.npmjs.org/semver cache-hit
1775 silly fetch manifest crypto-random-string@^2.0.0
1776 silly packumentCache full:https://registry.npmjs.org/crypto-random-string cache-miss
1777 silly fetch manifest imurmurhash@^0.1.4
1778 silly packumentCache full:https://registry.npmjs.org/imurmurhash cache-miss
1779 silly fetch manifest signal-exit@^3.0.2
1780 silly packumentCache full:https://registry.npmjs.org/signal-exit cache-hit
1781 silly fetch manifest is-typedarray@^1.0.0
1782 silly packumentCache full:https://registry.npmjs.org/is-typedarray cache-miss
1783 silly fetch manifest typedarray-to-buffer@^3.1.5
1784 silly packumentCache full:https://registry.npmjs.org/typedarray-to-buffer cache-miss
1785 http cache https://registry.npmjs.org/is-typedarray 1ms (cache hit)
1786 silly packumentCache full:https://registry.npmjs.org/is-typedarray set size:3992 disposed:false
1787 http cache https://registry.npmjs.org/is-obj 2ms (cache hit)
1788 silly packumentCache full:https://registry.npmjs.org/is-obj set size:9560 disposed:false
1789 http cache https://registry.npmjs.org/imurmurhash 1ms (cache hit)
1790 silly packumentCache full:https://registry.npmjs.org/imurmurhash set size:35819 disposed:false
1791 http cache https://registry.npmjs.org/crypto-random-string 2ms (cache hit)
1792 silly packumentCache full:https://registry.npmjs.org/crypto-random-string set size:31541 disposed:false
1793 http cache https://registry.npmjs.org/typedarray-to-buffer 2ms (cache hit)
1794 silly packumentCache full:https://registry.npmjs.org/typedarray-to-buffer set size:38803 disposed:false
1795 silly placeDep ROOT object-assign@4.1.1 OK for: cors@2.8.6 want: ^4
1796 silly placeDep ROOT vary@1.1.2 OK for: cors@2.8.6 want: ^1
1797 silly placeDep ROOT path-key@3.1.1 OK for: cross-spawn@7.0.6 want: ^3.1.0
1798 silly placeDep ROOT shebang-command@2.0.0 OK for: cross-spawn@7.0.6 want: ^2.0.0
1799 silly placeDep ROOT which@2.0.2 OK for: cross-spawn@7.0.6 want: ^2.0.1
1800 silly fetch manifest shebang-regex@^3.0.0
1801 silly packumentCache full:https://registry.npmjs.org/shebang-regex cache-miss
1802 silly fetch manifest isexe@^2.0.0
1803 silly packumentCache full:https://registry.npmjs.org/isexe cache-miss
1804 http cache https://registry.npmjs.org/shebang-regex 1ms (cache hit)
1805 silly packumentCache full:https://registry.npmjs.org/shebang-regex set size:9763 disposed:false
1806 http cache https://registry.npmjs.org/isexe 1ms (cache hit)
1807 silly packumentCache full:https://registry.npmjs.org/isexe set size:31756 disposed:false
1808 silly placeDep ROOT ms@2.0.0 OK for: debug@2.6.9 want: 2.0.0
1809 silly placeDep ROOT sort-any@4.0.7 OK for: deep-equal-in-any-order@2.2.0 want: ^4.0.0
1810 silly placeDep ROOT is-obj@2.0.0 OK for: dot-prop@5.3.0 want: ^2.0.0
1811 silly placeDep ROOT @apidevtools/json-schema-ref-parser@9.1.2 OK for: exegesis@4.3.0 want: ^9.0.3
1812 silly placeDep node_modules/exegesis ajv-formats@2.1.1 OK for: exegesis@4.3.0 want: ^2.1.0
1813 silly placeDep ROOT deep-freeze@0.0.1 OK for: exegesis@4.3.0 want: 0.0.1
1814 silly placeDep ROOT events-listener@1.1.0 OK for: exegesis@4.3.0 want: ^1.1.0
1815 silly placeDep ROOT json-ptr@3.1.1 OK for: exegesis@4.3.0 want: ^3.0.1
1816 silly placeDep ROOT openapi3-ts@3.2.0 OK for: exegesis@4.3.0 want: ^3.1.1
1817 silly placeDep ROOT promise-breaker@6.0.0 OK for: exegesis@4.3.0 want: ^6.0.0
1818 silly placeDep node_modules/exegesis raw-body@2.5.3 OK for: exegesis@4.3.0 want: ^2.3.3
1819 silly fetch manifest js-yaml@^4.1.0
1820 silly packumentCache full:https://registry.npmjs.org/js-yaml cache-hit
1821 silly fetch manifest call-me-maybe@^1.0.1
1822 silly packumentCache full:https://registry.npmjs.org/call-me-maybe cache-miss
1823 silly fetch manifest @jsdevtools/ono@^7.1.3
1824 silly packumentCache full:https://registry.npmjs.org/@jsdevtools%2fono cache-miss
1825 silly fetch manifest @types/json-schema@^7.0.6
1826 silly packumentCache full:https://registry.npmjs.org/@types%2fjson-schema cache-miss
1827 http cache https://registry.npmjs.org/@types%2fjson-schema 1ms (cache hit)
1828 silly packumentCache full:https://registry.npmjs.org/@types%2fjson-schema set size:44704 disposed:false
1829 http cache https://registry.npmjs.org/call-me-maybe 1ms (cache hit)
1830 silly packumentCache full:https://registry.npmjs.org/call-me-maybe set size:11485 disposed:false
1831 http cache https://registry.npmjs.org/@jsdevtools%2fono 1ms (cache hit)
1832 silly packumentCache full:https://registry.npmjs.org/@jsdevtools%2fono set size:45695 disposed:false
1833 silly placeDep ROOT @jsdevtools/ono@7.1.3 OK for: @apidevtools/json-schema-ref-parser@9.1.2 want: ^7.1.3
1834 silly placeDep ROOT @types/json-schema@7.0.15 OK for: @apidevtools/json-schema-ref-parser@9.1.2 want: ^7.0.6
1835 silly placeDep ROOT call-me-maybe@1.0.2 OK for: @apidevtools/json-schema-ref-parser@9.1.2 want: ^1.0.1
1836 silly placeDep node_modules/@apidevtools/json-schema-ref-parser js-yaml@4.2.0 OK for: @apidevtools/json-schema-ref-parser@9.1.2 want: ^4.1.0
1837 silly placeDep ROOT accepts@1.3.8 OK for: express@4.22.2 want: ~1.3.8
1838 silly placeDep ROOT array-flatten@1.1.1 OK for: express@4.22.2 want: 1.1.1
1839 silly placeDep ROOT content-disposition@0.5.4 OK for: express@4.22.2 want: ~0.5.4
1840 silly placeDep ROOT cookie@0.7.2 OK for: express@4.22.2 want: ~0.7.1
1841 silly placeDep ROOT cookie-signature@1.0.7 OK for: express@4.22.2 want: ~1.0.6
1842 silly placeDep ROOT encodeurl@2.0.0 OK for: express@4.22.2 want: ~2.0.0
1843 silly placeDep ROOT escape-html@1.0.3 OK for: express@4.22.2 want: ~1.0.3
1844 silly placeDep ROOT etag@1.8.1 OK for: express@4.22.2 want: ~1.8.1
1845 silly placeDep ROOT finalhandler@1.3.2 OK for: express@4.22.2 want: ~1.3.1
1846 silly placeDep ROOT fresh@0.5.2 OK for: express@4.22.2 want: ~0.5.2
1847 silly placeDep ROOT merge-descriptors@1.0.3 OK for: express@4.22.2 want: 1.0.3
1848 silly placeDep ROOT methods@1.1.2 OK for: express@4.22.2 want: ~1.1.2
1849 silly placeDep ROOT parseurl@1.3.3 OK for: express@4.22.2 want: ~1.3.3
1850 silly placeDep ROOT path-to-regexp@0.1.13 OK for: express@4.22.2 want: ~0.1.12
1851 silly placeDep ROOT proxy-addr@2.0.7 OK for: express@4.22.2 want: ~2.0.7
1852 silly placeDep ROOT range-parser@1.2.1 OK for: express@4.22.2 want: ~1.2.1
1853 silly placeDep ROOT safe-buffer@5.2.1 OK for: express@4.22.2 want: 5.2.1
1854 silly placeDep ROOT send@0.19.2 OK for: express@4.22.2 want: ~0.19.0
1855 silly placeDep ROOT serve-static@1.16.3 OK for: express@4.22.2 want: ~1.16.2
1856 silly placeDep ROOT setprototypeof@1.2.0 OK for: express@4.22.2 want: 1.2.0
1857 silly placeDep ROOT statuses@2.0.2 OK for: express@4.22.2 want: ~2.0.1
1858 silly placeDep ROOT utils-merge@1.0.1 OK for: express@4.22.2 want: 1.0.1
1859 silly fetch manifest mime-types@~2.1.34
1860 silly packumentCache full:https://registry.npmjs.org/mime-types cache-hit
1861 silly fetch manifest negotiator@0.6.3
1862 silly packumentCache full:https://registry.npmjs.org/negotiator cache-miss
1863 silly fetch manifest forwarded@0.2.0
1864 silly packumentCache full:https://registry.npmjs.org/forwarded cache-miss
1865 silly fetch manifest ipaddr.js@1.9.1
1866 silly packumentCache full:https://registry.npmjs.org/ipaddr.js cache-miss
1867 silly fetch manifest ms@2.1.3
1868 silly packumentCache full:https://registry.npmjs.org/ms cache-hit
1869 silly fetch manifest mime@1.6.0
1870 silly packumentCache full:https://registry.npmjs.org/mime cache-hit
1871 http cache https://registry.npmjs.org/forwarded 12ms (cache hit)
1872 silly packumentCache full:https://registry.npmjs.org/forwarded set size:11229 disposed:false
1873 http cache https://registry.npmjs.org/negotiator 13ms (cache hit)
1874 silly packumentCache full:https://registry.npmjs.org/negotiator set size:48046 disposed:false
1875 http cache https://registry.npmjs.org/ipaddr.js 13ms (cache hit)
1876 silly packumentCache full:https://registry.npmjs.org/ipaddr.js set size:69563 disposed:false
1877 silly placeDep ROOT mime-types@2.1.35 OK for: accepts@1.3.8 want: ~2.1.34
1878 silly placeDep ROOT negotiator@0.6.3 OK for: accepts@1.3.8 want: 0.6.3
1879 silly fetch manifest mime-db@1.52.0
1880 silly packumentCache full:https://registry.npmjs.org/mime-db cache-miss
1881 http cache https://registry.npmjs.org/mime-db 4ms (cache hit)
1882 silly packumentCache full:https://registry.npmjs.org/mime-db set size:164953 disposed:false
1883 silly placeDep ROOT ip-address@10.2.0 OK for: express-rate-limit@8.5.2 want: ^10.2.0
1884 silly placeDep ROOT to-regex-range@5.0.1 OK for: fill-range@7.1.1 want: ^5.0.1
1885 silly fetch manifest is-number@^7.0.0
1886 silly packumentCache full:https://registry.npmjs.org/is-number cache-miss
1887 http cache https://registry.npmjs.org/is-number 1ms (cache hit)
1888 silly packumentCache full:https://registry.npmjs.org/is-number set size:36183 disposed:false
1889 silly placeDep ROOT asynckit@0.4.0 OK for: form-data@4.0.5 want: ^0.4.0
1890 silly placeDep ROOT combined-stream@1.0.8 OK for: form-data@4.0.5 want: ^1.0.8
1891 silly placeDep ROOT es-set-tostringtag@2.1.0 OK for: form-data@4.0.5 want: ^2.1.0
1892 silly placeDep ROOT hasown@2.0.4 OK for: form-data@4.0.5 want: ^2.0.2
1893 silly fetch manifest delayed-stream@~1.0.0
1894 silly packumentCache full:https://registry.npmjs.org/delayed-stream cache-miss
1895 silly fetch manifest es-errors@^1.3.0
1896 silly packumentCache full:https://registry.npmjs.org/es-errors cache-miss
1897 silly fetch manifest get-intrinsic@^1.2.6
1898 silly packumentCache full:https://registry.npmjs.org/get-intrinsic cache-miss
1899 silly fetch manifest has-tostringtag@^1.0.2
1900 silly packumentCache full:https://registry.npmjs.org/has-tostringtag cache-miss
1901 silly fetch manifest function-bind@^1.1.2
1902 silly packumentCache full:https://registry.npmjs.org/function-bind cache-miss
1903 http cache https://registry.npmjs.org/es-errors 2ms (cache hit)
1904 silly packumentCache full:https://registry.npmjs.org/es-errors set size:16918 disposed:false
1905 http cache https://registry.npmjs.org/has-tostringtag 1ms (cache hit)
1906 silly packumentCache full:https://registry.npmjs.org/has-tostringtag set size:13945 disposed:false
1907 http cache https://registry.npmjs.org/get-intrinsic 2ms (cache hit)
1908 silly packumentCache full:https://registry.npmjs.org/get-intrinsic set size:60985 disposed:false
1909 http cache https://registry.npmjs.org/delayed-stream 3ms (cache hit)
1910 silly packumentCache full:https://registry.npmjs.org/delayed-stream set size:15820 disposed:false
1911 http cache https://registry.npmjs.org/function-bind 2ms (cache hit)
1912 silly packumentCache full:https://registry.npmjs.org/function-bind set size:15733 disposed:false
1913 silly placeDep ROOT delayed-stream@1.0.0 OK for: combined-stream@1.0.8 want: ~1.0.0
1914 silly placeDep ROOT es-errors@1.3.0 OK for: es-set-tostringtag@2.1.0 want: ^1.3.0
1915 silly placeDep ROOT get-intrinsic@1.3.0 OK for: es-set-tostringtag@2.1.0 want: ^1.2.6
1916 silly placeDep ROOT has-tostringtag@1.0.2 OK for: es-set-tostringtag@2.1.0 want: ^1.0.2
1917 silly fetch manifest gopd@^1.2.0
1918 silly packumentCache full:https://registry.npmjs.org/gopd cache-miss
1919 silly fetch manifest get-proto@^1.0.1
1920 silly packumentCache full:https://registry.npmjs.org/get-proto cache-miss
1921 silly fetch manifest has-symbols@^1.1.0
1922 silly packumentCache full:https://registry.npmjs.org/has-symbols cache-miss
1923 silly fetch manifest es-object-atoms@^1.1.1
1924 silly packumentCache full:https://registry.npmjs.org/es-object-atoms cache-miss
1925 silly fetch manifest math-intrinsics@^1.1.0
1926 silly packumentCache full:https://registry.npmjs.org/math-intrinsics cache-miss
1927 silly fetch manifest es-define-property@^1.0.1
1928 silly packumentCache full:https://registry.npmjs.org/es-define-property cache-miss
1929 silly fetch manifest call-bind-apply-helpers@^1.0.2
1930 silly packumentCache full:https://registry.npmjs.org/call-bind-apply-helpers cache-miss
1931 silly fetch manifest has-symbols@^1.0.3
1932 silly packumentCache full:https://registry.npmjs.org/has-symbols cache-miss
1933 http cache https://registry.npmjs.org/has-symbols 2ms (cache hit)
1934 silly packumentCache full:https://registry.npmjs.org/has-symbols set size:21550 disposed:false
1935 http cache https://registry.npmjs.org/has-symbols 2ms (cache hit)
1936 silly packumentCache full:https://registry.npmjs.org/has-symbols set size:21550 disposed:false
1937 silly packumentCache full:https://registry.npmjs.org/has-symbols dispose
1938 http cache https://registry.npmjs.org/gopd 2ms (cache hit)
1939 silly packumentCache full:https://registry.npmjs.org/gopd set size:11458 disposed:false
1940 http cache https://registry.npmjs.org/es-object-atoms 2ms (cache hit)
1941 silly packumentCache full:https://registry.npmjs.org/es-object-atoms set size:18278 disposed:false
1942 http cache https://registry.npmjs.org/call-bind-apply-helpers 2ms (cache hit)
1943 silly packumentCache full:https://registry.npmjs.org/call-bind-apply-helpers set size:12744 disposed:false
1944 http cache https://registry.npmjs.org/get-proto 2ms (cache hit)
1945 silly packumentCache full:https://registry.npmjs.org/get-proto set size:8300 disposed:false
1946 http cache https://registry.npmjs.org/es-define-property 2ms (cache hit)
1947 silly packumentCache full:https://registry.npmjs.org/es-define-property set size:8542 disposed:false
1948 http cache https://registry.npmjs.org/math-intrinsics 3ms (cache hit)
1949 silly packumentCache full:https://registry.npmjs.org/math-intrinsics set size:9265 disposed:false
1950 silly placeDep ROOT jsonfile@6.2.1 OK for: fs-extra@10.1.0 want: ^6.0.1
1951 silly placeDep ROOT universalify@2.0.1 OK for: fs-extra@10.1.0 want: ^2.0.0
1952 silly placeDep ROOT https-proxy-agent@7.0.6 OK for: gaxios@6.7.1 want: ^7.0.1
1953 silly placeDep node_modules/gaxios uuid@9.0.1 OK for: gaxios@6.7.1 want: ^9.0.1
1954 silly fetch manifest debug@4
1955 silly packumentCache full:https://registry.npmjs.org/debug cache-hit
1956 silly placeDep ROOT call-bind-apply-helpers@1.0.2 OK for: get-intrinsic@1.3.0 want: ^1.0.2
1957 silly placeDep ROOT es-define-property@1.0.1 OK for: get-intrinsic@1.3.0 want: ^1.0.1
1958 silly placeDep ROOT es-object-atoms@1.1.2 OK for: get-intrinsic@1.3.0 want: ^1.1.1
1959 silly placeDep ROOT function-bind@1.1.2 OK for: get-intrinsic@1.3.0 want: ^1.1.2
1960 silly placeDep ROOT get-proto@1.0.1 OK for: get-intrinsic@1.3.0 want: ^1.0.1
1961 silly placeDep ROOT gopd@1.2.0 OK for: get-intrinsic@1.3.0 want: ^1.2.0
1962 silly placeDep ROOT has-symbols@1.1.0 OK for: get-intrinsic@1.3.0 want: ^1.1.0
1963 silly placeDep ROOT math-intrinsics@1.1.0 OK for: get-intrinsic@1.3.0 want: ^1.1.0
1964 silly fetch manifest dunder-proto@^1.0.1
1965 silly packumentCache full:https://registry.npmjs.org/dunder-proto cache-miss
1966 http cache https://registry.npmjs.org/dunder-proto 1ms (cache hit)
1967 silly packumentCache full:https://registry.npmjs.org/dunder-proto set size:8256 disposed:false
1968 silly placeDep ROOT dunder-proto@1.0.1 OK for: get-proto@1.0.1 want: ^1.0.1
1969 silly placeDep ROOT foreground-child@3.3.1 OK for: glob@10.5.0 want: ^3.1.0
1970 silly placeDep ROOT jackspeak@3.4.3 OK for: glob@10.5.0 want: ^3.1.2
1971 silly placeDep node_modules/glob minimatch@9.0.9 OK for: glob@10.5.0 want: ^9.0.4
1972 silly placeDep ROOT minipass@7.1.3 OK for: glob@10.5.0 want: ^7.1.2
1973 silly placeDep ROOT package-json-from-dist@1.0.1 OK for: glob@10.5.0 want: ^1.0.0
1974 silly placeDep ROOT path-scurry@1.11.1 OK for: glob@10.5.0 want: ^1.11.1
1975 silly fetch manifest @isaacs/cliui@^8.0.2
1976 silly packumentCache full:https://registry.npmjs.org/@isaacs%2fcliui cache-miss
1977 silly fetch manifest @pkgjs/parseargs@^0.11.0
1978 silly packumentCache full:https://registry.npmjs.org/@pkgjs%2fparseargs cache-miss
1979 silly fetch manifest brace-expansion@^2.0.2
1980 silly packumentCache full:https://registry.npmjs.org/brace-expansion cache-hit
1981 silly fetch manifest lru-cache@^10.2.0
1982 silly packumentCache full:https://registry.npmjs.org/lru-cache cache-hit
1983 http cache https://registry.npmjs.org/@pkgjs%2fparseargs 1ms (cache hit)
1984 silly packumentCache full:https://registry.npmjs.org/@pkgjs%2fparseargs set size:51085 disposed:false
1985 http cache https://registry.npmjs.org/@isaacs%2fcliui 2ms (cache hit)
1986 silly packumentCache full:https://registry.npmjs.org/@isaacs%2fcliui set size:12263 disposed:false
1987 silly placeDep ROOT base64-js@1.5.1 OK for: google-auth-library@9.15.1 want: ^1.3.0
1988 silly placeDep ROOT ecdsa-sig-formatter@1.0.11 OK for: google-auth-library@9.15.1 want: ^1.0.11
1989 silly placeDep ROOT gcp-metadata@6.1.1 OK for: google-auth-library@9.15.1 want: ^6.1.0
1990 silly placeDep ROOT gtoken@7.1.0 OK for: google-auth-library@9.15.1 want: ^7.0.0
1991 silly placeDep ROOT jws@4.0.1 OK for: google-auth-library@9.15.1 want: ^4.0.0
1992 silly fetch manifest json-bigint@^1.0.0
1993 silly packumentCache full:https://registry.npmjs.org/json-bigint cache-miss
1994 silly fetch manifest google-logging-utils@^0.0.2
1995 silly packumentCache full:https://registry.npmjs.org/google-logging-utils cache-hit
1996 silly fetch manifest jwa@^2.0.1
1997 silly packumentCache full:https://registry.npmjs.org/jwa cache-miss
1998 http cache https://registry.npmjs.org/json-bigint 2ms (cache hit)
1999 silly packumentCache full:https://registry.npmjs.org/json-bigint set size:36963 disposed:false
2000 http cache https://registry.npmjs.org/jwa 1ms (cache hit)
2001 silly packumentCache full:https://registry.npmjs.org/jwa set size:39956 disposed:false
2002 silly placeDep ROOT google-logging-utils@0.0.2 OK for: gcp-metadata@6.1.1 want: ^0.0.2
2003 silly placeDep ROOT json-bigint@1.0.0 OK for: gcp-metadata@6.1.1 want: ^1.0.0
2004 silly fetch manifest bignumber.js@^9.0.0
2005 silly packumentCache full:https://registry.npmjs.org/bignumber.js cache-miss
2006 http cache https://registry.npmjs.org/bignumber.js 1ms (cache hit)
2007 silly packumentCache full:https://registry.npmjs.org/bignumber.js set size:141972 disposed:false
2008 silly placeDep ROOT @grpc/grpc-js@1.14.4 OK for: google-gax@5.0.6 want: ^1.12.6
2009 silly placeDep ROOT @grpc/proto-loader@0.8.1 OK for: google-gax@5.0.6 want: ^0.8.0
2010 silly placeDep ROOT duplexify@4.1.3 OK for: google-gax@5.0.6 want: ^4.1.3
2011 silly placeDep node_modules/google-gax google-auth-library@10.6.2 OK for: google-gax@5.0.6 want: ^10.1.0
2012 silly placeDep node_modules/google-gax google-logging-utils@1.1.3 OK for: google-gax@5.0.6 want: ^1.1.1
2013 silly placeDep node_modules/google-gax node-fetch@3.3.2 OK for: google-gax@5.0.6 want: ^3.3.2
2014 silly placeDep ROOT object-hash@3.0.0 OK for: google-gax@5.0.6 want: ^3.0.0
2015 silly placeDep ROOT proto3-json-serializer@3.0.4 OK for: google-gax@5.0.6 want: ^3.0.0
2016 silly placeDep ROOT protobufjs@7.6.2 OK for: google-gax@5.0.6 want: ^7.5.3
2017 silly placeDep ROOT retry-request@8.0.2 OK for: google-gax@5.0.6 want: ^8.0.0
2018 silly placeDep ROOT rimraf@5.0.10 OK for: google-gax@5.0.6 want: ^5.0.1
2019 silly fetch manifest @js-sdsl/ordered-map@^4.4.2
2020 silly packumentCache full:https://registry.npmjs.org/@js-sdsl%2fordered-map cache-miss
2021 silly fetch manifest lodash.camelcase@^4.3.0
2022 silly packumentCache full:https://registry.npmjs.org/lodash.camelcase cache-miss
2023 silly fetch manifest long@^5.0.0
2024 silly packumentCache full:https://registry.npmjs.org/long cache-miss
2025 silly fetch manifest protobufjs@^7.5.5
2026 silly packumentCache full:https://registry.npmjs.org/protobufjs cache-hit
2027 silly fetch manifest yargs@^17.7.2
2028 silly packumentCache full:https://registry.npmjs.org/yargs cache-miss
2029 silly fetch manifest end-of-stream@^1.4.1
2030 silly packumentCache full:https://registry.npmjs.org/end-of-stream cache-miss
2031 silly fetch manifest inherits@^2.0.3
2032 silly packumentCache full:https://registry.npmjs.org/inherits cache-hit
2033 silly fetch manifest readable-stream@^3.1.1
2034 silly packumentCache full:https://registry.npmjs.org/readable-stream cache-hit
2035 silly fetch manifest stream-shift@^1.0.2
2036 silly packumentCache full:https://registry.npmjs.org/stream-shift cache-miss
2037 silly fetch manifest data-uri-to-buffer@^4.0.0
2038 silly packumentCache full:https://registry.npmjs.org/data-uri-to-buffer cache-miss
2039 silly fetch manifest fetch-blob@^3.1.4
2040 silly packumentCache full:https://registry.npmjs.org/fetch-blob cache-miss
2041 silly fetch manifest formdata-polyfill@^4.0.10
2042 silly packumentCache full:https://registry.npmjs.org/formdata-polyfill cache-miss
2043 http cache https://registry.npmjs.org/long 3ms (cache hit)
2044 silly packumentCache full:https://registry.npmjs.org/long set size:80704 disposed:false
2045 silly fetch manifest protobufjs@^7.4.0
2046 silly packumentCache full:https://registry.npmjs.org/protobufjs cache-hit
2047 silly fetch manifest @protobufjs/aspromise@^1.1.2
2048 silly packumentCache full:https://registry.npmjs.org/@protobufjs%2faspromise cache-miss
2049 http cache https://registry.npmjs.org/stream-shift 3ms (cache hit)
2050 silly packumentCache full:https://registry.npmjs.org/stream-shift set size:8066 disposed:false
2051 silly fetch manifest @protobufjs/base64@^1.1.2
2052 silly packumentCache full:https://registry.npmjs.org/@protobufjs%2fbase64 cache-miss
2053 http cache https://registry.npmjs.org/data-uri-to-buffer 4ms (cache hit)
2054 silly packumentCache full:https://registry.npmjs.org/data-uri-to-buffer set size:48018 disposed:false
2055 silly fetch manifest @protobufjs/codegen@^2.0.5
2056 silly packumentCache full:https://registry.npmjs.org/@protobufjs%2fcodegen cache-miss
2057 http cache https://registry.npmjs.org/lodash.camelcase 5ms (cache hit)
2058 silly packumentCache full:https://registry.npmjs.org/lodash.camelcase set size:16993 disposed:false
2059 silly fetch manifest @protobufjs/eventemitter@^1.1.1
2060 silly packumentCache full:https://registry.npmjs.org/@protobufjs%2feventemitter cache-miss
2061 http cache https://registry.npmjs.org/fetch-blob 4ms (cache hit)
2062 silly packumentCache full:https://registry.npmjs.org/fetch-blob set size:73704 disposed:false
2063 silly fetch manifest @protobufjs/fetch@^1.1.1
2064 silly packumentCache full:https://registry.npmjs.org/@protobufjs%2ffetch cache-miss
2065 http cache https://registry.npmjs.org/end-of-stream 6ms (cache hit)
2066 silly packumentCache full:https://registry.npmjs.org/end-of-stream set size:27842 disposed:false
2067 silly fetch manifest @protobufjs/float@^1.0.2
2068 silly packumentCache full:https://registry.npmjs.org/@protobufjs%2ffloat cache-miss
2069 http cache https://registry.npmjs.org/yargs 7ms (cache hit)
2070 silly packumentCache full:https://registry.npmjs.org/yargs set size:743056 disposed:false
2071 silly fetch manifest @protobufjs/inquire@^1.1.2
2072 silly packumentCache full:https://registry.npmjs.org/@protobufjs%2finquire cache-miss
2073 http cache https://registry.npmjs.org/@js-sdsl%2fordered-map 9ms (cache hit)
2074 silly packumentCache full:https://registry.npmjs.org/@js-sdsl%2fordered-map set size:63788 disposed:false
2075 silly fetch manifest @protobufjs/path@^1.1.2
2076 silly packumentCache full:https://registry.npmjs.org/@protobufjs%2fpath cache-miss
2077 http cache https://registry.npmjs.org/formdata-polyfill 8ms (cache hit)
2078 silly packumentCache full:https://registry.npmjs.org/formdata-polyfill set size:94446 disposed:false
2079 silly fetch manifest @protobufjs/pool@^1.1.0
2080 silly packumentCache full:https://registry.npmjs.org/@protobufjs%2fpool cache-miss
2081 http cache https://registry.npmjs.org/@protobufjs%2fcodegen 6ms (cache hit)
2082 silly packumentCache full:https://registry.npmjs.org/@protobufjs%2fcodegen set size:23820 disposed:false
2083 silly fetch manifest @protobufjs/utf8@^1.1.1
2084 silly packumentCache full:https://registry.npmjs.org/@protobufjs%2futf8 cache-miss
2085 http cache https://registry.npmjs.org/@protobufjs%2faspromise 7ms (cache hit)
2086 silly packumentCache full:https://registry.npmjs.org/@protobufjs%2faspromise set size:11438 disposed:false
2087 silly fetch manifest @types/node@>=13.7.0
2088 silly packumentCache full:https://registry.npmjs.org/@types%2fnode cache-miss
2089 http cache https://registry.npmjs.org/@protobufjs%2ffetch 5ms (cache hit)
2090 silly packumentCache full:https://registry.npmjs.org/@protobufjs%2ffetch set size:12023 disposed:false
2091 silly fetch manifest long@^5.3.2
2092 silly packumentCache full:https://registry.npmjs.org/long cache-hit
2093 silly fetch manifest teeny-request@^10.0.0
2094 silly packumentCache full:https://registry.npmjs.org/teeny-request cache-miss
2095 http cache https://registry.npmjs.org/@protobufjs%2fbase64 7ms (cache hit)
2096 silly packumentCache full:https://registry.npmjs.org/@protobufjs%2fbase64 set size:14176 disposed:false
2097 http cache https://registry.npmjs.org/@protobufjs%2feventemitter 7ms (cache hit)
2098 silly packumentCache full:https://registry.npmjs.org/@protobufjs%2feventemitter set size:13173 disposed:false
2099 http cache https://registry.npmjs.org/@protobufjs%2fpath 3ms (cache hit)
2100 silly packumentCache full:https://registry.npmjs.org/@protobufjs%2fpath set size:10241 disposed:false
2101 http cache https://registry.npmjs.org/@protobufjs%2ffloat 6ms (cache hit)
2102 silly packumentCache full:https://registry.npmjs.org/@protobufjs%2ffloat set size:9957 disposed:false
2103 http cache https://registry.npmjs.org/@protobufjs%2finquire 3ms (cache hit)
2104 silly packumentCache full:https://registry.npmjs.org/@protobufjs%2finquire set size:10538 disposed:false
2105 http cache https://registry.npmjs.org/@protobufjs%2fpool 2ms (cache hit)
2106 silly packumentCache full:https://registry.npmjs.org/@protobufjs%2fpool set size:10727 disposed:false
2107 http cache https://registry.npmjs.org/@protobufjs%2futf8 2ms (cache hit)
2108 silly packumentCache full:https://registry.npmjs.org/@protobufjs%2futf8 set size:15634 disposed:false
2109 http cache https://registry.npmjs.org/teeny-request 2ms (cache hit)
2110 silly packumentCache full:https://registry.npmjs.org/teeny-request set size:173040 disposed:false
2111 http cache https://registry.npmjs.org/@types%2fnode 9ms (cache hit)
2112 silly packumentCache full:https://registry.npmjs.org/@types%2fnode set size:11015753 disposed:false
2113 silly placeDep ROOT @js-sdsl/ordered-map@4.4.2 OK for: @grpc/grpc-js@1.14.4 want: ^4.4.2
2114 silly placeDep ROOT lodash.camelcase@4.3.0 OK for: @grpc/proto-loader@0.8.1 want: ^4.3.0
2115 silly placeDep ROOT long@5.3.2 OK for: @grpc/proto-loader@0.8.1 want: ^5.0.0
2116 silly placeDep ROOT yargs@17.7.2 OK for: @grpc/proto-loader@0.8.1 want: ^17.7.2
2117 silly fetch manifest y18n@^5.0.5
2118 silly packumentCache full:https://registry.npmjs.org/y18n cache-miss
2119 silly fetch manifest cliui@^8.0.1
2120 silly packumentCache full:https://registry.npmjs.org/cliui cache-miss
2121 silly fetch manifest escalade@^3.1.1
2122 silly packumentCache full:https://registry.npmjs.org/escalade cache-miss
2123 silly fetch manifest yargs-parser@^21.1.1
2124 silly packumentCache full:https://registry.npmjs.org/yargs-parser cache-miss
2125 silly fetch manifest get-caller-file@^2.0.5
2126 silly packumentCache full:https://registry.npmjs.org/get-caller-file cache-miss
2127 silly fetch manifest require-directory@^2.1.1
2128 silly packumentCache full:https://registry.npmjs.org/require-directory cache-miss
2129 http cache https://registry.npmjs.org/escalade 2ms (cache hit)
2130 silly packumentCache full:https://registry.npmjs.org/escalade set size:33724 disposed:false
2131 http cache https://registry.npmjs.org/y18n 2ms (cache hit)
2132 silly packumentCache full:https://registry.npmjs.org/y18n set size:76155 disposed:false
2133 http cache https://registry.npmjs.org/get-caller-file 3ms (cache hit)
2134 silly packumentCache full:https://registry.npmjs.org/get-caller-file set size:26456 disposed:false
2135 http cache https://registry.npmjs.org/require-directory 3ms (cache hit)
2136 silly packumentCache full:https://registry.npmjs.org/require-directory set size:26866 disposed:false
2137 http cache https://registry.npmjs.org/yargs-parser 3ms (cache hit)
2138 silly packumentCache full:https://registry.npmjs.org/yargs-parser set size:238630 disposed:false
2139 http cache https://registry.npmjs.org/cliui 4ms (cache hit)
2140 silly packumentCache full:https://registry.npmjs.org/cliui set size:69089 disposed:false
2141 silly placeDep ROOT end-of-stream@1.4.5 OK for: duplexify@4.1.3 want: ^1.4.1
2142 silly placeDep ROOT inherits@2.0.4 OK for: duplexify@4.1.3 want: ^2.0.3
2143 silly placeDep node_modules/duplexify readable-stream@3.6.2 OK for: duplexify@4.1.3 want: ^3.1.1
2144 silly placeDep ROOT stream-shift@1.0.3 OK for: duplexify@4.1.3 want: ^1.0.2
2145 silly fetch manifest string_decoder@^1.1.1
2146 silly packumentCache full:https://registry.npmjs.org/string_decoder cache-hit
2147 silly fetch manifest util-deprecate@^1.0.1
2148 silly packumentCache full:https://registry.npmjs.org/util-deprecate cache-miss
2149 http cache https://registry.npmjs.org/util-deprecate 1ms (cache hit)
2150 silly packumentCache full:https://registry.npmjs.org/util-deprecate set size:6674 disposed:false
2151 silly placeDep ROOT once@1.4.0 OK for: end-of-stream@1.4.5 want: ^1.4.0
2152 silly fetch manifest wrappy@1
2153 silly packumentCache full:https://registry.npmjs.org/wrappy cache-miss
2154 http cache https://registry.npmjs.org/wrappy 1ms (cache hit)
2155 silly packumentCache full:https://registry.npmjs.org/wrappy set size:7682 disposed:false
2156 silly placeDep node_modules/googleapis-common gaxios@7.1.4 OK for: googleapis-common@8.0.1 want: ^7.0.0-rc.4
2157 silly placeDep node_modules/googleapis-common google-auth-library@10.6.2 OK for: googleapis-common@8.0.1 want: ^10.1.0
2158 silly placeDep ROOT url-template@2.0.8 OK for: googleapis-common@8.0.1 want: ^2.0.8
2159 silly placeDep ROOT toidentifier@1.0.1 OK for: http-errors@2.0.1 want: ~1.0.1
2160 silly placeDep ROOT agent-base@7.1.4 OK for: https-proxy-agent@7.0.6 want: ^7.1.2
2161 silly placeDep node_modules/https-proxy-agent debug@4.4.3 OK for: https-proxy-agent@7.0.6 want: 4
2162 silly fetch manifest ms@^2.1.3
2163 silly packumentCache full:https://registry.npmjs.org/ms cache-hit
2164 silly placeDep ROOT safer-buffer@2.1.2 OK for: iconv-lite@0.7.2 want: >= 2.1.2 < 3.0.0
2165 silly placeDep ROOT binary-extensions@2.3.0 OK for: is-binary-path@2.1.0 want: ^2.0.0
2166 silly placeDep ROOT is-extglob@2.1.1 OK for: is-glob@4.0.3 want: ^2.1.1
2167 silly placeDep ROOT @isaacs/cliui@8.0.2 OK for: jackspeak@3.4.3 want: ^8.0.2
2168 silly placeDep ROOT @pkgjs/parseargs@0.11.0 OK for: jackspeak@3.4.3 want: ^0.11.0
2169 silly fetch manifest wrap-ansi@^8.1.0
2170 silly packumentCache full:https://registry.npmjs.org/wrap-ansi cache-hit
2171 silly fetch manifest strip-ansi@^7.0.1
2172 silly packumentCache full:https://registry.npmjs.org/strip-ansi cache-hit
2173 silly fetch manifest string-width@^5.1.2
2174 silly packumentCache full:https://registry.npmjs.org/string-width cache-hit
2175 silly fetch manifest wrap-ansi-cjs@npm:wrap-ansi@^7.0.0
2176 silly packumentCache full:https://registry.npmjs.org/wrap-ansi cache-hit
2177 silly fetch manifest strip-ansi-cjs@npm:strip-ansi@^6.0.1
2178 silly packumentCache full:https://registry.npmjs.org/strip-ansi cache-hit
2179 silly fetch manifest string-width-cjs@npm:string-width@^4.2.0
2180 silly packumentCache full:https://registry.npmjs.org/string-width cache-hit
2181 silly placeDep node_modules/@isaacs/cliui string-width@5.1.2 OK for: @isaacs/cliui@8.0.2 want: ^5.1.2
2182 silly placeDep ROOT string-width-cjs@4.2.3 OK for: @isaacs/cliui@8.0.2 want: npm:string-width@^4.2.0
2183 silly placeDep ROOT strip-ansi@7.2.0 OK for: @isaacs/cliui@8.0.2 want: ^7.0.1
2184 silly placeDep ROOT strip-ansi-cjs@6.0.1 OK for: @isaacs/cliui@8.0.2 want: npm:strip-ansi@^6.0.1
2185 silly placeDep node_modules/@isaacs/cliui wrap-ansi@8.1.0 OK for: @isaacs/cliui@8.0.2 want: ^8.1.0
2186 silly placeDep ROOT wrap-ansi-cjs@7.0.0 OK for: @isaacs/cliui@8.0.2 want: npm:wrap-ansi@^7.0.0
2187 silly fetch manifest emoji-regex@^9.2.2
2188 silly packumentCache full:https://registry.npmjs.org/emoji-regex cache-hit
2189 silly fetch manifest eastasianwidth@^0.2.0
2190 silly packumentCache full:https://registry.npmjs.org/eastasianwidth cache-miss
2191 silly fetch manifest ansi-regex@^6.2.2
2192 silly packumentCache full:https://registry.npmjs.org/ansi-regex cache-hit
2193 silly fetch manifest ansi-regex@^5.0.1
2194 silly packumentCache full:https://registry.npmjs.org/ansi-regex cache-hit
2195 silly fetch manifest ansi-styles@^6.1.0
2196 silly packumentCache full:https://registry.npmjs.org/ansi-styles cache-hit
2197 http cache https://registry.npmjs.org/eastasianwidth 3ms (cache hit)
2198 silly packumentCache full:https://registry.npmjs.org/eastasianwidth set size:7890 disposed:false
2199 silly placeDep ROOT argparse@1.0.10 OK for: js-yaml@3.14.2 want: ^1.0.7
2200 silly placeDep ROOT esprima@4.0.1 OK for: js-yaml@3.14.2 want: ^4.0.0
2201 silly fetch manifest sprintf-js@~1.0.2
2202 silly packumentCache full:https://registry.npmjs.org/sprintf-js cache-miss
2203 http cache https://registry.npmjs.org/sprintf-js 1ms (cache hit)
2204 silly packumentCache full:https://registry.npmjs.org/sprintf-js set size:20495 disposed:false
2205 silly placeDep ROOT sprintf-js@1.0.3 OK for: argparse@1.0.10 want: ~1.0.2
2206 silly placeDep ROOT bignumber.js@9.3.1 OK for: json-bigint@1.0.0 want: ^9.0.0
2207 silly placeDep ROOT jju@1.4.0 OK for: json-parse-helpfulerror@1.0.3 want: ^1.1.0
2208 silly placeDep ROOT lodash.includes@4.3.0 OK for: jsonwebtoken@9.0.3 want: ^4.3.0
2209 silly placeDep ROOT lodash.isboolean@3.0.3 OK for: jsonwebtoken@9.0.3 want: ^3.0.3
2210 silly placeDep ROOT lodash.isinteger@4.0.4 OK for: jsonwebtoken@9.0.3 want: ^4.0.4
2211 silly placeDep ROOT lodash.isnumber@3.0.3 OK for: jsonwebtoken@9.0.3 want: ^3.0.3
2212 silly placeDep ROOT lodash.isplainobject@4.0.6 OK for: jsonwebtoken@9.0.3 want: ^4.0.6
2213 silly placeDep ROOT lodash.isstring@4.0.1 OK for: jsonwebtoken@9.0.3 want: ^4.0.1
2214 silly placeDep ROOT lodash.once@4.1.1 OK for: jsonwebtoken@9.0.3 want: ^4.0.0
2215 silly placeDep node_modules/jsonwebtoken ms@2.1.3 OK for: jsonwebtoken@9.0.3 want: ^2.1.1
2216 silly placeDep ROOT jwa@2.0.1 OK for: jws@4.0.1 want: ^2.0.1
2217 silly fetch manifest buffer-equal-constant-time@^1.0.1
2218 silly packumentCache full:https://registry.npmjs.org/buffer-equal-constant-time cache-miss
2219 http cache https://registry.npmjs.org/buffer-equal-constant-time 0ms (cache hit)
2220 silly packumentCache full:https://registry.npmjs.org/buffer-equal-constant-time set size:4390 disposed:false
2221 silly placeDep ROOT buffer-equal-constant-time@1.0.1 OK for: jwa@2.0.1 want: ^1.0.1
2222 silly placeDep node_modules/lazystream readable-stream@2.3.8 OK for: lazystream@1.0.1 want: ^2.0.5
2223 silly fetch manifest isarray@~1.0.0
2224 silly packumentCache full:https://registry.npmjs.org/isarray cache-miss
2225 silly fetch manifest safe-buffer@~5.1.1
2226 silly packumentCache full:https://registry.npmjs.org/safe-buffer cache-hit
2227 silly fetch manifest core-util-is@~1.0.0
2228 silly packumentCache full:https://registry.npmjs.org/core-util-is cache-miss
2229 silly fetch manifest string_decoder@~1.1.1
2230 silly packumentCache full:https://registry.npmjs.org/string_decoder cache-hit
2231 silly fetch manifest util-deprecate@~1.0.1
2232 silly packumentCache full:https://registry.npmjs.org/util-deprecate cache-hit
2233 silly fetch manifest process-nextick-args@~2.0.0
2234 silly packumentCache full:https://registry.npmjs.org/process-nextick-args cache-miss
2235 http cache https://registry.npmjs.org/isarray 1ms (cache hit)
2236 silly packumentCache full:https://registry.npmjs.org/isarray set size:17392 disposed:false
2237 http cache https://registry.npmjs.org/core-util-is 2ms (cache hit)
2238 silly packumentCache full:https://registry.npmjs.org/core-util-is set size:7163 disposed:false
2239 http cache https://registry.npmjs.org/process-nextick-args 2ms (cache hit)
2240 silly packumentCache full:https://registry.npmjs.org/process-nextick-args set size:15428 disposed:false
2241 silly placeDep ROOT libsodium@0.7.16 OK for: libsodium-wrappers@0.7.16 want: ^0.7.16
2242 silly placeDep node_modules/make-dir semver@6.3.1 OK for: make-dir@3.1.0 want: ^6.0.0
2243 silly placeDep ROOT ansi-escapes@7.3.0 OK for: marked-terminal@7.3.0 want: ^7.0.0
2244 silly placeDep ROOT ansi-regex@6.2.2 OK for: marked-terminal@7.3.0 want: ^6.1.0
2245 silly placeDep ROOT chalk@5.6.2 OK for: marked-terminal@7.3.0 want: ^5.4.1
2246 silly placeDep ROOT cli-highlight@2.1.11 OK for: marked-terminal@7.3.0 want: ^2.1.11
2247 silly placeDep ROOT node-emoji@2.2.0 OK for: marked-terminal@7.3.0 want: ^2.2.0
2248 silly placeDep ROOT supports-hyperlinks@3.2.0 OK for: marked-terminal@7.3.0 want: ^3.1.0
2249 silly fetch manifest environment@^1.0.0
2250 silly packumentCache full:https://registry.npmjs.org/environment cache-miss
2251 silly fetch manifest chalk@^4.0.0
2252 silly packumentCache full:https://registry.npmjs.org/chalk cache-hit
2253 silly fetch manifest highlight.js@^10.7.1
2254 silly packumentCache full:https://registry.npmjs.org/highlight.js cache-miss
2255 silly fetch manifest mz@^2.4.0
2256 silly packumentCache full:https://registry.npmjs.org/mz cache-miss
2257 silly fetch manifest parse5@^5.1.1
2258 silly packumentCache full:https://registry.npmjs.org/parse5 cache-miss
2259 silly fetch manifest parse5-htmlparser2-tree-adapter@^6.0.0
2260 silly packumentCache full:https://registry.npmjs.org/parse5-htmlparser2-tree-adapter cache-miss
2261 silly fetch manifest yargs@^16.0.0
2262 silly packumentCache full:https://registry.npmjs.org/yargs cache-hit
2263 silly fetch manifest @sindresorhus/is@^4.6.0
2264 silly packumentCache full:https://registry.npmjs.org/@sindresorhus%2fis cache-miss
2265 silly fetch manifest char-regex@^1.0.2
2266 silly packumentCache full:https://registry.npmjs.org/char-regex cache-miss
2267 silly fetch manifest emojilib@^2.4.0
2268 silly packumentCache full:https://registry.npmjs.org/emojilib cache-miss
2269 silly fetch manifest skin-tone@^2.0.0
2270 silly packumentCache full:https://registry.npmjs.org/skin-tone cache-miss
2271 http cache https://registry.npmjs.org/@sindresorhus%2fis 2ms (cache hit)
2272 silly packumentCache full:https://registry.npmjs.org/@sindresorhus%2fis set size:202184 disposed:false
2273 silly fetch manifest has-flag@^4.0.0
2274 silly packumentCache full:https://registry.npmjs.org/has-flag cache-miss
2275 http cache https://registry.npmjs.org/environment 4ms (cache hit)
2276 silly packumentCache full:https://registry.npmjs.org/environment set size:13915 disposed:false
2277 silly fetch manifest supports-color@^7.0.0
2278 silly packumentCache full:https://registry.npmjs.org/supports-color cache-miss
2279 http cache https://registry.npmjs.org/mz 4ms (cache hit)
2280 silly packumentCache full:https://registry.npmjs.org/mz set size:42731 disposed:false
2281 http cache https://registry.npmjs.org/parse5 4ms (cache hit)
2282 silly packumentCache full:https://registry.npmjs.org/parse5 set size:123116 disposed:false
2283 http cache https://registry.npmjs.org/char-regex 5ms (cache hit)
2284 silly packumentCache full:https://registry.npmjs.org/char-regex set size:20509 disposed:false
2285 http cache https://registry.npmjs.org/highlight.js 5ms (cache hit)
2286 silly packumentCache full:https://registry.npmjs.org/highlight.js set size:1244415 disposed:false
2287 http cache https://registry.npmjs.org/skin-tone 8ms (cache hit)
2288 silly packumentCache full:https://registry.npmjs.org/skin-tone set size:16099 disposed:false
2289 http cache https://registry.npmjs.org/parse5-htmlparser2-tree-adapter 9ms (cache hit)
2290 silly packumentCache full:https://registry.npmjs.org/parse5-htmlparser2-tree-adapter set size:24244 disposed:false
2291 http cache https://registry.npmjs.org/emojilib 9ms (cache hit)
2292 silly packumentCache full:https://registry.npmjs.org/emojilib set size:85905 disposed:false
2293 http cache https://registry.npmjs.org/has-flag 8ms (cache hit)
2294 silly packumentCache full:https://registry.npmjs.org/has-flag set size:15180 disposed:false
2295 http cache https://registry.npmjs.org/supports-color 7ms (cache hit)
2296 silly packumentCache full:https://registry.npmjs.org/supports-color set size:118680 disposed:false
2297 silly placeDep ROOT environment@1.1.0 OK for: ansi-escapes@7.3.0 want: ^1.0.0
2298 silly placeDep node_modules/cli-highlight chalk@4.1.2 OK for: cli-highlight@2.1.11 want: ^4.0.0
2299 silly placeDep ROOT highlight.js@10.7.3 OK for: cli-highlight@2.1.11 want: ^10.7.1
2300 silly placeDep ROOT mz@2.7.0 OK for: cli-highlight@2.1.11 want: ^2.4.0
2301 silly placeDep ROOT parse5@5.1.1 OK for: cli-highlight@2.1.11 want: ^5.1.1
2302 silly placeDep ROOT parse5-htmlparser2-tree-adapter@6.0.1 OK for: cli-highlight@2.1.11 want: ^6.0.0
2303 silly placeDep node_modules/cli-highlight yargs@16.2.0 OK for: cli-highlight@2.1.11 want: ^16.0.0
2304 silly fetch manifest ansi-styles@^4.1.0
2305 silly packumentCache full:https://registry.npmjs.org/ansi-styles cache-hit
2306 silly fetch manifest supports-color@^7.1.0
2307 silly packumentCache full:https://registry.npmjs.org/supports-color cache-hit
2308 silly fetch manifest any-promise@^1.0.0
2309 silly packumentCache full:https://registry.npmjs.org/any-promise cache-miss
2310 silly fetch manifest thenify-all@^1.0.0
2311 silly packumentCache full:https://registry.npmjs.org/thenify-all cache-miss
2312 silly fetch manifest parse5@^6.0.1
2313 silly packumentCache full:https://registry.npmjs.org/parse5 cache-hit
2314 silly fetch manifest cliui@^7.0.2
2315 silly packumentCache full:https://registry.npmjs.org/cliui cache-hit
2316 silly fetch manifest yargs-parser@^20.2.2
2317 silly packumentCache full:https://registry.npmjs.org/yargs-parser cache-hit
2318 http cache https://registry.npmjs.org/any-promise 2ms (cache hit)
2319 silly packumentCache full:https://registry.npmjs.org/any-promise set size:20233 disposed:false
2320 http cache https://registry.npmjs.org/thenify-all 2ms (cache hit)
2321 silly packumentCache full:https://registry.npmjs.org/thenify-all set size:18488 disposed:false
2322 silly placeDep ROOT mime-db@1.52.0 OK for: mime-types@2.1.35 want: 1.52.0
2323 silly placeDep ROOT brace-expansion@1.1.15 OK for: minimatch@3.1.5 want: ^1.1.7
2324 silly fetch manifest balanced-match@^1.0.0
2325 silly packumentCache full:https://registry.npmjs.org/balanced-match cache-miss
2326 silly fetch manifest concat-map@0.0.1
2327 silly packumentCache full:https://registry.npmjs.org/concat-map cache-miss
2328 http cache https://registry.npmjs.org/balanced-match 0ms (cache hit)
2329 silly packumentCache full:https://registry.npmjs.org/balanced-match set size:39082 disposed:false
2330 http cache https://registry.npmjs.org/concat-map 1ms (cache hit)
2331 silly packumentCache full:https://registry.npmjs.org/concat-map set size:9290 disposed:false
2332 silly placeDep ROOT balanced-match@1.0.2 OK for: brace-expansion@1.1.15 want: ^1.0.0
2333 silly placeDep ROOT concat-map@0.0.1 OK for: brace-expansion@1.1.15 want: 0.0.1
2334 silly placeDep ROOT basic-auth@2.0.1 OK for: morgan@1.11.0 want: ~2.0.1
2335 silly placeDep ROOT on-headers@1.1.0 OK for: morgan@1.11.0 want: ~1.1.0
2336 silly fetch manifest safe-buffer@5.1.2
2337 silly packumentCache full:https://registry.npmjs.org/safe-buffer cache-hit
2338 silly placeDep node_modules/basic-auth safe-buffer@5.1.2 OK for: basic-auth@2.0.1 want: 5.1.2
2339 silly placeDep ROOT any-promise@1.3.0 OK for: mz@2.7.0 want: ^1.0.0
2340 silly placeDep ROOT thenify-all@1.6.0 OK for: mz@2.7.0 want: ^1.0.0
2341 silly fetch manifest thenify@>= 3.1.0 < 4
2342 silly packumentCache full:https://registry.npmjs.org/thenify cache-miss
2343 http cache https://registry.npmjs.org/thenify 1ms (cache hit)
2344 silly packumentCache full:https://registry.npmjs.org/thenify set size:21379 disposed:false
2345 silly placeDep ROOT @sindresorhus/is@4.6.0 OK for: node-emoji@2.2.0 want: ^4.6.0
2346 silly placeDep ROOT char-regex@1.0.2 OK for: node-emoji@2.2.0 want: ^1.0.2
2347 silly placeDep ROOT emojilib@2.4.0 OK for: node-emoji@2.2.0 want: ^2.4.0
2348 silly placeDep ROOT skin-tone@2.0.0 OK for: node-emoji@2.2.0 want: ^2.0.0
2349 silly fetch manifest unicode-emoji-modifier-base@^1.0.0
2350 silly packumentCache full:https://registry.npmjs.org/unicode-emoji-modifier-base cache-miss
2351 http fetch GET 200 https://registry.npmjs.org/unicode-emoji-modifier-base 311ms (cache miss)
2352 silly packumentCache full:https://registry.npmjs.org/unicode-emoji-modifier-base set size:undefined disposed:false
2353 silly placeDep ROOT whatwg-url@5.0.0 OK for: node-fetch@2.7.0 want: ^5.0.0
2354 silly fetch manifest tr46@~0.0.3
2355 silly packumentCache full:https://registry.npmjs.org/tr46 cache-miss
2356 silly fetch manifest webidl-conversions@^3.0.0
2357 silly packumentCache full:https://registry.npmjs.org/webidl-conversions cache-miss
2358 http fetch GET 200 https://registry.npmjs.org/tr46 53ms (cache miss)
2359 silly packumentCache full:https://registry.npmjs.org/tr46 set size:undefined disposed:false
2360 http fetch GET 200 https://registry.npmjs.org/webidl-conversions 98ms (cache miss)
2361 silly packumentCache full:https://registry.npmjs.org/webidl-conversions set size:undefined disposed:false
2362 silly placeDep ROOT ee-first@1.1.1 OK for: on-finished@2.4.1 want: 1.1.1
2363 silly placeDep ROOT wrappy@1.0.2 OK for: once@1.4.0 want: 1
2364 silly placeDep ROOT is-wsl@1.1.0 OK for: open@6.4.0 want: ^1.1.0
2365 silly placeDep ROOT bl@4.1.0 OK for: ora@5.4.1 want: ^4.1.0
2366 silly placeDep node_modules/ora chalk@4.1.2 OK for: ora@5.4.1 want: ^4.1.0
2367 silly placeDep ROOT cli-cursor@3.1.0 OK for: ora@5.4.1 want: ^3.1.0
2368 silly placeDep ROOT cli-spinners@2.9.2 OK for: ora@5.4.1 want: ^2.5.0
2369 silly placeDep ROOT is-interactive@1.0.0 OK for: ora@5.4.1 want: ^1.0.0
2370 silly placeDep ROOT is-unicode-supported@0.1.0 OK for: ora@5.4.1 want: ^0.1.0
2371 silly placeDep ROOT log-symbols@4.1.0 OK for: ora@5.4.1 want: ^4.1.0
2372 silly placeDep node_modules/ora strip-ansi@6.0.1 OK for: ora@5.4.1 want: ^6.0.0
2373 silly placeDep ROOT wcwidth@1.0.1 OK for: ora@5.4.1 want: ^1.0.1
2374 silly fetch manifest buffer@^5.5.0
2375 silly packumentCache full:https://registry.npmjs.org/buffer cache-hit
2376 silly fetch manifest restore-cursor@^3.1.0
2377 silly packumentCache full:https://registry.npmjs.org/restore-cursor cache-miss
2378 silly fetch manifest defaults@^1.0.3
2379 silly packumentCache full:https://registry.npmjs.org/defaults cache-miss
2380 http fetch GET 200 https://registry.npmjs.org/restore-cursor 45ms (cache miss)
2381 silly packumentCache full:https://registry.npmjs.org/restore-cursor set size:undefined disposed:false
2382 http fetch GET 200 https://registry.npmjs.org/defaults 54ms (cache miss)
2383 silly packumentCache full:https://registry.npmjs.org/defaults set size:undefined disposed:false
2384 silly placeDep ROOT buffer@5.7.1 OK for: bl@4.1.0 want: ^5.5.0
2385 silly placeDep node_modules/bl readable-stream@3.6.2 OK for: bl@4.1.0 want: ^3.4.0
2386 silly fetch manifest ieee754@^1.1.13
2387 silly packumentCache full:https://registry.npmjs.org/ieee754 cache-miss
2388 http fetch GET 200 https://registry.npmjs.org/ieee754 307ms (cache miss)
2389 silly packumentCache full:https://registry.npmjs.org/ieee754 set size:undefined disposed:false
2390 silly placeDep ROOT ieee754@1.2.1 OK for: buffer@5.7.1 want: ^1.1.13
2391 silly placeDep ROOT restore-cursor@3.1.0 OK for: cli-cursor@3.1.0 want: ^3.1.0
2392 silly fetch manifest onetime@^5.1.0
2393 silly packumentCache full:https://registry.npmjs.org/onetime cache-miss
2394 http fetch GET 200 https://registry.npmjs.org/onetime 377ms (cache miss)
2395 silly packumentCache full:https://registry.npmjs.org/onetime set size:undefined disposed:false
2396 silly placeDep node_modules/log-symbols chalk@4.1.2 OK for: log-symbols@4.1.0 want: ^4.1.0
2397 silly placeDep ROOT yocto-queue@0.1.0 OK for: p-limit@3.1.0 want: ^0.1.0
2398 silly placeDep node_modules/parse5-htmlparser2-tree-adapter parse5@6.0.1 OK for: parse5-htmlparser2-tree-adapter@6.0.1 want: ^6.0.1
2399 silly placeDep ROOT lru-cache@10.4.3 OK for: path-scurry@1.11.1 want: ^10.2.0
2400 silly fetch manifest pg@>=8.0
2401 silly packumentCache full:https://registry.npmjs.org/pg cache-hit
2402 silly placeDep ROOT pg-cloudflare@1.4.0 OK for: pg@8.21.0 want: ^1.4.0
2403 silly placeDep ROOT pg-connection-string@2.13.0 OK for: pg@8.21.0 want: ^2.13.0
2404 silly placeDep ROOT pg-pool@3.14.0 OK for: pg@8.21.0 want: ^3.14.0
2405 silly placeDep ROOT pg-protocol@1.14.0 OK for: pg@8.21.0 want: ^1.14.0
2406 silly placeDep ROOT pg-types@2.2.0 OK for: pg@8.21.0 want: 2.2.0
2407 silly placeDep ROOT pgpass@1.0.5 OK for: pg@8.21.0 want: 1.0.5
2408 silly fetch manifest pg-int8@1.0.1
2409 silly packumentCache full:https://registry.npmjs.org/pg-int8 cache-miss
2410 silly fetch manifest postgres-date@~1.0.4
2411 silly packumentCache full:https://registry.npmjs.org/postgres-date cache-miss
2412 silly fetch manifest postgres-array@~2.0.0
2413 silly packumentCache full:https://registry.npmjs.org/postgres-array cache-miss
2414 silly fetch manifest postgres-bytea@~1.0.0
2415 silly packumentCache full:https://registry.npmjs.org/postgres-bytea cache-miss
2416 silly fetch manifest postgres-interval@^1.1.0
2417 silly packumentCache full:https://registry.npmjs.org/postgres-interval cache-miss
2418 silly fetch manifest split2@^4.1.0
2419 silly packumentCache full:https://registry.npmjs.org/split2 cache-miss
2420 http fetch GET 200 https://registry.npmjs.org/split2 182ms (cache miss)
2421 silly packumentCache full:https://registry.npmjs.org/split2 set size:undefined disposed:false
2422 http fetch GET 200 https://registry.npmjs.org/postgres-date 293ms (cache miss)
2423 silly packumentCache full:https://registry.npmjs.org/postgres-date set size:undefined disposed:false
2424 http fetch GET 200 https://registry.npmjs.org/postgres-array 298ms (cache miss)
2425 silly packumentCache full:https://registry.npmjs.org/postgres-array set size:undefined disposed:false
2426 http fetch GET 200 https://registry.npmjs.org/postgres-interval 394ms (cache miss)
2427 silly packumentCache full:https://registry.npmjs.org/postgres-interval set size:undefined disposed:false
2428 http fetch GET 200 https://registry.npmjs.org/postgres-bytea 395ms (cache miss)
2429 silly packumentCache full:https://registry.npmjs.org/postgres-bytea set size:undefined disposed:false
2430 http fetch GET 200 https://registry.npmjs.org/pg-int8 426ms (cache miss)
2431 silly packumentCache full:https://registry.npmjs.org/pg-int8 set size:undefined disposed:false
2432 silly placeDep ROOT pg-int8@1.0.1 OK for: pg-types@2.2.0 want: 1.0.1
2433 silly placeDep ROOT postgres-array@2.0.0 OK for: pg-types@2.2.0 want: ~2.0.0
2434 silly placeDep ROOT postgres-bytea@1.0.1 OK for: pg-types@2.2.0 want: ~1.0.0
2435 silly placeDep ROOT postgres-date@1.0.7 OK for: pg-types@2.2.0 want: ~1.0.4
2436 silly placeDep ROOT postgres-interval@1.2.0 OK for: pg-types@2.2.0 want: ^1.1.0
2437 silly fetch manifest xtend@^4.0.0
2438 silly packumentCache full:https://registry.npmjs.org/xtend cache-miss
2439 http fetch GET 200 https://registry.npmjs.org/xtend 45ms (cache miss)
2440 silly packumentCache full:https://registry.npmjs.org/xtend set size:undefined disposed:false
2441 silly placeDep ROOT split2@4.2.0 OK for: pgpass@1.0.5 want: ^4.1.0
2442 silly placeDep node_modules/portfinder debug@4.4.3 OK for: portfinder@1.0.38 want: ^4.3.6
2443 silly placeDep ROOT xtend@4.0.2 OK for: postgres-interval@1.2.0 want: ^4.0.0
2444 silly placeDep ROOT @protobufjs/aspromise@1.1.2 OK for: protobufjs@7.6.2 want: ^1.1.2
2445 silly placeDep ROOT @protobufjs/base64@1.1.2 OK for: protobufjs@7.6.2 want: ^1.1.2
2446 silly placeDep ROOT @protobufjs/codegen@2.0.5 OK for: protobufjs@7.6.2 want: ^2.0.5
2447 silly placeDep ROOT @protobufjs/eventemitter@1.1.1 OK for: protobufjs@7.6.2 want: ^1.1.1
2448 silly placeDep ROOT @protobufjs/fetch@1.1.1 OK for: protobufjs@7.6.2 want: ^1.1.1
2449 silly placeDep ROOT @protobufjs/float@1.0.2 OK for: protobufjs@7.6.2 want: ^1.0.2
2450 silly placeDep ROOT @protobufjs/inquire@1.1.2 OK for: protobufjs@7.6.2 want: ^1.1.2
2451 silly placeDep ROOT @protobufjs/path@1.1.2 OK for: protobufjs@7.6.2 want: ^1.1.2
2452 silly placeDep ROOT @protobufjs/pool@1.1.0 OK for: protobufjs@7.6.2 want: ^1.1.0
2453 silly placeDep ROOT @protobufjs/utf8@1.1.1 OK for: protobufjs@7.6.2 want: ^1.1.1
2454 silly placeDep ROOT @types/node@25.9.1 OK for: protobufjs@7.6.2 want: >=13.7.0
2455 silly fetch manifest undici-types@>=7.24.0 <7.24.7
2456 silly packumentCache full:https://registry.npmjs.org/undici-types cache-miss
2457 http fetch GET 200 https://registry.npmjs.org/undici-types 49ms (cache miss)
2458 silly packumentCache full:https://registry.npmjs.org/undici-types set size:undefined disposed:false
2459 silly placeDep ROOT undici-types@7.24.6 OK for: @types/node@25.9.1 want: >=7.24.0 <7.24.7
2460 silly placeDep ROOT forwarded@0.2.0 OK for: proxy-addr@2.0.7 want: 0.2.0
2461 silly placeDep ROOT ipaddr.js@1.9.1 OK for: proxy-addr@2.0.7 want: 1.9.1
2462 silly placeDep node_modules/proxy-agent debug@4.4.3 OK for: proxy-agent@6.5.0 want: ^4.3.4
2463 silly placeDep ROOT http-proxy-agent@7.0.2 OK for: proxy-agent@6.5.0 want: ^7.0.1
2464 silly placeDep node_modules/proxy-agent lru-cache@7.18.3 OK for: proxy-agent@6.5.0 want: ^7.14.1
2465 silly placeDep ROOT pac-proxy-agent@7.2.0 OK for: proxy-agent@6.5.0 want: ^7.1.0
2466 silly placeDep ROOT proxy-from-env@1.1.0 OK for: proxy-agent@6.5.0 want: ^1.1.0
2467 silly placeDep ROOT socks-proxy-agent@8.0.5 OK for: proxy-agent@6.5.0 want: ^8.0.5
2468 silly fetch manifest get-uri@^6.0.1
2469 silly packumentCache full:https://registry.npmjs.org/get-uri cache-miss
2470 silly fetch manifest pac-resolver@^7.0.1
2471 silly packumentCache full:https://registry.npmjs.org/pac-resolver cache-miss
2472 silly fetch manifest @tootallnate/quickjs-emscripten@^0.23.0
2473 silly packumentCache full:https://registry.npmjs.org/@tootallnate%2fquickjs-emscripten cache-miss
2474 silly fetch manifest socks@^2.8.3
2475 silly packumentCache full:https://registry.npmjs.org/socks cache-miss
2476 http fetch GET 200 https://registry.npmjs.org/get-uri 45ms (cache miss)
2477 silly packumentCache full:https://registry.npmjs.org/get-uri set size:undefined disposed:false
2478 http fetch GET 200 https://registry.npmjs.org/@tootallnate%2fquickjs-emscripten 72ms (cache miss)
2479 silly packumentCache full:https://registry.npmjs.org/@tootallnate%2fquickjs-emscripten set size:undefined disposed:false
2480 http fetch GET 200 https://registry.npmjs.org/pac-resolver 88ms (cache miss)
2481 silly packumentCache full:https://registry.npmjs.org/pac-resolver set size:undefined disposed:false
2482 http fetch GET 200 https://registry.npmjs.org/socks 129ms (cache miss)
2483 silly packumentCache full:https://registry.npmjs.org/socks set size:undefined disposed:false
2484 silly placeDep node_modules/http-proxy-agent debug@4.4.3 OK for: http-proxy-agent@7.0.2 want: ^4.3.4
2485 silly placeDep ROOT @tootallnate/quickjs-emscripten@0.23.0 OK for: pac-proxy-agent@7.2.0 want: ^0.23.0
2486 silly placeDep node_modules/pac-proxy-agent debug@4.4.3 OK for: pac-proxy-agent@7.2.0 want: ^4.3.4
2487 silly placeDep ROOT get-uri@6.0.5 OK for: pac-proxy-agent@7.2.0 want: ^6.0.1
2488 silly placeDep ROOT pac-resolver@7.0.1 OK for: pac-proxy-agent@7.2.0 want: ^7.0.1
2489 silly fetch manifest basic-ftp@^5.0.2
2490 silly packumentCache full:https://registry.npmjs.org/basic-ftp cache-miss
2491 silly fetch manifest data-uri-to-buffer@^6.0.2
2492 silly packumentCache full:https://registry.npmjs.org/data-uri-to-buffer cache-hit
2493 silly fetch manifest netmask@^2.0.2
2494 silly packumentCache full:https://registry.npmjs.org/netmask cache-miss
2495 silly fetch manifest degenerator@^5.0.0
2496 silly packumentCache full:https://registry.npmjs.org/degenerator cache-miss
2497 http fetch GET 200 https://registry.npmjs.org/netmask 50ms (cache miss)
2498 silly packumentCache full:https://registry.npmjs.org/netmask set size:undefined disposed:false
2499 http fetch GET 200 https://registry.npmjs.org/degenerator 60ms (cache miss)
2500 silly packumentCache full:https://registry.npmjs.org/degenerator set size:undefined disposed:false
2501 http fetch GET 200 https://registry.npmjs.org/basic-ftp 103ms (cache miss)
2502 silly packumentCache full:https://registry.npmjs.org/basic-ftp set size:undefined disposed:false
2503 silly placeDep ROOT basic-ftp@5.3.1 OK for: get-uri@6.0.5 want: ^5.0.2
2504 silly placeDep ROOT data-uri-to-buffer@6.0.2 OK for: get-uri@6.0.5 want: ^6.0.2
2505 silly placeDep node_modules/get-uri debug@4.4.3 OK for: get-uri@6.0.5 want: ^4.3.4
2506 silly placeDep ROOT degenerator@5.0.1 OK for: pac-resolver@7.0.1 want: ^5.0.0
2507 silly placeDep ROOT netmask@2.1.1 OK for: pac-resolver@7.0.1 want: ^2.0.2
2508 silly fetch manifest ast-types@^0.13.4
2509 silly packumentCache full:https://registry.npmjs.org/ast-types cache-miss
2510 silly fetch manifest escodegen@^2.1.0
2511 silly packumentCache full:https://registry.npmjs.org/escodegen cache-miss
2512 http fetch GET 200 https://registry.npmjs.org/escodegen 54ms (cache miss)
2513 silly packumentCache full:https://registry.npmjs.org/escodegen set size:undefined disposed:false
2514 http fetch GET 200 https://registry.npmjs.org/ast-types 57ms (cache miss)
2515 silly packumentCache full:https://registry.npmjs.org/ast-types set size:undefined disposed:false
2516 silly placeDep ROOT ast-types@0.13.4 OK for: degenerator@5.0.1 want: ^0.13.4
2517 silly placeDep ROOT escodegen@2.1.0 OK for: degenerator@5.0.1 want: ^2.1.0
2518 silly fetch manifest tslib@^2.0.1
2519 silly packumentCache full:https://registry.npmjs.org/tslib cache-miss
2520 silly fetch manifest estraverse@^5.2.0
2521 silly packumentCache full:https://registry.npmjs.org/estraverse cache-miss
2522 silly fetch manifest esutils@^2.0.2
2523 silly packumentCache full:https://registry.npmjs.org/esutils cache-miss
2524 silly fetch manifest source-map@~0.6.1
2525 silly packumentCache full:https://registry.npmjs.org/source-map cache-miss
2526 http fetch GET 200 https://registry.npmjs.org/tslib 45ms (cache miss)
2527 silly packumentCache full:https://registry.npmjs.org/tslib set size:undefined disposed:false
2528 http fetch GET 200 https://registry.npmjs.org/esutils 51ms (cache miss)
2529 silly packumentCache full:https://registry.npmjs.org/esutils set size:undefined disposed:false
2530 http fetch GET 200 https://registry.npmjs.org/estraverse 82ms (cache miss)
2531 silly packumentCache full:https://registry.npmjs.org/estraverse set size:undefined disposed:false
2532 http fetch GET 200 https://registry.npmjs.org/source-map 100ms (cache miss)
2533 silly packumentCache full:https://registry.npmjs.org/source-map set size:undefined disposed:false
2534 silly placeDep ROOT tslib@2.8.1 OK for: ast-types@0.13.4 want: ^2.0.1
2535 silly placeDep ROOT estraverse@5.3.0 OK for: escodegen@2.1.0 want: ^5.2.0
2536 silly placeDep ROOT esutils@2.0.3 OK for: escodegen@2.1.0 want: ^2.0.2
2537 silly placeDep ROOT source-map@0.6.1 OK for: escodegen@2.1.0 want: ~0.6.1
2538 silly placeDep ROOT side-channel@1.1.0 OK for: qs@6.15.2 want: ^1.1.0
2539 silly fetch manifest object-inspect@^1.13.3
2540 silly packumentCache full:https://registry.npmjs.org/object-inspect cache-miss
2541 silly fetch manifest side-channel-list@^1.0.0
2542 silly packumentCache full:https://registry.npmjs.org/side-channel-list cache-miss
2543 silly fetch manifest side-channel-map@^1.0.1
2544 silly packumentCache full:https://registry.npmjs.org/side-channel-map cache-miss
2545 silly fetch manifest side-channel-weakmap@^1.0.2
2546 silly packumentCache full:https://registry.npmjs.org/side-channel-weakmap cache-miss
2547 http fetch GET 200 https://registry.npmjs.org/side-channel-map 45ms (cache miss)
2548 silly packumentCache full:https://registry.npmjs.org/side-channel-map set size:undefined disposed:false
2549 http fetch GET 200 https://registry.npmjs.org/object-inspect 48ms (cache miss)
2550 silly packumentCache full:https://registry.npmjs.org/object-inspect set size:undefined disposed:false
2551 http fetch GET 200 https://registry.npmjs.org/side-channel-list 61ms (cache miss)
2552 silly packumentCache full:https://registry.npmjs.org/side-channel-list set size:undefined disposed:false
2553 http fetch GET 200 https://registry.npmjs.org/side-channel-weakmap 85ms (cache miss)
2554 silly packumentCache full:https://registry.npmjs.org/side-channel-weakmap set size:undefined disposed:false
2555 silly placeDep node_modules/readable-stream buffer@6.0.3 OK for: readable-stream@4.7.0 want: ^6.0.3
2556 silly placeDep ROOT events@3.3.0 OK for: readable-stream@4.7.0 want: ^3.3.0
2557 silly placeDep ROOT process@0.11.10 OK for: readable-stream@4.7.0 want: ^0.11.10
2558 silly placeDep ROOT string_decoder@1.3.0 OK for: readable-stream@4.7.0 want: ^1.3.0
2559 silly placeDep node_modules/readdir-glob minimatch@5.1.9 OK for: readdir-glob@1.1.3 want: ^5.1.0
2560 silly fetch manifest brace-expansion@^2.0.1
2561 silly packumentCache full:https://registry.npmjs.org/brace-expansion cache-hit
2562 silly placeDep ROOT onetime@5.1.2 OK for: restore-cursor@3.1.0 want: ^5.1.0
2563 silly placeDep node_modules/restore-cursor signal-exit@3.0.7 OK for: restore-cursor@3.1.0 want: ^3.0.2
2564 silly fetch manifest mimic-fn@^2.1.0
2565 silly packumentCache full:https://registry.npmjs.org/mimic-fn cache-miss
2566 http fetch GET 200 https://registry.npmjs.org/mimic-fn 296ms (cache miss)
2567 silly packumentCache full:https://registry.npmjs.org/mimic-fn set size:undefined disposed:false
2568 silly placeDep ROOT mimic-fn@2.1.0 OK for: onetime@5.1.2 want: ^2.1.0
2569 silly placeDep ROOT teeny-request@10.1.2 OK for: retry-request@8.0.2 want: ^10.0.0
2570 silly fetch manifest stream-events@^1.0.5
2571 silly packumentCache full:https://registry.npmjs.org/stream-events cache-miss
2572 http fetch GET 200 https://registry.npmjs.org/stream-events 292ms (cache miss)
2573 silly packumentCache full:https://registry.npmjs.org/stream-events set size:undefined disposed:false
2574 silly placeDep node_modules/send mime@1.6.0 OK for: send@0.19.2 want: 1.6.0
2575 silly placeDep node_modules/send ms@2.1.3 OK for: send@0.19.2 want: 2.1.3
2576 silly placeDep ROOT shebang-regex@3.0.0 OK for: shebang-command@2.0.0 want: ^3.0.0
2577 silly placeDep ROOT object-inspect@1.13.4 OK for: side-channel@1.1.0 want: ^1.13.3
2578 silly placeDep ROOT side-channel-list@1.0.1 OK for: side-channel@1.1.0 want: ^1.0.0
2579 silly placeDep ROOT side-channel-map@1.0.1 OK for: side-channel@1.1.0 want: ^1.0.1
2580 silly placeDep ROOT side-channel-weakmap@1.0.2 OK for: side-channel@1.1.0 want: ^1.0.2
2581 silly fetch manifest call-bound@^1.0.2
2582 silly packumentCache full:https://registry.npmjs.org/call-bound cache-miss
2583 silly fetch manifest call-bound@^1.0.2
2584 silly packumentCache full:https://registry.npmjs.org/call-bound cache-miss
2585 http fetch GET 200 https://registry.npmjs.org/call-bound 51ms (cache miss)
2586 silly packumentCache full:https://registry.npmjs.org/call-bound set size:undefined disposed:false
2587 http fetch GET 200 https://registry.npmjs.org/call-bound 53ms (cache miss)
2588 silly packumentCache full:https://registry.npmjs.org/call-bound set size:undefined disposed:false
2589 silly placeDep ROOT call-bound@1.0.4 OK for: side-channel-map@1.0.1 want: ^1.0.2
2590 silly placeDep ROOT unicode-emoji-modifier-base@1.0.0 OK for: skin-tone@2.0.0 want: ^1.0.0
2591 silly placeDep node_modules/socks-proxy-agent debug@4.4.3 OK for: socks-proxy-agent@8.0.5 want: ^4.3.4
2592 silly placeDep ROOT socks@2.8.9 OK for: socks-proxy-agent@8.0.5 want: ^2.8.3
2593 silly fetch manifest smart-buffer@^4.2.0
2594 silly packumentCache full:https://registry.npmjs.org/smart-buffer cache-miss
2595 http fetch GET 200 https://registry.npmjs.org/smart-buffer 46ms (cache miss)
2596 silly packumentCache full:https://registry.npmjs.org/smart-buffer set size:undefined disposed:false
2597 silly placeDep ROOT smart-buffer@4.2.0 OK for: socks@2.8.9 want: ^4.2.0
2598 silly placeDep node_modules/sql-formatter argparse@2.0.1 OK for: sql-formatter@15.8.0 want: ^2.0.1
2599 silly placeDep ROOT nearley@2.20.1 OK for: sql-formatter@15.8.0 want: ^2.20.1
2600 silly fetch manifest commander@^2.19.0
2601 silly packumentCache full:https://registry.npmjs.org/commander cache-hit
2602 silly fetch manifest moo@^0.5.0
2603 silly packumentCache full:https://registry.npmjs.org/moo cache-miss
2604 silly fetch manifest railroad-diagrams@^1.0.0
2605 silly packumentCache full:https://registry.npmjs.org/railroad-diagrams cache-miss
2606 silly fetch manifest randexp@0.4.6
2607 silly packumentCache full:https://registry.npmjs.org/randexp cache-miss
2608 http fetch GET 200 https://registry.npmjs.org/moo 295ms (cache miss)
2609 silly packumentCache full:https://registry.npmjs.org/moo set size:undefined disposed:false
2610 http fetch GET 200 https://registry.npmjs.org/railroad-diagrams 320ms (cache miss)
2611 silly packumentCache full:https://registry.npmjs.org/railroad-diagrams set size:undefined disposed:false
2612 http fetch GET 200 https://registry.npmjs.org/randexp 414ms (cache miss)
2613 silly packumentCache full:https://registry.npmjs.org/randexp set size:undefined disposed:false
2614 silly placeDep node_modules/nearley commander@2.20.3 OK for: nearley@2.20.1 want: ^2.19.0
2615 silly placeDep ROOT moo@0.5.3 OK for: nearley@2.20.1 want: ^0.5.0
2616 silly placeDep ROOT railroad-diagrams@1.0.0 OK for: nearley@2.20.1 want: ^1.0.0
2617 silly placeDep ROOT randexp@0.4.6 OK for: nearley@2.20.1 want: 0.4.6
2618 silly fetch manifest discontinuous-range@1.0.0
2619 silly packumentCache full:https://registry.npmjs.org/discontinuous-range cache-miss
2620 silly fetch manifest ret@~0.1.10
2621 silly packumentCache full:https://registry.npmjs.org/ret cache-miss
2622 http fetch GET 200 https://registry.npmjs.org/ret 306ms (cache miss)
2623 silly packumentCache full:https://registry.npmjs.org/ret set size:undefined disposed:false
2624 http fetch GET 200 https://registry.npmjs.org/discontinuous-range 308ms (cache miss)
2625 silly packumentCache full:https://registry.npmjs.org/discontinuous-range set size:undefined disposed:false
2626 silly placeDep ROOT discontinuous-range@1.0.0 OK for: randexp@0.4.6 want: 1.0.0
2627 silly placeDep ROOT ret@0.1.15 OK for: randexp@0.4.6 want: ~0.1.10
2628 silly placeDep ROOT emoji-regex@8.0.0 OK for: string-width@4.2.3 want: ^8.0.0
2629 silly placeDep ROOT is-fullwidth-code-point@3.0.0 OK for: string-width@4.2.3 want: ^3.0.0
2630 silly placeDep node_modules/string-width strip-ansi@6.0.1 OK for: string-width@4.2.3 want: ^6.0.1
2631 silly placeDep node_modules/string-width-cjs strip-ansi@6.0.1 OK for: string-width@4.2.3 want: ^6.0.1
2632 silly placeDep node_modules/strip-ansi-cjs ansi-regex@5.0.1 OK for: strip-ansi@6.0.1 want: ^5.0.1
2633 silly placeDep ROOT basic-auth-connect@1.1.0 OK for: superstatic@10.0.0 want: ^1.1.0
2634 silly placeDep node_modules/superstatic commander@10.0.1 OK for: superstatic@10.0.0 want: ^10.0.0
2635 silly placeDep ROOT compression@1.8.1 OK for: superstatic@10.0.0 want: ^1.7.0
2636 silly placeDep ROOT connect@3.7.0 OK for: superstatic@10.0.0 want: ^3.7.0
2637 silly placeDep ROOT glob-slasher@1.0.1 OK for: superstatic@10.0.0 want: ^1.0.1
2638 silly placeDep ROOT is-url@1.2.4 OK for: superstatic@10.0.0 want: ^1.2.2
2639 silly placeDep ROOT join-path@1.1.1 OK for: superstatic@10.0.0 want: ^1.1.1
2640 silly placeDep node_modules/superstatic minimatch@6.2.3 OK for: superstatic@10.0.0 want: ^6.1.6
2641 silly placeDep node_modules/superstatic path-to-regexp@1.9.0 OK for: superstatic@10.0.0 want: ^1.9.0
2642 silly placeDep ROOT re2@1.24.1 OK for: superstatic@10.0.0 want: ^1.17.7
2643 silly placeDep ROOT router@2.2.0 OK for: superstatic@10.0.0 want: ^2.0.0
2644 silly fetch manifest tsscmp@^1.0.6
2645 silly packumentCache full:https://registry.npmjs.org/tsscmp cache-miss
2646 silly fetch manifest negotiator@~0.6.4
2647 silly packumentCache full:https://registry.npmjs.org/negotiator cache-hit
2648 silly fetch manifest compressible@~2.0.18
2649 silly packumentCache full:https://registry.npmjs.org/compressible cache-miss
2650 silly fetch manifest finalhandler@1.1.2
2651 silly packumentCache full:https://registry.npmjs.org/finalhandler cache-hit
2652 silly fetch manifest glob-slash@^1.0.0
2653 silly packumentCache full:https://registry.npmjs.org/glob-slash cache-miss
2654 silly fetch manifest lodash.isobject@^2.4.1
2655 silly packumentCache full:https://registry.npmjs.org/lodash.isobject cache-miss
2656 silly fetch manifest toxic@^1.0.0
2657 silly packumentCache full:https://registry.npmjs.org/toxic cache-miss
2658 silly fetch manifest as-array@^2.0.0
2659 silly packumentCache full:https://registry.npmjs.org/as-array cache-miss
2660 silly fetch manifest valid-url@^1
2661 silly packumentCache full:https://registry.npmjs.org/valid-url cache-miss
2662 silly fetch manifest url-join@0.0.1
2663 silly packumentCache full:https://registry.npmjs.org/url-join cache-miss
2664 silly fetch manifest isarray@0.0.1
2665 silly packumentCache full:https://registry.npmjs.org/isarray cache-hit
2666 silly fetch manifest install-artifact-from-github@^1.6.0
2667 silly packumentCache full:https://registry.npmjs.org/install-artifact-from-github cache-miss
2668 http fetch GET 200 https://registry.npmjs.org/tsscmp 175ms (cache miss)
2669 silly packumentCache full:https://registry.npmjs.org/tsscmp set size:undefined disposed:false
2670 silly fetch manifest nan@^2.27.0
2671 silly packumentCache full:https://registry.npmjs.org/nan cache-miss
2672 http fetch GET 200 https://registry.npmjs.org/lodash.isobject 304ms (cache miss)
2673 silly packumentCache full:https://registry.npmjs.org/lodash.isobject set size:undefined disposed:false
2674 silly fetch manifest node-gyp@^12.3.0
2675 silly packumentCache full:https://registry.npmjs.org/node-gyp cache-miss
2676 http fetch GET 200 https://registry.npmjs.org/compressible 308ms (cache miss)
2677 silly packumentCache full:https://registry.npmjs.org/compressible set size:undefined disposed:false
2678 silly fetch manifest is-promise@^4.0.0
2679 silly packumentCache full:https://registry.npmjs.org/is-promise cache-miss
2680 http fetch GET 200 https://registry.npmjs.org/is-promise 48ms (cache miss)
2681 silly packumentCache full:https://registry.npmjs.org/is-promise set size:undefined disposed:false
2682 silly fetch manifest path-to-regexp@^8.0.0
2683 silly packumentCache full:https://registry.npmjs.org/path-to-regexp cache-hit
2684 http fetch GET 200 https://registry.npmjs.org/valid-url 393ms (cache miss)
2685 silly packumentCache full:https://registry.npmjs.org/valid-url set size:undefined disposed:false
2686 http fetch GET 200 https://registry.npmjs.org/install-artifact-from-github 411ms (cache miss)
2687 silly packumentCache full:https://registry.npmjs.org/install-artifact-from-github set size:undefined disposed:false
2688 http fetch GET 200 https://registry.npmjs.org/as-array 415ms (cache miss)
2689 silly packumentCache full:https://registry.npmjs.org/as-array set size:undefined disposed:false
2690 http fetch GET 200 https://registry.npmjs.org/url-join 415ms (cache miss)
2691 silly packumentCache full:https://registry.npmjs.org/url-join set size:undefined disposed:false
2692 http fetch GET 200 https://registry.npmjs.org/toxic 417ms (cache miss)
2693 silly packumentCache full:https://registry.npmjs.org/toxic set size:undefined disposed:false
2694 http fetch GET 200 https://registry.npmjs.org/glob-slash 422ms (cache miss)
2695 silly packumentCache full:https://registry.npmjs.org/glob-slash set size:undefined disposed:false
2696 http fetch GET 200 https://registry.npmjs.org/nan 304ms (cache miss)
2697 silly packumentCache full:https://registry.npmjs.org/nan set size:undefined disposed:false
2698 http fetch GET 200 https://registry.npmjs.org/node-gyp 311ms (cache miss)
2699 silly packumentCache full:https://registry.npmjs.org/node-gyp set size:undefined disposed:false
2700 silly placeDep ROOT tsscmp@1.0.6 OK for: basic-auth-connect@1.1.0 want: ^1.0.6
2701 silly placeDep ROOT compressible@2.0.18 OK for: compression@1.8.1 want: ~2.0.18
2702 silly placeDep node_modules/compression negotiator@0.6.4 OK for: compression@1.8.1 want: ~0.6.4
2703 silly placeDep node_modules/connect finalhandler@1.1.2 OK for: connect@3.7.0 want: 1.1.2
2704 silly fetch manifest statuses@~1.5.0
2705 silly packumentCache full:https://registry.npmjs.org/statuses cache-hit
2706 silly fetch manifest encodeurl@~1.0.2
2707 silly packumentCache full:https://registry.npmjs.org/encodeurl cache-hit
2708 silly fetch manifest on-finished@~2.3.0
2709 silly packumentCache full:https://registry.npmjs.org/on-finished cache-hit
2710 silly placeDep ROOT glob-slash@1.0.0 OK for: glob-slasher@1.0.1 want: ^1.0.0
2711 silly placeDep ROOT lodash.isobject@2.4.1 OK for: glob-slasher@1.0.1 want: ^2.4.1
2712 silly placeDep ROOT toxic@1.0.1 OK for: glob-slasher@1.0.1 want: ^1.0.0
2713 silly fetch manifest lodash._objecttypes@~2.4.1
2714 silly packumentCache full:https://registry.npmjs.org/lodash._objecttypes cache-miss
2715 http fetch GET 200 https://registry.npmjs.org/lodash._objecttypes 310ms (cache miss)
2716 silly packumentCache full:https://registry.npmjs.org/lodash._objecttypes set size:undefined disposed:false
2717 silly placeDep ROOT as-array@2.0.0 OK for: join-path@1.1.1 want: ^2.0.0
2718 silly placeDep ROOT url-join@0.0.1 OK for: join-path@1.1.1 want: 0.0.1
2719 silly placeDep ROOT valid-url@1.0.9 OK for: join-path@1.1.1 want: ^1
2720 silly placeDep ROOT lodash._objecttypes@2.4.1 OK for: lodash.isobject@2.4.1 want: ~2.4.1
2721 silly placeDep ROOT install-artifact-from-github@1.6.0 OK for: re2@1.24.1 want: ^1.6.0
2722 silly placeDep ROOT nan@2.27.0 OK for: re2@1.24.1 want: ^2.27.0
2723 silly placeDep ROOT node-gyp@12.3.0 OK for: re2@1.24.1 want: ^12.3.0
2724 silly fetch manifest env-paths@^2.2.0
2725 silly packumentCache full:https://registry.npmjs.org/env-paths cache-miss
2726 silly fetch manifest exponential-backoff@^3.1.1
2727 silly packumentCache full:https://registry.npmjs.org/exponential-backoff cache-miss
2728 silly fetch manifest nopt@^9.0.0
2729 silly packumentCache full:https://registry.npmjs.org/nopt cache-miss
2730 silly fetch manifest proc-log@^6.0.0
2731 silly packumentCache full:https://registry.npmjs.org/proc-log cache-miss
2732 silly fetch manifest tinyglobby@^0.2.12
2733 silly packumentCache full:https://registry.npmjs.org/tinyglobby cache-miss
2734 silly fetch manifest undici@^6.25.0
2735 silly packumentCache full:https://registry.npmjs.org/undici cache-miss
2736 silly fetch manifest which@^6.0.0
2737 silly packumentCache full:https://registry.npmjs.org/which cache-hit
2738 http fetch GET 200 https://registry.npmjs.org/env-paths 62ms (cache miss)
2739 silly packumentCache full:https://registry.npmjs.org/env-paths set size:undefined disposed:false
2740 http fetch GET 200 https://registry.npmjs.org/tinyglobby 152ms (cache miss)
2741 silly packumentCache full:https://registry.npmjs.org/tinyglobby set size:undefined disposed:false
