0 verbose cli /usr/local/bin/node /usr/local/lib/node_modules/npm/bin/npm-cli.js
1 info using npm@11.6.1
2 info using node@v24.11.0
3 silly config load:file:/usr/local/lib/node_modules/npm/npmrc
4 silly config load:file:/Users/sachinsrivastava/CardioPlus/.npmrc
5 silly config load:file:/Users/sachinsrivastava/.npmrc
6 silly config load:file:/usr/local/etc/npmrc
7 verbose title npm exec firebase-tools@latest projects:list
8 verbose argv "exec" "--yes" "--" "firebase-tools@latest" "projects:list"
9 verbose logfile logs-max:10 dir:/Users/sachinsrivastava/CardioPlus/.npm_cache/_logs/2026-06-04T01_04_09_858Z-
10 verbose logfile /Users/sachinsrivastava/CardioPlus/.npm_cache/_logs/2026-06-04T01_04_09_858Z-debug-0.log
11 silly logfile done cleaning log files
12 silly packumentCache heap:4496293888 maxSize:1124073472 maxEntrySize:562036736
13 http fetch GET 200 https://registry.npmjs.org/npm 291ms
14 http fetch GET 200 https://registry.npmjs.org/firebase-tools 254ms (cache miss)
15 silly packumentCache heap:4496293888 maxSize:1124073472 maxEntrySize:562036736
16 silly packumentCache heap:4496293888 maxSize:1124073472 maxEntrySize:562036736
17 silly idealTree buildDeps
18 silly fetch manifest firebase-tools@15.19.1
19 silly packumentCache full:https://registry.npmjs.org/firebase-tools cache-miss
20 http fetch GET 200 https://registry.npmjs.org/firebase-tools 102ms (cache miss)
21 silly packumentCache full:https://registry.npmjs.org/firebase-tools set size:undefined disposed:false
22 silly placeDep ROOT firebase-tools@15.19.1 OK for:  want: 15.19.1
23 silly fetch manifest @apphosting/common@^0.0.8
24 silly packumentCache full:https://registry.npmjs.org/@apphosting%2fcommon cache-miss
25 silly fetch manifest @electric-sql/pglite@^0.3.3
26 silly packumentCache full:https://registry.npmjs.org/@electric-sql%2fpglite cache-miss
27 silly fetch manifest @electric-sql/pglite-tools@^0.2.8
28 silly packumentCache full:https://registry.npmjs.org/@electric-sql%2fpglite-tools cache-miss
29 silly fetch manifest @google-cloud/cloud-sql-connector@^1.3.3
30 silly packumentCache full:https://registry.npmjs.org/@google-cloud%2fcloud-sql-connector cache-miss
31 silly fetch manifest @google-cloud/pubsub@^5.2.0
32 silly packumentCache full:https://registry.npmjs.org/@google-cloud%2fpubsub cache-miss
33 silly fetch manifest @inquirer/prompts@^7.10.1
34 silly packumentCache full:https://registry.npmjs.org/@inquirer%2fprompts cache-miss
35 silly fetch manifest @modelcontextprotocol/sdk@^1.24.0
36 silly packumentCache full:https://registry.npmjs.org/@modelcontextprotocol%2fsdk cache-miss
37 silly fetch manifest abort-controller@^3.0.0
38 silly packumentCache full:https://registry.npmjs.org/abort-controller cache-miss
39 silly fetch manifest ajv@^8.17.1
40 silly packumentCache full:https://registry.npmjs.org/ajv cache-miss
41 http fetch GET 200 https://registry.npmjs.org/ajv 219ms (cache miss)
42 silly packumentCache full:https://registry.npmjs.org/ajv set size:undefined disposed:false
43 silly fetch manifest ajv-formats@3.0.1
44 silly packumentCache full:https://registry.npmjs.org/ajv-formats cache-miss
45 http fetch GET 200 https://registry.npmjs.org/ajv-formats 53ms (cache miss)
46 silly packumentCache full:https://registry.npmjs.org/ajv-formats set size:undefined disposed:false
47 silly fetch manifest archiver@^7.0.0
48 silly packumentCache full:https://registry.npmjs.org/archiver cache-miss
49 http fetch GET 200 https://registry.npmjs.org/archiver 53ms (cache miss)
50 silly packumentCache full:https://registry.npmjs.org/archiver set size:undefined disposed:false
51 silly fetch manifest async-lock@1.4.1
52 silly packumentCache full:https://registry.npmjs.org/async-lock cache-miss
53 http fetch GET 200 https://registry.npmjs.org/@electric-sql%2fpglite-tools 356ms (cache miss)
54 silly packumentCache full:https://registry.npmjs.org/@electric-sql%2fpglite-tools set size:undefined disposed:false
55 silly fetch manifest body-parser@^1.19.0
56 silly packumentCache full:https://registry.npmjs.org/body-parser cache-miss
57 http fetch GET 200 https://registry.npmjs.org/async-lock 53ms (cache miss)
58 silly packumentCache full:https://registry.npmjs.org/async-lock set size:undefined disposed:false
59 silly fetch manifest chokidar@^3.6.0
60 silly packumentCache full:https://registry.npmjs.org/chokidar cache-miss
61 http fetch GET 200 https://registry.npmjs.org/abort-controller 391ms (cache miss)
62 silly packumentCache full:https://registry.npmjs.org/abort-controller set size:undefined disposed:false
63 silly fetch manifest cjson@^0.3.1
64 silly packumentCache full:https://registry.npmjs.org/cjson cache-miss
65 http fetch GET 200 https://registry.npmjs.org/body-parser 61ms (cache miss)
66 silly packumentCache full:https://registry.npmjs.org/body-parser set size:undefined disposed:false
67 silly fetch manifest cli-table3@0.6.5
68 silly packumentCache full:https://registry.npmjs.org/cli-table3 cache-miss
69 http fetch GET 200 https://registry.npmjs.org/chokidar 56ms (cache miss)
70 silly packumentCache full:https://registry.npmjs.org/chokidar set size:undefined disposed:false
71 silly fetch manifest colorette@^2.0.19
72 silly packumentCache full:https://registry.npmjs.org/colorette cache-miss
73 http fetch GET 200 https://registry.npmjs.org/cli-table3 52ms (cache miss)
74 silly packumentCache full:https://registry.npmjs.org/cli-table3 set size:undefined disposed:false
75 silly fetch manifest commander@^5.1.0
76 silly packumentCache full:https://registry.npmjs.org/commander cache-miss
77 http fetch GET 200 https://registry.npmjs.org/colorette 46ms (cache miss)
78 silly packumentCache full:https://registry.npmjs.org/colorette set size:undefined disposed:false
79 silly fetch manifest configstore@^5.0.1
80 silly packumentCache full:https://registry.npmjs.org/configstore cache-miss
81 http fetch GET 200 https://registry.npmjs.org/@electric-sql%2fpglite 530ms (cache miss)
82 silly packumentCache full:https://registry.npmjs.org/@electric-sql%2fpglite set size:undefined disposed:false
83 silly fetch manifest cors@^2.8.5
84 silly packumentCache full:https://registry.npmjs.org/cors cache-miss
85 http fetch GET 200 https://registry.npmjs.org/cors 56ms (cache miss)
86 silly packumentCache full:https://registry.npmjs.org/cors set size:undefined disposed:false
87 silly fetch manifest cross-env@^7.0.3
88 silly packumentCache full:https://registry.npmjs.org/cross-env cache-miss
89 http fetch GET 200 https://registry.npmjs.org/@modelcontextprotocol%2fsdk 591ms (cache miss)
90 silly packumentCache full:https://registry.npmjs.org/@modelcontextprotocol%2fsdk set size:undefined disposed:false
91 silly fetch manifest cross-spawn@^7.0.5
92 silly packumentCache full:https://registry.npmjs.org/cross-spawn cache-miss
93 http fetch GET 200 https://registry.npmjs.org/@inquirer%2fprompts 631ms (cache miss)
94 silly packumentCache full:https://registry.npmjs.org/@inquirer%2fprompts set size:undefined disposed:false
95 silly fetch manifest csv-parse@^5.0.4
96 silly packumentCache full:https://registry.npmjs.org/csv-parse cache-miss
97 http fetch GET 200 https://registry.npmjs.org/cross-env 49ms (cache miss)
98 silly packumentCache full:https://registry.npmjs.org/cross-env set size:undefined disposed:false
99 silly fetch manifest deep-equal-in-any-order@^2.0.6
100 silly packumentCache full:https://registry.npmjs.org/deep-equal-in-any-order cache-miss
101 http fetch GET 200 https://registry.npmjs.org/cross-spawn 50ms (cache miss)
102 silly packumentCache full:https://registry.npmjs.org/cross-spawn set size:undefined disposed:false
103 silly fetch manifest exegesis@^4.2.0
104 silly packumentCache full:https://registry.npmjs.org/exegesis cache-miss
105 http fetch GET 200 https://registry.npmjs.org/cjson 296ms (cache miss)
106 silly packumentCache full:https://registry.npmjs.org/cjson set size:undefined disposed:false
107 silly fetch manifest exegesis-express@^4.0.0
108 silly packumentCache full:https://registry.npmjs.org/exegesis-express cache-miss
109 http fetch GET 200 https://registry.npmjs.org/csv-parse 87ms (cache miss)
110 silly packumentCache full:https://registry.npmjs.org/csv-parse set size:undefined disposed:false
111 silly fetch manifest express@^4.16.4
112 silly packumentCache full:https://registry.npmjs.org/express cache-miss
113 http fetch GET 200 https://registry.npmjs.org/@google-cloud%2fcloud-sql-connector 756ms (cache miss)
114 silly packumentCache full:https://registry.npmjs.org/@google-cloud%2fcloud-sql-connector set size:undefined disposed:false
115 silly fetch manifest filesize@^6.1.0
116 silly packumentCache full:https://registry.npmjs.org/filesize cache-miss
117 http fetch GET 200 https://registry.npmjs.org/commander 324ms (cache miss)
118 silly packumentCache full:https://registry.npmjs.org/commander set size:undefined disposed:false
119 silly fetch manifest form-data@^4.0.1
120 silly packumentCache full:https://registry.npmjs.org/form-data cache-miss
121 http fetch GET 200 https://registry.npmjs.org/configstore 305ms (cache miss)
122 silly packumentCache full:https://registry.npmjs.org/configstore set size:undefined disposed:false
123 silly fetch manifest fs-extra@^10.1.0
124 silly packumentCache full:https://registry.npmjs.org/fs-extra cache-miss
125 http fetch GET 200 https://registry.npmjs.org/express 81ms (cache miss)
126 silly packumentCache full:https://registry.npmjs.org/express set size:undefined disposed:false
127 silly fetch manifest fuzzy@^0.1.3
128 silly packumentCache full:https://registry.npmjs.org/fuzzy cache-miss
129 http fetch GET 200 https://registry.npmjs.org/filesize 61ms (cache miss)
130 silly packumentCache full:https://registry.npmjs.org/filesize set size:undefined disposed:false
131 silly fetch manifest gaxios@^6.7.0
132 silly packumentCache full:https://registry.npmjs.org/gaxios cache-miss
133 http fetch GET 200 https://registry.npmjs.org/@apphosting%2fcommon 850ms (cache miss)
134 silly packumentCache full:https://registry.npmjs.org/@apphosting%2fcommon set size:undefined disposed:false
135 silly fetch manifest glob@^10.5.0
136 silly packumentCache full:https://registry.npmjs.org/glob cache-miss
137 http fetch GET 200 https://registry.npmjs.org/form-data 53ms (cache miss)
138 silly packumentCache full:https://registry.npmjs.org/form-data set size:undefined disposed:false
139 silly fetch manifest google-auth-library@^9.11.0
140 silly packumentCache full:https://registry.npmjs.org/google-auth-library cache-miss
141 http fetch GET 200 https://registry.npmjs.org/fs-extra 64ms (cache miss)
142 silly packumentCache full:https://registry.npmjs.org/fs-extra set size:undefined disposed:false
143 silly fetch manifest ignore@^7.0.4
144 silly packumentCache full:https://registry.npmjs.org/ignore cache-miss
145 http fetch GET 200 https://registry.npmjs.org/glob 64ms (cache miss)
146 silly packumentCache full:https://registry.npmjs.org/glob set size:undefined disposed:false
147 silly fetch manifest js-yaml@^3.14.2
148 silly packumentCache full:https://registry.npmjs.org/js-yaml cache-miss
149 http fetch GET 200 https://registry.npmjs.org/@google-cloud%2fpubsub 925ms (cache miss)
150 silly packumentCache full:https://registry.npmjs.org/@google-cloud%2fpubsub set size:undefined disposed:false
151 silly fetch manifest jsonwebtoken@^9.0.2
152 silly packumentCache full:https://registry.npmjs.org/jsonwebtoken cache-miss
153 http fetch GET 200 https://registry.npmjs.org/exegesis 298ms (cache miss)
154 silly packumentCache full:https://registry.npmjs.org/exegesis set size:undefined disposed:false
155 silly fetch manifest leven@^3.1.0
156 silly packumentCache full:https://registry.npmjs.org/leven cache-miss
157 http fetch GET 200 https://registry.npmjs.org/deep-equal-in-any-order 307ms (cache miss)
158 silly packumentCache full:https://registry.npmjs.org/deep-equal-in-any-order set size:undefined disposed:false
159 silly fetch manifest libsodium-wrappers@^0.7.10
160 silly packumentCache full:https://registry.npmjs.org/libsodium-wrappers cache-miss
161 http fetch GET 200 https://registry.npmjs.org/ignore 100ms (cache miss)
162 silly packumentCache full:https://registry.npmjs.org/ignore set size:undefined disposed:false
163 silly fetch manifest lodash@^4.18.0
164 silly packumentCache full:https://registry.npmjs.org/lodash cache-miss
165 http fetch GET 200 https://registry.npmjs.org/leven 42ms (cache miss)
166 silly packumentCache full:https://registry.npmjs.org/leven set size:undefined disposed:false
167 silly fetch manifest lsofi@^2.0.0
168 silly packumentCache full:https://registry.npmjs.org/lsofi cache-miss
169 http fetch GET 200 https://registry.npmjs.org/exegesis-express 310ms (cache miss)
170 silly packumentCache full:https://registry.npmjs.org/exegesis-express set size:undefined disposed:false
171 silly fetch manifest marked@^13.0.2
172 silly packumentCache full:https://registry.npmjs.org/marked cache-miss
173 http fetch GET 200 https://registry.npmjs.org/lodash 59ms (cache miss)
174 silly packumentCache full:https://registry.npmjs.org/lodash set size:undefined disposed:false
175 silly fetch manifest marked-terminal@^7.0.0
176 silly packumentCache full:https://registry.npmjs.org/marked-terminal cache-miss
177 http fetch GET 200 https://registry.npmjs.org/marked 70ms (cache miss)
178 silly packumentCache full:https://registry.npmjs.org/marked set size:undefined disposed:false
179 silly fetch manifest mime@^2.5.2
180 silly packumentCache full:https://registry.npmjs.org/mime cache-miss
181 http fetch GET 200 https://registry.npmjs.org/mime 48ms (cache miss)
182 silly packumentCache full:https://registry.npmjs.org/mime set size:undefined disposed:false
183 silly fetch manifest minimatch@^3.0.4
184 silly packumentCache full:https://registry.npmjs.org/minimatch cache-miss
185 http fetch GET 200 https://registry.npmjs.org/fuzzy 323ms (cache miss)
186 silly packumentCache full:https://registry.npmjs.org/fuzzy set size:undefined disposed:false
187 silly fetch manifest morgan@^1.10.0
188 silly packumentCache full:https://registry.npmjs.org/morgan cache-miss
189 http fetch GET 200 https://registry.npmjs.org/morgan 57ms (cache miss)
190 silly packumentCache full:https://registry.npmjs.org/morgan set size:undefined disposed:false
191 silly fetch manifest node-fetch@^2.6.7
192 silly packumentCache full:https://registry.npmjs.org/node-fetch cache-miss
193 http fetch GET 200 https://registry.npmjs.org/minimatch 68ms (cache miss)
194 silly packumentCache full:https://registry.npmjs.org/minimatch set size:undefined disposed:false
195 silly fetch manifest open@^6.3.0
196 silly packumentCache full:https://registry.npmjs.org/open cache-miss
197 http fetch GET 200 https://registry.npmjs.org/gaxios 378ms (cache miss)
198 silly packumentCache full:https://registry.npmjs.org/gaxios set size:undefined disposed:false
199 silly fetch manifest ora@^5.4.1
200 silly packumentCache full:https://registry.npmjs.org/ora cache-miss
201 http fetch GET 200 https://registry.npmjs.org/google-auth-library 347ms (cache miss)
202 silly packumentCache full:https://registry.npmjs.org/google-auth-library set size:undefined disposed:false
203 silly fetch manifest p-limit@^3.0.1
204 silly packumentCache full:https://registry.npmjs.org/p-limit cache-miss
205 http fetch GET 200 https://registry.npmjs.org/jsonwebtoken 302ms (cache miss)
206 silly packumentCache full:https://registry.npmjs.org/jsonwebtoken set size:undefined disposed:false
207 silly fetch manifest pg@^8.11.3
208 silly packumentCache full:https://registry.npmjs.org/pg cache-miss
209 http fetch GET 200 https://registry.npmjs.org/js-yaml 313ms (cache miss)
210 silly packumentCache full:https://registry.npmjs.org/js-yaml set size:undefined disposed:false
211 silly fetch manifest pg-gateway@^0.3.0-beta.4
212 silly packumentCache full:https://registry.npmjs.org/pg-gateway cache-miss
213 http fetch GET 200 https://registry.npmjs.org/open 59ms (cache miss)
214 silly packumentCache full:https://registry.npmjs.org/open set size:undefined disposed:false
215 silly fetch manifest pglite-2@npm:@electric-sql/pglite@0.2.17
216 silly packumentCache full:https://registry.npmjs.org/@electric-sql%2fpglite cache-miss
217 http cache https://registry.npmjs.org/@electric-sql%2fpglite 3ms (cache hit)
218 silly packumentCache full:https://registry.npmjs.org/@electric-sql%2fpglite set size:327984 disposed:false
219 silly fetch manifest portfinder@^1.0.32
220 silly packumentCache full:https://registry.npmjs.org/portfinder cache-miss
221 http fetch GET 200 https://registry.npmjs.org/libsodium-wrappers 314ms (cache miss)
222 silly packumentCache full:https://registry.npmjs.org/libsodium-wrappers set size:undefined disposed:false
223 silly fetch manifest progress@^2.0.3
224 silly packumentCache full:https://registry.npmjs.org/progress cache-miss
225 http fetch GET 200 https://registry.npmjs.org/node-fetch 85ms (cache miss)
226 silly packumentCache full:https://registry.npmjs.org/node-fetch set size:undefined disposed:false
227 silly fetch manifest proxy-agent@^6.3.0
228 silly packumentCache full:https://registry.npmjs.org/proxy-agent cache-miss
229 http fetch GET 200 https://registry.npmjs.org/p-limit 76ms (cache miss)
230 silly packumentCache full:https://registry.npmjs.org/p-limit set size:undefined disposed:false
231 silly fetch manifest retry@^0.13.1
232 silly packumentCache full:https://registry.npmjs.org/retry cache-miss
233 http fetch GET 200 https://registry.npmjs.org/ora 83ms (cache miss)
234 silly packumentCache full:https://registry.npmjs.org/ora set size:undefined disposed:false
235 silly fetch manifest semver@^7.5.2
236 silly packumentCache full:https://registry.npmjs.org/semver cache-miss
237 http fetch GET 200 https://registry.npmjs.org/lsofi 308ms (cache miss)
238 silly packumentCache full:https://registry.npmjs.org/lsofi set size:undefined disposed:false
239 silly fetch manifest sql-formatter@^15.3.0
240 silly packumentCache full:https://registry.npmjs.org/sql-formatter cache-miss
241 http fetch GET 200 https://registry.npmjs.org/progress 55ms (cache miss)
242 silly packumentCache full:https://registry.npmjs.org/progress set size:undefined disposed:false
243 silly fetch manifest stream-chain@^2.2.4
244 silly packumentCache full:https://registry.npmjs.org/stream-chain cache-miss
245 http fetch GET 200 https://registry.npmjs.org/marked-terminal 290ms (cache miss)
246 silly packumentCache full:https://registry.npmjs.org/marked-terminal set size:undefined disposed:false
247 silly fetch manifest stream-json@^1.7.3
248 silly packumentCache full:https://registry.npmjs.org/stream-json cache-miss
249 http fetch GET 200 https://registry.npmjs.org/semver 113ms (cache miss)
250 silly packumentCache full:https://registry.npmjs.org/semver set size:undefined disposed:false
251 silly fetch manifest superstatic@^10.0.0
252 silly packumentCache full:https://registry.npmjs.org/superstatic cache-miss
253 http fetch GET 200 https://registry.npmjs.org/sql-formatter 113ms (cache miss)
254 silly packumentCache full:https://registry.npmjs.org/sql-formatter set size:undefined disposed:false
255 silly fetch manifest tar@^7.5.11
256 silly packumentCache full:https://registry.npmjs.org/tar cache-miss
257 http fetch GET 200 https://registry.npmjs.org/tar 66ms (cache miss)
258 silly packumentCache full:https://registry.npmjs.org/tar set size:undefined disposed:false
259 silly fetch manifest tcp-port-used@^1.0.2
260 silly packumentCache full:https://registry.npmjs.org/tcp-port-used cache-miss
261 http fetch GET 200 https://registry.npmjs.org/pg-gateway 329ms (cache miss)
262 silly packumentCache full:https://registry.npmjs.org/pg-gateway set size:undefined disposed:false
263 silly fetch manifest tmp@^0.2.3
264 silly packumentCache full:https://registry.npmjs.org/tmp cache-miss
265 http fetch GET 200 https://registry.npmjs.org/portfinder 321ms (cache miss)
266 silly packumentCache full:https://registry.npmjs.org/portfinder set size:undefined disposed:false
267 silly fetch manifest triple-beam@^1.3.0
268 silly packumentCache full:https://registry.npmjs.org/triple-beam cache-miss
269 http fetch GET 200 https://registry.npmjs.org/pg 352ms (cache miss)
270 silly packumentCache full:https://registry.npmjs.org/pg set size:undefined disposed:false
271 silly fetch manifest universal-analytics@^0.5.3
272 silly packumentCache full:https://registry.npmjs.org/universal-analytics cache-miss
273 http fetch GET 200 https://registry.npmjs.org/proxy-agent 309ms (cache miss)
274 silly packumentCache full:https://registry.npmjs.org/proxy-agent set size:undefined disposed:false
275 silly fetch manifest update-notifier-cjs@^5.1.6
276 silly packumentCache full:https://registry.npmjs.org/update-notifier-cjs cache-miss
277 http fetch GET 200 https://registry.npmjs.org/retry 326ms (cache miss)
278 silly packumentCache full:https://registry.npmjs.org/retry set size:undefined disposed:false
279 silly fetch manifest uuid@^11.1.1
280 silly packumentCache full:https://registry.npmjs.org/uuid cache-miss
281 http fetch GET 200 https://registry.npmjs.org/stream-chain 300ms (cache miss)
282 silly packumentCache full:https://registry.npmjs.org/stream-chain set size:undefined disposed:false
283 silly fetch manifest winston@^3.0.0
284 silly packumentCache full:https://registry.npmjs.org/winston cache-miss
285 http fetch GET 200 https://registry.npmjs.org/stream-json 315ms (cache miss)
286 silly packumentCache full:https://registry.npmjs.org/stream-json set size:undefined disposed:false
287 silly fetch manifest winston-transport@^4.4.0
288 silly packumentCache full:https://registry.npmjs.org/winston-transport cache-miss
289 http fetch GET 200 https://registry.npmjs.org/uuid 60ms (cache miss)
290 silly packumentCache full:https://registry.npmjs.org/uuid set size:undefined disposed:false
291 silly fetch manifest ws@^7.5.10
292 silly packumentCache full:https://registry.npmjs.org/ws cache-miss
293 http fetch GET 200 https://registry.npmjs.org/winston 74ms (cache miss)
294 silly packumentCache full:https://registry.npmjs.org/winston set size:undefined disposed:false
295 silly fetch manifest yaml@^2.8.3
296 silly packumentCache full:https://registry.npmjs.org/yaml cache-miss
297 http fetch GET 200 https://registry.npmjs.org/winston-transport 71ms (cache miss)
298 silly packumentCache full:https://registry.npmjs.org/winston-transport set size:undefined disposed:false
299 silly fetch manifest zod@^3.24.3
300 silly packumentCache full:https://registry.npmjs.org/zod cache-miss
301 http fetch GET 200 https://registry.npmjs.org/superstatic 375ms (cache miss)
302 silly packumentCache full:https://registry.npmjs.org/superstatic set size:undefined disposed:false
303 silly fetch manifest zod-to-json-schema@^3.24.5
304 silly packumentCache full:https://registry.npmjs.org/zod-to-json-schema cache-miss
305 http fetch GET 200 https://registry.npmjs.org/ws 110ms (cache miss)
306 silly packumentCache full:https://registry.npmjs.org/ws set size:undefined disposed:false
307 http fetch GET 200 https://registry.npmjs.org/tcp-port-used 306ms (cache miss)
308 silly packumentCache full:https://registry.npmjs.org/tcp-port-used set size:undefined disposed:false
309 http fetch GET 200 https://registry.npmjs.org/yaml 114ms (cache miss)
310 silly packumentCache full:https://registry.npmjs.org/yaml set size:undefined disposed:false
311 http fetch GET 200 https://registry.npmjs.org/tmp 302ms (cache miss)
312 silly packumentCache full:https://registry.npmjs.org/tmp set size:undefined disposed:false
313 http fetch GET 200 https://registry.npmjs.org/zod 155ms (cache miss)
314 silly packumentCache full:https://registry.npmjs.org/zod set size:undefined disposed:false
315 http fetch GET 200 https://registry.npmjs.org/triple-beam 297ms (cache miss)
316 silly packumentCache full:https://registry.npmjs.org/triple-beam set size:undefined disposed:false
317 http fetch GET 200 https://registry.npmjs.org/zod-to-json-schema 111ms (cache miss)
318 silly packumentCache full:https://registry.npmjs.org/zod-to-json-schema set size:undefined disposed:false
319 http fetch GET 200 https://registry.npmjs.org/universal-analytics 317ms (cache miss)
320 silly packumentCache full:https://registry.npmjs.org/universal-analytics set size:undefined disposed:false
321 http fetch GET 200 https://registry.npmjs.org/update-notifier-cjs 323ms (cache miss)
322 silly packumentCache full:https://registry.npmjs.org/update-notifier-cjs set size:undefined disposed:false
323 silly fetch manifest @types/node@>=18
324 silly packumentCache full:https://registry.npmjs.org/@types%2fnode cache-miss
325 http fetch GET 200 https://registry.npmjs.org/@types%2fnode 240ms (cache miss)
326 silly packumentCache full:https://registry.npmjs.org/@types%2fnode set size:undefined disposed:false
327 silly fetch manifest @cfworker/json-schema@^4.1.1
328 silly packumentCache full:https://registry.npmjs.org/@cfworker%2fjson-schema cache-miss
329 http fetch GET 200 https://registry.npmjs.org/@cfworker%2fjson-schema 235ms (cache miss)
330 silly packumentCache full:https://registry.npmjs.org/@cfworker%2fjson-schema set size:undefined disposed:false
331 silly fetch manifest encoding@^0.1.0
332 silly packumentCache full:https://registry.npmjs.org/encoding cache-miss
333 http fetch GET 200 https://registry.npmjs.org/encoding 51ms (cache miss)
334 silly packumentCache full:https://registry.npmjs.org/encoding set size:undefined disposed:false
335 silly fetch manifest pg-native@>=3.0.1
336 silly packumentCache full:https://registry.npmjs.org/pg-native cache-miss
337 http fetch GET 200 https://registry.npmjs.org/pg-native 297ms (cache miss)
338 silly packumentCache full:https://registry.npmjs.org/pg-native set size:undefined disposed:false
339 silly fetch manifest bufferutil@^4.0.1
340 silly packumentCache full:https://registry.npmjs.org/bufferutil cache-miss
341 http fetch GET 200 https://registry.npmjs.org/bufferutil 55ms (cache miss)
342 silly packumentCache full:https://registry.npmjs.org/bufferutil set size:undefined disposed:false
343 silly fetch manifest utf-8-validate@^5.0.2
344 silly packumentCache full:https://registry.npmjs.org/utf-8-validate cache-miss
345 http fetch GET 200 https://registry.npmjs.org/utf-8-validate 51ms (cache miss)
346 silly packumentCache full:https://registry.npmjs.org/utf-8-validate set size:undefined disposed:false
347 silly placeDep ROOT @apphosting/common@0.0.8 OK for: firebase-tools@15.19.1 want: ^0.0.8
348 silly placeDep ROOT @electric-sql/pglite@0.3.16 OK for: firebase-tools@15.19.1 want: ^0.3.3
349 silly placeDep ROOT @electric-sql/pglite-tools@0.2.21 OK for: firebase-tools@15.19.1 want: ^0.2.8
350 silly placeDep ROOT @google-cloud/cloud-sql-connector@1.11.1 OK for: firebase-tools@15.19.1 want: ^1.3.3
351 silly placeDep ROOT @google-cloud/pubsub@5.3.0 OK for: firebase-tools@15.19.1 want: ^5.2.0
352 silly placeDep ROOT @inquirer/prompts@7.10.1 OK for: firebase-tools@15.19.1 want: ^7.10.1
353 silly placeDep ROOT @modelcontextprotocol/sdk@1.29.0 OK for: firebase-tools@15.19.1 want: ^1.24.0
354 silly placeDep ROOT abort-controller@3.0.0 OK for: firebase-tools@15.19.1 want: ^3.0.0
355 silly placeDep ROOT ajv@8.20.0 OK for: firebase-tools@15.19.1 want: ^8.17.1
356 silly placeDep ROOT ajv-formats@3.0.1 OK for: firebase-tools@15.19.1 want: 3.0.1
357 silly placeDep ROOT archiver@7.0.1 OK for: firebase-tools@15.19.1 want: ^7.0.0
358 silly placeDep ROOT async-lock@1.4.1 OK for: firebase-tools@15.19.1 want: 1.4.1
359 silly placeDep ROOT body-parser@1.20.5 OK for: firebase-tools@15.19.1 want: ^1.19.0
360 silly placeDep ROOT chokidar@3.6.0 OK for: firebase-tools@15.19.1 want: ^3.6.0
361 silly placeDep ROOT cjson@0.3.3 OK for: firebase-tools@15.19.1 want: ^0.3.1
362 silly placeDep ROOT cli-table3@0.6.5 OK for: firebase-tools@15.19.1 want: 0.6.5
363 silly placeDep ROOT colorette@2.0.20 OK for: firebase-tools@15.19.1 want: ^2.0.19
364 silly placeDep ROOT commander@5.1.0 OK for: firebase-tools@15.19.1 want: ^5.1.0
365 silly placeDep ROOT configstore@5.0.1 OK for: firebase-tools@15.19.1 want: ^5.0.1
366 silly placeDep ROOT cors@2.8.6 OK for: firebase-tools@15.19.1 want: ^2.8.5
367 silly placeDep ROOT cross-env@7.0.3 OK for: firebase-tools@15.19.1 want: ^7.0.3
368 silly placeDep ROOT cross-spawn@7.0.6 OK for: firebase-tools@15.19.1 want: ^7.0.5
369 silly placeDep ROOT csv-parse@5.6.0 OK for: firebase-tools@15.19.1 want: ^5.0.4
370 silly placeDep ROOT deep-equal-in-any-order@2.2.0 OK for: firebase-tools@15.19.1 want: ^2.0.6
371 silly placeDep ROOT exegesis@4.3.0 OK for: firebase-tools@15.19.1 want: ^4.2.0
372 silly placeDep ROOT exegesis-express@4.0.0 OK for: firebase-tools@15.19.1 want: ^4.0.0
373 silly placeDep ROOT express@4.22.2 OK for: firebase-tools@15.19.1 want: ^4.16.4
374 silly placeDep ROOT filesize@6.4.0 OK for: firebase-tools@15.19.1 want: ^6.1.0
375 silly placeDep ROOT form-data@4.0.5 OK for: firebase-tools@15.19.1 want: ^4.0.1
376 silly placeDep ROOT fs-extra@10.1.0 OK for: firebase-tools@15.19.1 want: ^10.1.0
377 silly placeDep ROOT fuzzy@0.1.3 OK for: firebase-tools@15.19.1 want: ^0.1.3
378 silly placeDep ROOT gaxios@6.7.1 OK for: firebase-tools@15.19.1 want: ^6.7.0
379 silly placeDep ROOT glob@10.5.0 OK for: firebase-tools@15.19.1 want: ^10.5.0
380 silly placeDep ROOT google-auth-library@9.15.1 OK for: firebase-tools@15.19.1 want: ^9.11.0
381 silly placeDep ROOT ignore@7.0.5 OK for: firebase-tools@15.19.1 want: ^7.0.4
382 silly placeDep ROOT js-yaml@3.14.2 OK for: firebase-tools@15.19.1 want: ^3.14.2
383 silly placeDep ROOT jsonwebtoken@9.0.3 OK for: firebase-tools@15.19.1 want: ^9.0.2
384 silly placeDep ROOT leven@3.1.0 OK for: firebase-tools@15.19.1 want: ^3.1.0
385 silly placeDep ROOT libsodium-wrappers@0.7.16 OK for: firebase-tools@15.19.1 want: ^0.7.10
386 silly placeDep ROOT lodash@4.18.1 OK for: firebase-tools@15.19.1 want: ^4.18.0
387 silly placeDep ROOT lsofi@2.0.0 OK for: firebase-tools@15.19.1 want: ^2.0.0
388 silly placeDep ROOT marked@13.0.3 OK for: firebase-tools@15.19.1 want: ^13.0.2
389 silly placeDep ROOT marked-terminal@7.3.0 OK for: firebase-tools@15.19.1 want: ^7.0.0
390 silly placeDep ROOT mime@2.6.0 OK for: firebase-tools@15.19.1 want: ^2.5.2
391 silly placeDep ROOT minimatch@3.1.5 OK for: firebase-tools@15.19.1 want: ^3.0.4
392 silly placeDep ROOT morgan@1.11.0 OK for: firebase-tools@15.19.1 want: ^1.10.0
393 silly placeDep ROOT node-fetch@2.7.0 OK for: firebase-tools@15.19.1 want: ^2.6.7
394 silly placeDep ROOT open@6.4.0 OK for: firebase-tools@15.19.1 want: ^6.3.0
395 silly placeDep ROOT ora@5.4.1 OK for: firebase-tools@15.19.1 want: ^5.4.1
396 silly placeDep ROOT p-limit@3.1.0 OK for: firebase-tools@15.19.1 want: ^3.0.1
397 silly placeDep ROOT pg@8.21.0 OK for: firebase-tools@15.19.1 want: ^8.11.3
398 silly placeDep ROOT pg-gateway@0.3.0-beta.4 OK for: firebase-tools@15.19.1 want: ^0.3.0-beta.4
399 silly placeDep ROOT pglite-2@0.2.17 OK for: firebase-tools@15.19.1 want: npm:@electric-sql/pglite@0.2.17
400 silly placeDep ROOT portfinder@1.0.38 OK for: firebase-tools@15.19.1 want: ^1.0.32
401 silly placeDep ROOT progress@2.0.3 OK for: firebase-tools@15.19.1 want: ^2.0.3
402 silly placeDep ROOT proxy-agent@6.5.0 OK for: firebase-tools@15.19.1 want: ^6.3.0
403 silly placeDep ROOT retry@0.13.1 OK for: firebase-tools@15.19.1 want: ^0.13.1
404 silly placeDep ROOT semver@7.8.1 OK for: firebase-tools@15.19.1 want: ^7.5.2
405 silly placeDep ROOT sql-formatter@15.8.0 OK for: firebase-tools@15.19.1 want: ^15.3.0
406 silly placeDep ROOT stream-chain@2.2.5 OK for: firebase-tools@15.19.1 want: ^2.2.4
407 silly placeDep ROOT stream-json@1.9.1 OK for: firebase-tools@15.19.1 want: ^1.7.3
408 silly placeDep ROOT superstatic@10.0.0 OK for: firebase-tools@15.19.1 want: ^10.0.0
409 silly placeDep ROOT tar@7.5.16 OK for: firebase-tools@15.19.1 want: ^7.5.11
410 silly placeDep ROOT tcp-port-used@1.0.2 OK for: firebase-tools@15.19.1 want: ^1.0.2
411 silly placeDep ROOT tmp@0.2.7 OK for: firebase-tools@15.19.1 want: ^0.2.3
412 silly placeDep ROOT triple-beam@1.4.1 OK for: firebase-tools@15.19.1 want: ^1.3.0
413 silly placeDep ROOT universal-analytics@0.5.4 OK for: firebase-tools@15.19.1 want: ^0.5.3
414 silly placeDep ROOT update-notifier-cjs@5.1.7 OK for: firebase-tools@15.19.1 want: ^5.1.6
415 silly placeDep ROOT uuid@11.1.1 OK for: firebase-tools@15.19.1 want: ^11.1.1
416 silly placeDep ROOT winston@3.19.0 OK for: firebase-tools@15.19.1 want: ^3.0.0
417 silly placeDep ROOT winston-transport@4.9.0 OK for: firebase-tools@15.19.1 want: ^4.4.0
418 silly placeDep ROOT ws@7.5.11 OK for: firebase-tools@15.19.1 want: ^7.5.10
419 silly placeDep ROOT yaml@2.9.0 OK for: firebase-tools@15.19.1 want: ^2.8.3
420 silly placeDep ROOT zod@3.25.76 OK for: firebase-tools@15.19.1 want: ^3.24.3
421 silly placeDep ROOT zod-to-json-schema@3.25.2 OK for: firebase-tools@15.19.1 want: ^3.24.5
422 silly fetch manifest @googleapis/sqladmin@^35.2.0
423 silly packumentCache full:https://registry.npmjs.org/@googleapis%2fsqladmin cache-miss
424 silly fetch manifest gaxios@^7.1.4
425 silly packumentCache full:https://registry.npmjs.org/gaxios cache-miss
426 silly fetch manifest google-auth-library@^10.6.2
427 silly packumentCache full:https://registry.npmjs.org/google-auth-library cache-miss
428 silly fetch manifest p-throttle@^7.0.0
429 silly packumentCache full:https://registry.npmjs.org/p-throttle cache-miss
430 silly fetch manifest @google-cloud/paginator@^6.0.0
431 silly packumentCache full:https://registry.npmjs.org/@google-cloud%2fpaginator cache-miss
432 silly fetch manifest @google-cloud/precise-date@^5.0.0
433 silly packumentCache full:https://registry.npmjs.org/@google-cloud%2fprecise-date cache-miss
434 silly fetch manifest @google-cloud/projectify@^5.0.0
435 silly packumentCache full:https://registry.npmjs.org/@google-cloud%2fprojectify cache-miss
436 silly fetch manifest @google-cloud/promisify@^5.0.0
437 silly packumentCache full:https://registry.npmjs.org/@google-cloud%2fpromisify cache-miss
438 silly fetch manifest @opentelemetry/api@~1.9.0
439 silly packumentCache full:https://registry.npmjs.org/@opentelemetry%2fapi cache-miss
440 http cache https://registry.npmjs.org/gaxios 12ms (cache hit)
441 silly packumentCache full:https://registry.npmjs.org/gaxios set size:345358 disposed:false
442 silly fetch manifest @opentelemetry/core@^1.30.1
443 silly packumentCache full:https://registry.npmjs.org/@opentelemetry%2fcore cache-miss
444 http cache https://registry.npmjs.org/google-auth-library 14ms (cache hit)
445 silly packumentCache full:https://registry.npmjs.org/google-auth-library set size:724318 disposed:false
446 silly fetch manifest @opentelemetry/semantic-conventions@~1.39.0
447 silly packumentCache full:https://registry.npmjs.org/@opentelemetry%2fsemantic-conventions cache-miss
448 http fetch GET 200 https://registry.npmjs.org/p-throttle 316ms (cache miss)
449 silly packumentCache full:https://registry.npmjs.org/p-throttle set size:undefined disposed:false
450 silly fetch manifest arrify@^2.0.0
451 silly packumentCache full:https://registry.npmjs.org/arrify cache-miss
452 http fetch GET 200 https://registry.npmjs.org/arrify 50ms (cache miss)
453 silly packumentCache full:https://registry.npmjs.org/arrify set size:undefined disposed:false
454 silly fetch manifest extend@^3.0.2
455 silly packumentCache full:https://registry.npmjs.org/extend cache-miss
456 http fetch GET 200 https://registry.npmjs.org/extend 55ms (cache miss)
457 silly packumentCache full:https://registry.npmjs.org/extend set size:undefined disposed:false
458 silly fetch manifest google-auth-library@^10.5.0
459 silly packumentCache full:https://registry.npmjs.org/google-auth-library cache-hit
460 silly fetch manifest google-gax@^5.0.5
461 silly packumentCache full:https://registry.npmjs.org/google-gax cache-miss
462 http fetch GET 200 https://registry.npmjs.org/@opentelemetry%2fcore 661ms (cache miss)
463 silly packumentCache full:https://registry.npmjs.org/@opentelemetry%2fcore set size:undefined disposed:false
464 silly fetch manifest heap-js@^2.6.0
465 silly packumentCache full:https://registry.npmjs.org/heap-js cache-miss
466 http fetch GET 200 https://registry.npmjs.org/@google-cloud%2fpaginator 747ms (cache miss)
467 silly packumentCache full:https://registry.npmjs.org/@google-cloud%2fpaginator set size:undefined disposed:false
468 silly fetch manifest is-stream-ended@^0.1.4
469 silly packumentCache full:https://registry.npmjs.org/is-stream-ended cache-miss
470 http fetch GET 200 https://registry.npmjs.org/@google-cloud%2fprojectify 809ms (cache miss)
471 silly packumentCache full:https://registry.npmjs.org/@google-cloud%2fprojectify set size:undefined disposed:false
472 silly fetch manifest lodash.snakecase@^4.1.1
473 silly packumentCache full:https://registry.npmjs.org/lodash.snakecase cache-miss
474 http fetch GET 200 https://registry.npmjs.org/google-gax 401ms (cache miss)
475 silly packumentCache full:https://registry.npmjs.org/google-gax set size:undefined disposed:false
476 silly fetch manifest p-defer@^3.0.0
477 silly packumentCache full:https://registry.npmjs.org/p-defer cache-miss
478 http fetch GET 200 https://registry.npmjs.org/@google-cloud%2fprecise-date 846ms (cache miss)
479 silly packumentCache full:https://registry.npmjs.org/@google-cloud%2fprecise-date set size:undefined disposed:false
480 silly fetch manifest @inquirer/input@^4.3.1
481 silly packumentCache full:https://registry.npmjs.org/@inquirer%2finput cache-miss
482 http fetch GET 200 https://registry.npmjs.org/@opentelemetry%2fapi 847ms (cache miss)
483 silly packumentCache full:https://registry.npmjs.org/@opentelemetry%2fapi set size:undefined disposed:false
484 silly fetch manifest @inquirer/editor@^4.2.23
485 silly packumentCache full:https://registry.npmjs.org/@inquirer%2feditor cache-miss
486 http fetch GET 200 https://registry.npmjs.org/@google-cloud%2fpromisify 852ms (cache miss)
487 silly packumentCache full:https://registry.npmjs.org/@google-cloud%2fpromisify set size:undefined disposed:false
488 silly fetch manifest @inquirer/expand@^4.0.23
489 silly packumentCache full:https://registry.npmjs.org/@inquirer%2fexpand cache-miss
490 http fetch GET 200 https://registry.npmjs.org/@googleapis%2fsqladmin 860ms (cache miss)
491 silly packumentCache full:https://registry.npmjs.org/@googleapis%2fsqladmin set size:undefined disposed:false
492 silly fetch manifest @inquirer/number@^3.0.23
493 silly packumentCache full:https://registry.npmjs.org/@inquirer%2fnumber cache-miss
494 http fetch GET 200 https://registry.npmjs.org/@opentelemetry%2fsemantic-conventions 918ms (cache miss)
495 silly packumentCache full:https://registry.npmjs.org/@opentelemetry%2fsemantic-conventions set size:undefined disposed:false
496 silly fetch manifest @inquirer/search@^3.2.2
497 silly packumentCache full:https://registry.npmjs.org/@inquirer%2fsearch cache-miss
498 http fetch GET 200 https://registry.npmjs.org/heap-js 298ms (cache miss)
499 silly packumentCache full:https://registry.npmjs.org/heap-js set size:undefined disposed:false
500 silly fetch manifest @inquirer/select@^4.4.2
501 silly packumentCache full:https://registry.npmjs.org/@inquirer%2fselect cache-miss
502 http fetch GET 200 https://registry.npmjs.org/is-stream-ended 284ms (cache miss)
503 silly packumentCache full:https://registry.npmjs.org/is-stream-ended set size:undefined disposed:false
504 silly fetch manifest @inquirer/confirm@^5.1.21
505 silly packumentCache full:https://registry.npmjs.org/@inquirer%2fconfirm cache-miss
506 http fetch GET 200 https://registry.npmjs.org/@inquirer%2finput 240ms (cache miss)
507 silly packumentCache full:https://registry.npmjs.org/@inquirer%2finput set size:undefined disposed:false
508 silly fetch manifest @inquirer/rawlist@^4.1.11
509 silly packumentCache full:https://registry.npmjs.org/@inquirer%2frawlist cache-miss
510 http fetch GET 200 https://registry.npmjs.org/lodash.snakecase 301ms (cache miss)
511 silly packumentCache full:https://registry.npmjs.org/lodash.snakecase set size:undefined disposed:false
512 silly fetch manifest @inquirer/checkbox@^4.3.2
513 silly packumentCache full:https://registry.npmjs.org/@inquirer%2fcheckbox cache-miss
514 http fetch GET 200 https://registry.npmjs.org/@inquirer%2feditor 286ms (cache miss)
515 silly packumentCache full:https://registry.npmjs.org/@inquirer%2feditor set size:undefined disposed:false
516 silly fetch manifest @inquirer/password@^4.0.23
517 silly packumentCache full:https://registry.npmjs.org/@inquirer%2fpassword cache-miss
518 http fetch GET 200 https://registry.npmjs.org/p-defer 324ms (cache miss)
519 silly packumentCache full:https://registry.npmjs.org/p-defer set size:undefined disposed:false
520 silly fetch manifest @hono/node-server@^1.19.9
521 silly packumentCache full:https://registry.npmjs.org/@hono%2fnode-server cache-miss
522 http fetch GET 200 https://registry.npmjs.org/@inquirer%2fexpand 499ms (cache miss)
523 silly packumentCache full:https://registry.npmjs.org/@inquirer%2fexpand set size:undefined disposed:false
524 silly fetch manifest ajv-formats@^3.0.1
525 silly packumentCache full:https://registry.npmjs.org/ajv-formats cache-miss
526 http cache https://registry.npmjs.org/ajv-formats 3ms (cache hit)
527 silly packumentCache full:https://registry.npmjs.org/ajv-formats set size:141264 disposed:false
528 silly fetch manifest content-type@^1.0.5
529 silly packumentCache full:https://registry.npmjs.org/content-type cache-miss
530 http fetch GET 200 https://registry.npmjs.org/content-type 57ms (cache miss)
531 silly packumentCache full:https://registry.npmjs.org/content-type set size:undefined disposed:false
532 silly fetch manifest eventsource@^3.0.2
533 silly packumentCache full:https://registry.npmjs.org/eventsource cache-miss
534 http fetch GET 200 https://registry.npmjs.org/@inquirer%2fnumber 591ms (cache miss)
535 silly packumentCache full:https://registry.npmjs.org/@inquirer%2fnumber set size:undefined disposed:false
536 silly fetch manifest eventsource-parser@^3.0.0
537 silly packumentCache full:https://registry.npmjs.org/eventsource-parser cache-miss
538 http fetch GET 200 https://registry.npmjs.org/eventsource 60ms (cache miss)
539 silly packumentCache full:https://registry.npmjs.org/eventsource set size:undefined disposed:false
540 silly fetch manifest express@^5.2.1
541 silly packumentCache full:https://registry.npmjs.org/express cache-miss
542 http cache https://registry.npmjs.org/express 3ms (cache hit)
543 silly packumentCache full:https://registry.npmjs.org/express set size:804947 disposed:false
544 silly fetch manifest express-rate-limit@^8.2.1
545 silly packumentCache full:https://registry.npmjs.org/express-rate-limit cache-miss
546 http fetch GET 200 https://registry.npmjs.org/eventsource-parser 61ms (cache miss)
547 silly packumentCache full:https://registry.npmjs.org/eventsource-parser set size:undefined disposed:false
548 silly fetch manifest hono@^4.11.4
549 silly packumentCache full:https://registry.npmjs.org/hono cache-miss
550 http fetch GET 200 https://registry.npmjs.org/@inquirer%2fconfirm 504ms (cache miss)
551 silly packumentCache full:https://registry.npmjs.org/@inquirer%2fconfirm set size:undefined disposed:false
552 silly fetch manifest jose@^6.1.3
553 silly packumentCache full:https://registry.npmjs.org/jose cache-miss
554 http fetch GET 200 https://registry.npmjs.org/@inquirer%2fselect 561ms (cache miss)
555 silly packumentCache full:https://registry.npmjs.org/@inquirer%2fselect set size:undefined disposed:false
556 silly fetch manifest json-schema-typed@^8.0.2
557 silly packumentCache full:https://registry.npmjs.org/json-schema-typed cache-miss
558 http fetch GET 200 https://registry.npmjs.org/@inquirer%2frawlist 485ms (cache miss)
559 silly packumentCache full:https://registry.npmjs.org/@inquirer%2frawlist set size:undefined disposed:false
560 silly fetch manifest pkce-challenge@^5.0.0
561 silly packumentCache full:https://registry.npmjs.org/pkce-challenge cache-miss
562 http fetch GET 200 https://registry.npmjs.org/json-schema-typed 44ms (cache miss)
563 silly packumentCache full:https://registry.npmjs.org/json-schema-typed set size:undefined disposed:false
564 silly fetch manifest raw-body@^3.0.0
565 silly packumentCache full:https://registry.npmjs.org/raw-body cache-miss
566 http fetch GET 200 https://registry.npmjs.org/pkce-challenge 47ms (cache miss)
567 silly packumentCache full:https://registry.npmjs.org/pkce-challenge set size:undefined disposed:false
568 silly fetch manifest zod@^3.25 || ^4.0
569 silly packumentCache full:https://registry.npmjs.org/zod cache-miss
570 http cache https://registry.npmjs.org/zod 4ms (cache hit)
571 silly packumentCache full:https://registry.npmjs.org/zod set size:3552562 disposed:false
572 silly fetch manifest zod-to-json-schema@^3.25.1
573 silly packumentCache full:https://registry.npmjs.org/zod-to-json-schema cache-miss
574 http cache https://registry.npmjs.org/zod-to-json-schema 8ms (cache hit)
575 silly packumentCache full:https://registry.npmjs.org/zod-to-json-schema set size:309584 disposed:false
576 silly fetch manifest event-target-shim@^5.0.0
577 silly packumentCache full:https://registry.npmjs.org/event-target-shim cache-miss
578 http fetch GET 200 https://registry.npmjs.org/raw-body 61ms (cache miss)
579 silly packumentCache full:https://registry.npmjs.org/raw-body set size:undefined disposed:false
580 silly fetch manifest fast-deep-equal@^3.1.3
581 silly packumentCache full:https://registry.npmjs.org/fast-deep-equal cache-miss
582 http fetch GET 200 https://registry.npmjs.org/@inquirer%2fcheckbox 540ms (cache miss)
583 silly packumentCache full:https://registry.npmjs.org/@inquirer%2fcheckbox set size:undefined disposed:false
584 silly fetch manifest fast-uri@^3.0.1
585 silly packumentCache full:https://registry.npmjs.org/fast-uri cache-miss
586 http fetch GET 200 https://registry.npmjs.org/jose 116ms (cache miss)
587 silly packumentCache full:https://registry.npmjs.org/jose set size:undefined disposed:false
588 silly fetch manifest json-schema-traverse@^1.0.0
589 silly packumentCache full:https://registry.npmjs.org/json-schema-traverse cache-miss
590 http fetch GET 200 https://registry.npmjs.org/hono 155ms (cache miss)
591 silly packumentCache full:https://registry.npmjs.org/hono set size:undefined disposed:false
592 silly fetch manifest require-from-string@^2.0.2
593 silly packumentCache full:https://registry.npmjs.org/require-from-string cache-miss
594 http fetch GET 200 https://registry.npmjs.org/@inquirer%2fsearch 760ms (cache miss)
595 silly packumentCache full:https://registry.npmjs.org/@inquirer%2fsearch set size:undefined disposed:false
596 silly fetch manifest async@^3.2.4
597 silly packumentCache full:https://registry.npmjs.org/async cache-miss
598 http fetch GET 200 https://registry.npmjs.org/event-target-shim 53ms (cache miss)
599 silly packumentCache full:https://registry.npmjs.org/event-target-shim set size:undefined disposed:false
600 silly fetch manifest tar-stream@^3.0.0
601 silly packumentCache full:https://registry.npmjs.org/tar-stream cache-miss
602 http fetch GET 200 https://registry.npmjs.org/fast-deep-equal 51ms (cache miss)
603 silly packumentCache full:https://registry.npmjs.org/fast-deep-equal set size:undefined disposed:false
604 silly fetch manifest zip-stream@^6.0.1
605 silly packumentCache full:https://registry.npmjs.org/zip-stream cache-miss
606 http fetch GET 200 https://registry.npmjs.org/@hono%2fnode-server 541ms (cache miss)
607 silly packumentCache full:https://registry.npmjs.org/@hono%2fnode-server set size:undefined disposed:false
608 silly fetch manifest buffer-crc32@^1.0.0
609 silly packumentCache full:https://registry.npmjs.org/buffer-crc32 cache-miss
610 http fetch GET 200 https://registry.npmjs.org/fast-uri 73ms (cache miss)
611 silly packumentCache full:https://registry.npmjs.org/fast-uri set size:undefined disposed:false
612 silly fetch manifest readdir-glob@^1.1.2
613 silly packumentCache full:https://registry.npmjs.org/readdir-glob cache-miss
614 http fetch GET 200 https://registry.npmjs.org/json-schema-traverse 68ms (cache miss)
615 silly packumentCache full:https://registry.npmjs.org/json-schema-traverse set size:undefined disposed:false
616 silly fetch manifest archiver-utils@^5.0.2
617 silly packumentCache full:https://registry.npmjs.org/archiver-utils cache-miss
618 http fetch GET 200 https://registry.npmjs.org/require-from-string 46ms (cache miss)
619 silly packumentCache full:https://registry.npmjs.org/require-from-string set size:undefined disposed:false
620 silly fetch manifest readable-stream@^4.0.0
621 silly packumentCache full:https://registry.npmjs.org/readable-stream cache-miss
622 http fetch GET 200 https://registry.npmjs.org/tar-stream 46ms (cache miss)
623 silly packumentCache full:https://registry.npmjs.org/tar-stream set size:undefined disposed:false
624 silly fetch manifest bytes@~3.1.2
625 silly packumentCache full:https://registry.npmjs.org/bytes cache-miss
626 http fetch GET 200 https://registry.npmjs.org/async 59ms (cache miss)
627 silly packumentCache full:https://registry.npmjs.org/async set size:undefined disposed:false
628 silly fetch manifest content-type@~1.0.5
629 silly packumentCache full:https://registry.npmjs.org/content-type cache-miss
630 http cache https://registry.npmjs.org/content-type 1ms (cache hit)
631 silly packumentCache full:https://registry.npmjs.org/content-type set size:18994 disposed:false
632 silly fetch manifest debug@2.6.9
633 silly packumentCache full:https://registry.npmjs.org/debug cache-miss
634 http fetch GET 200 https://registry.npmjs.org/zip-stream 72ms (cache miss)
635 silly packumentCache full:https://registry.npmjs.org/zip-stream set size:undefined disposed:false
636 silly fetch manifest depd@2.0.0
637 silly packumentCache full:https://registry.npmjs.org/depd cache-miss
638 http fetch GET 200 https://registry.npmjs.org/readdir-glob 48ms (cache miss)
639 silly packumentCache full:https://registry.npmjs.org/readdir-glob set size:undefined disposed:false
640 silly fetch manifest destroy@~1.2.0
641 silly packumentCache full:https://registry.npmjs.org/destroy cache-miss
642 http fetch GET 200 https://registry.npmjs.org/buffer-crc32 77ms (cache miss)
643 silly packumentCache full:https://registry.npmjs.org/buffer-crc32 set size:undefined disposed:false
644 silly fetch manifest http-errors@~2.0.1
645 silly packumentCache full:https://registry.npmjs.org/http-errors cache-miss
646 http fetch GET 200 https://registry.npmjs.org/archiver-utils 64ms (cache miss)
647 silly packumentCache full:https://registry.npmjs.org/archiver-utils set size:undefined disposed:false
648 silly fetch manifest iconv-lite@~0.4.24
649 silly packumentCache full:https://registry.npmjs.org/iconv-lite cache-miss
650 http fetch GET 200 https://registry.npmjs.org/readable-stream 68ms (cache miss)
651 silly packumentCache full:https://registry.npmjs.org/readable-stream set size:undefined disposed:false
652 silly fetch manifest on-finished@~2.4.1
653 silly packumentCache full:https://registry.npmjs.org/on-finished cache-miss
654 http fetch GET 200 https://registry.npmjs.org/bytes 58ms (cache miss)
655 silly packumentCache full:https://registry.npmjs.org/bytes set size:undefined disposed:false
656 silly fetch manifest qs@~6.15.1
657 silly packumentCache full:https://registry.npmjs.org/qs cache-miss
658 http fetch GET 200 https://registry.npmjs.org/express-rate-limit 321ms (cache miss)
659 silly packumentCache full:https://registry.npmjs.org/express-rate-limit set size:undefined disposed:false
660 silly fetch manifest raw-body@~2.5.3
661 silly packumentCache full:https://registry.npmjs.org/raw-body cache-miss
662 http cache https://registry.npmjs.org/raw-body 2ms (cache hit)
663 silly packumentCache full:https://registry.npmjs.org/raw-body set size:117822 disposed:false
664 silly fetch manifest type-is@~1.6.18
665 silly packumentCache full:https://registry.npmjs.org/type-is cache-miss
666 http fetch GET 200 https://registry.npmjs.org/debug 53ms (cache miss)
667 silly packumentCache full:https://registry.npmjs.org/debug set size:undefined disposed:false
668 silly fetch manifest unpipe@~1.0.0
669 silly packumentCache full:https://registry.npmjs.org/unpipe cache-miss
670 http fetch GET 200 https://registry.npmjs.org/destroy 41ms (cache miss)
671 silly packumentCache full:https://registry.npmjs.org/destroy set size:undefined disposed:false
672 silly fetch manifest braces@~3.0.2
673 silly packumentCache full:https://registry.npmjs.org/braces cache-miss
674 http fetch GET 200 https://registry.npmjs.org/depd 47ms (cache miss)
675 silly packumentCache full:https://registry.npmjs.org/depd set size:undefined disposed:false
676 silly fetch manifest is-glob@~4.0.1
677 silly packumentCache full:https://registry.npmjs.org/is-glob cache-miss
678 http fetch GET 200 https://registry.npmjs.org/http-errors 61ms (cache miss)
679 silly packumentCache full:https://registry.npmjs.org/http-errors set size:undefined disposed:false
680 silly fetch manifest anymatch@~3.1.2
681 silly packumentCache full:https://registry.npmjs.org/anymatch cache-miss
682 http fetch GET 200 https://registry.npmjs.org/on-finished 44ms (cache miss)
683 silly packumentCache full:https://registry.npmjs.org/on-finished set size:undefined disposed:false
684 silly fetch manifest readdirp@~3.6.0
685 silly packumentCache full:https://registry.npmjs.org/readdirp cache-miss
686 http fetch GET 200 https://registry.npmjs.org/iconv-lite 66ms (cache miss)
687 silly packumentCache full:https://registry.npmjs.org/iconv-lite set size:undefined disposed:false
688 silly fetch manifest glob-parent@~5.1.2
689 silly packumentCache full:https://registry.npmjs.org/glob-parent cache-miss
690 http fetch GET 200 https://registry.npmjs.org/unpipe 46ms (cache miss)
691 silly packumentCache full:https://registry.npmjs.org/unpipe set size:undefined disposed:false
692 silly fetch manifest is-binary-path@~2.1.0
693 silly packumentCache full:https://registry.npmjs.org/is-binary-path cache-miss
694 http fetch GET 200 https://registry.npmjs.org/type-is 51ms (cache miss)
695 silly packumentCache full:https://registry.npmjs.org/type-is set size:undefined disposed:false
696 silly fetch manifest normalize-path@~3.0.0
697 silly packumentCache full:https://registry.npmjs.org/normalize-path cache-miss
698 http fetch GET 200 https://registry.npmjs.org/is-glob 49ms (cache miss)
699 silly packumentCache full:https://registry.npmjs.org/is-glob set size:undefined disposed:false
700 silly fetch manifest fsevents@~2.3.2
701 silly packumentCache full:https://registry.npmjs.org/fsevents cache-miss
702 http fetch GET 200 https://registry.npmjs.org/@inquirer%2fpassword 756ms (cache miss)
703 silly packumentCache full:https://registry.npmjs.org/@inquirer%2fpassword set size:undefined disposed:false
704 silly fetch manifest json-parse-helpfulerror@^1.0.3
705 silly packumentCache full:https://registry.npmjs.org/json-parse-helpfulerror cache-miss
706 http fetch GET 200 https://registry.npmjs.org/anymatch 52ms (cache miss)
707 silly packumentCache full:https://registry.npmjs.org/anymatch set size:undefined disposed:false
708 silly fetch manifest string-width@^4.2.0
709 silly packumentCache full:https://registry.npmjs.org/string-width cache-miss
710 http fetch GET 200 https://registry.npmjs.org/qs 93ms (cache miss)
711 silly packumentCache full:https://registry.npmjs.org/qs set size:undefined disposed:false
712 silly fetch manifest @colors/colors@1.5.0
713 silly packumentCache full:https://registry.npmjs.org/@colors%2fcolors cache-miss
714 http fetch GET 200 https://registry.npmjs.org/normalize-path 46ms (cache miss)
715 silly packumentCache full:https://registry.npmjs.org/normalize-path set size:undefined disposed:false
716 silly fetch manifest dot-prop@^5.2.0
717 silly packumentCache full:https://registry.npmjs.org/dot-prop cache-miss
718 http fetch GET 200 https://registry.npmjs.org/glob-parent 51ms (cache miss)
719 silly packumentCache full:https://registry.npmjs.org/glob-parent set size:undefined disposed:false
720 silly fetch manifest make-dir@^3.0.0
721 silly packumentCache full:https://registry.npmjs.org/make-dir cache-miss
722 http fetch GET 200 https://registry.npmjs.org/is-binary-path 57ms (cache miss)
723 silly packumentCache full:https://registry.npmjs.org/is-binary-path set size:undefined disposed:false
724 silly fetch manifest graceful-fs@^4.1.2
725 silly packumentCache full:https://registry.npmjs.org/graceful-fs cache-miss
726 http fetch GET 200 https://registry.npmjs.org/string-width 52ms (cache miss)
727 silly packumentCache full:https://registry.npmjs.org/string-width set size:undefined disposed:false
728 silly fetch manifest xdg-basedir@^4.0.0
729 silly packumentCache full:https://registry.npmjs.org/xdg-basedir cache-miss
730 http fetch GET 200 https://registry.npmjs.org/@colors%2fcolors 54ms (cache miss)
731 silly packumentCache full:https://registry.npmjs.org/@colors%2fcolors set size:undefined disposed:false
732 silly fetch manifest unique-string@^2.0.0
733 silly packumentCache full:https://registry.npmjs.org/unique-string cache-miss
734 http fetch GET 200 https://registry.npmjs.org/make-dir 62ms (cache miss)
735 silly packumentCache full:https://registry.npmjs.org/make-dir set size:undefined disposed:false
736 silly fetch manifest write-file-atomic@^3.0.0
737 silly packumentCache full:https://registry.npmjs.org/write-file-atomic cache-miss
738 http fetch GET 200 https://registry.npmjs.org/unique-string 42ms (cache miss)
739 silly packumentCache full:https://registry.npmjs.org/unique-string set size:undefined disposed:false
740 silly fetch manifest object-assign@^4
741 silly packumentCache full:https://registry.npmjs.org/object-assign cache-miss
742 http fetch GET 200 https://registry.npmjs.org/graceful-fs 83ms (cache miss)
743 silly packumentCache full:https://registry.npmjs.org/graceful-fs set size:undefined disposed:false
744 silly fetch manifest vary@^1
745 silly packumentCache full:https://registry.npmjs.org/vary cache-miss
746 http fetch GET 200 https://registry.npmjs.org/vary 49ms (cache miss)
747 silly packumentCache full:https://registry.npmjs.org/vary set size:undefined disposed:false
748 silly fetch manifest cross-spawn@^7.0.1
749 silly packumentCache full:https://registry.npmjs.org/cross-spawn cache-miss
750 http cache https://registry.npmjs.org/cross-spawn 1ms (cache hit)
751 silly packumentCache full:https://registry.npmjs.org/cross-spawn set size:109066 disposed:false
752 silly fetch manifest which@^2.0.1
753 silly packumentCache full:https://registry.npmjs.org/which cache-miss
754 http fetch GET 200 https://registry.npmjs.org/which 52ms (cache miss)
755 silly packumentCache full:https://registry.npmjs.org/which set size:undefined disposed:false
756 silly fetch manifest path-key@^3.1.0
757 silly packumentCache full:https://registry.npmjs.org/path-key cache-miss
758 http fetch GET 200 https://registry.npmjs.org/braces 297ms (cache miss)
759 silly packumentCache full:https://registry.npmjs.org/braces set size:undefined disposed:false
760 silly fetch manifest shebang-command@^2.0.0
761 silly packumentCache full:https://registry.npmjs.org/shebang-command cache-miss
762 http fetch GET 200 https://registry.npmjs.org/readdirp 287ms (cache miss)
763 silly packumentCache full:https://registry.npmjs.org/readdirp set size:undefined disposed:false
764 silly fetch manifest sort-any@^4.0.0
765 silly packumentCache full:https://registry.npmjs.org/sort-any cache-miss
766 http fetch GET 200 https://registry.npmjs.org/shebang-command 45ms (cache miss)
767 silly packumentCache full:https://registry.npmjs.org/shebang-command set size:undefined disposed:false
768 silly fetch manifest @apidevtools/json-schema-ref-parser@^9.0.3
769 silly packumentCache full:https://registry.npmjs.org/@apidevtools%2fjson-schema-ref-parser cache-miss
770 http fetch GET 200 https://registry.npmjs.org/path-key 61ms (cache miss)
771 silly packumentCache full:https://registry.npmjs.org/path-key set size:undefined disposed:false
772 silly fetch manifest ajv-formats@^2.1.0
773 silly packumentCache full:https://registry.npmjs.org/ajv-formats cache-hit
774 silly fetch manifest content-type@^1.0.4
775 silly packumentCache full:https://registry.npmjs.org/content-type cache-hit
776 silly fetch manifest deep-freeze@0.0.1
777 silly packumentCache full:https://registry.npmjs.org/deep-freeze cache-miss
778 http fetch GET 200 https://registry.npmjs.org/fsevents 322ms (cache miss)
779 silly packumentCache full:https://registry.npmjs.org/fsevents set size:undefined disposed:false
780 silly fetch manifest events-listener@^1.1.0
781 silly packumentCache full:https://registry.npmjs.org/events-listener cache-miss
782 http fetch GET 200 https://registry.npmjs.org/json-parse-helpfulerror 307ms (cache miss)
783 silly packumentCache full:https://registry.npmjs.org/json-parse-helpfulerror set size:undefined disposed:false
784 silly fetch manifest glob@^10.3.10
785 silly packumentCache full:https://registry.npmjs.org/glob cache-miss
786 http cache https://registry.npmjs.org/glob 1ms (cache hit)
787 silly packumentCache full:https://registry.npmjs.org/glob set size:469465 disposed:false
788 silly fetch manifest json-ptr@^3.0.1
789 silly packumentCache full:https://registry.npmjs.org/json-ptr cache-miss
790 http fetch GET 200 https://registry.npmjs.org/dot-prop 305ms (cache miss)
791 silly packumentCache full:https://registry.npmjs.org/dot-prop set size:undefined disposed:false
792 silly fetch manifest lodash@^4.17.11
793 silly packumentCache full:https://registry.npmjs.org/lodash cache-miss
794 http cache https://registry.npmjs.org/lodash 1ms (cache hit)
795 silly packumentCache full:https://registry.npmjs.org/lodash set size:247652 disposed:false
796 silly fetch manifest openapi3-ts@^3.1.1
797 silly packumentCache full:https://registry.npmjs.org/openapi3-ts cache-miss
798 http fetch GET 200 https://registry.npmjs.org/xdg-basedir 303ms (cache miss)
799 silly packumentCache full:https://registry.npmjs.org/xdg-basedir set size:undefined disposed:false
800 silly fetch manifest promise-breaker@^6.0.0
801 silly packumentCache full:https://registry.npmjs.org/promise-breaker cache-miss
802 http fetch GET 200 https://registry.npmjs.org/write-file-atomic 314ms (cache miss)
803 silly packumentCache full:https://registry.npmjs.org/write-file-atomic set size:undefined disposed:false
804 silly fetch manifest qs@^6.6.0
805 silly packumentCache full:https://registry.npmjs.org/qs cache-miss
806 http cache https://registry.npmjs.org/qs 2ms (cache hit)
807 silly packumentCache full:https://registry.npmjs.org/qs set size:356906 disposed:false
808 silly fetch manifest raw-body@^2.3.3
809 silly packumentCache full:https://registry.npmjs.org/raw-body cache-hit
810 silly fetch manifest semver@^7.0.0
811 silly packumentCache full:https://registry.npmjs.org/semver cache-miss
812 http cache https://registry.npmjs.org/semver 1ms (cache hit)
813 silly packumentCache full:https://registry.npmjs.org/semver set size:235672 disposed:false
814 silly fetch manifest etag@~1.8.1
815 silly packumentCache full:https://registry.npmjs.org/etag cache-miss
816 http fetch GET 200 https://registry.npmjs.org/object-assign 300ms (cache miss)
817 silly packumentCache full:https://registry.npmjs.org/object-assign set size:undefined disposed:false
818 silly fetch manifest send@~0.19.0
819 silly packumentCache full:https://registry.npmjs.org/send cache-miss
820 http fetch GET 200 https://registry.npmjs.org/etag 59ms (cache miss)
821 silly packumentCache full:https://registry.npmjs.org/etag set size:undefined disposed:false
822 silly fetch manifest vary@~1.1.2
823 silly packumentCache full:https://registry.npmjs.org/vary cache-miss
824 http fetch GET 200 https://registry.npmjs.org/send 55ms (cache miss)
825 silly packumentCache full:https://registry.npmjs.org/send set size:undefined disposed:false
826 silly fetch manifest fresh@~0.5.2
827 silly packumentCache full:https://registry.npmjs.org/fresh cache-miss
828 http cache https://registry.npmjs.org/vary 5ms (cache hit)
829 silly packumentCache full:https://registry.npmjs.org/vary set size:15994 disposed:false
830 silly fetch manifest cookie@~0.7.1
831 silly packumentCache full:https://registry.npmjs.org/cookie cache-miss
832 http fetch GET 200 https://registry.npmjs.org/fresh 57ms (cache miss)
833 silly packumentCache full:https://registry.npmjs.org/fresh set size:undefined disposed:false
834 silly fetch manifest accepts@~1.3.8
835 silly packumentCache full:https://registry.npmjs.org/accepts cache-miss
836 http fetch GET 200 https://registry.npmjs.org/cookie 63ms (cache miss)
837 silly packumentCache full:https://registry.npmjs.org/cookie set size:undefined disposed:false
838 silly fetch manifest methods@~1.1.2
839 silly packumentCache full:https://registry.npmjs.org/methods cache-miss
840 http fetch GET 200 https://registry.npmjs.org/sort-any 297ms (cache miss)
841 silly packumentCache full:https://registry.npmjs.org/sort-any set size:undefined disposed:false
842 silly fetch manifest parseurl@~1.3.3
843 silly packumentCache full:https://registry.npmjs.org/parseurl cache-miss
844 http fetch GET 200 https://registry.npmjs.org/accepts 55ms (cache miss)
845 silly packumentCache full:https://registry.npmjs.org/accepts set size:undefined disposed:false
846 silly fetch manifest statuses@~2.0.1
847 silly packumentCache full:https://registry.npmjs.org/statuses cache-miss
848 http fetch GET 200 https://registry.npmjs.org/deep-freeze 306ms (cache miss)
849 silly packumentCache full:https://registry.npmjs.org/deep-freeze set size:undefined disposed:false
850 silly fetch manifest encodeurl@~2.0.0
851 silly packumentCache full:https://registry.npmjs.org/encodeurl cache-miss
852 http fetch GET 200 https://registry.npmjs.org/methods 54ms (cache miss)
853 silly packumentCache full:https://registry.npmjs.org/methods set size:undefined disposed:false
854 silly fetch manifest proxy-addr@~2.0.7
855 silly packumentCache full:https://registry.npmjs.org/proxy-addr cache-miss
856 http fetch GET 200 https://registry.npmjs.org/parseurl 46ms (cache miss)
857 silly packumentCache full:https://registry.npmjs.org/parseurl set size:undefined disposed:false
858 silly fetch manifest escape-html@~1.0.3
859 silly packumentCache full:https://registry.npmjs.org/escape-html cache-miss
860 http fetch GET 200 https://registry.npmjs.org/escape-html 43ms (cache miss)
861 silly packumentCache full:https://registry.npmjs.org/escape-html set size:undefined disposed:false
862 silly fetch manifest http-errors@~2.0.0
863 silly packumentCache full:https://registry.npmjs.org/http-errors cache-miss
864 http fetch GET 200 https://registry.npmjs.org/openapi3-ts 307ms (cache miss)
865 silly packumentCache full:https://registry.npmjs.org/openapi3-ts set size:undefined disposed:false
866 silly fetch manifest safe-buffer@5.2.1
867 silly packumentCache full:https://registry.npmjs.org/safe-buffer cache-miss
868 http cache https://registry.npmjs.org/http-errors 3ms (cache hit)
869 silly packumentCache full:https://registry.npmjs.org/http-errors set size:71987 disposed:false
870 silly fetch manifest utils-merge@1.0.1
871 silly packumentCache full:https://registry.npmjs.org/utils-merge cache-miss
872 http fetch GET 200 https://registry.npmjs.org/statuses 63ms (cache miss)
873 silly packumentCache full:https://registry.npmjs.org/statuses set size:undefined disposed:false
874 silly fetch manifest content-type@~1.0.4
875 silly packumentCache full:https://registry.npmjs.org/content-type cache-hit
876 silly fetch manifest finalhandler@~1.3.1
877 silly packumentCache full:https://registry.npmjs.org/finalhandler cache-miss
878 http fetch GET 200 https://registry.npmjs.org/proxy-addr 57ms (cache miss)
879 silly packumentCache full:https://registry.npmjs.org/proxy-addr set size:undefined disposed:false
880 silly fetch manifest range-parser@~1.2.1
881 silly packumentCache full:https://registry.npmjs.org/range-parser cache-miss
882 http fetch GET 200 https://registry.npmjs.org/events-listener 355ms (cache miss)
883 silly packumentCache full:https://registry.npmjs.org/events-listener set size:undefined disposed:false
884 silly fetch manifest serve-static@~1.16.2
885 silly packumentCache full:https://registry.npmjs.org/serve-static cache-miss
886 http fetch GET 200 https://registry.npmjs.org/promise-breaker 299ms (cache miss)
887 silly packumentCache full:https://registry.npmjs.org/promise-breaker set size:undefined disposed:false
888 silly fetch manifest array-flatten@1.1.1
889 silly packumentCache full:https://registry.npmjs.org/array-flatten cache-miss
890 http fetch GET 200 https://registry.npmjs.org/json-ptr 348ms (cache miss)
891 silly packumentCache full:https://registry.npmjs.org/json-ptr set size:undefined disposed:false
892 silly fetch manifest path-to-regexp@~0.1.12
893 silly packumentCache full:https://registry.npmjs.org/path-to-regexp cache-miss
894 http fetch GET 200 https://registry.npmjs.org/range-parser 43ms (cache miss)
895 silly packumentCache full:https://registry.npmjs.org/range-parser set size:undefined disposed:false
896 silly fetch manifest setprototypeof@1.2.0
897 silly packumentCache full:https://registry.npmjs.org/setprototypeof cache-miss
898 http fetch GET 200 https://registry.npmjs.org/safe-buffer 52ms (cache miss)
899 silly packumentCache full:https://registry.npmjs.org/safe-buffer set size:undefined disposed:false
900 silly fetch manifest cookie-signature@~1.0.6
901 silly packumentCache full:https://registry.npmjs.org/cookie-signature cache-miss
902 http fetch GET 200 https://registry.npmjs.org/utils-merge 60ms (cache miss)
903 silly packumentCache full:https://registry.npmjs.org/utils-merge set size:undefined disposed:false
904 silly fetch manifest merge-descriptors@1.0.3
905 silly packumentCache full:https://registry.npmjs.org/merge-descriptors cache-miss
906 http fetch GET 200 https://registry.npmjs.org/finalhandler 64ms (cache miss)
907 silly packumentCache full:https://registry.npmjs.org/finalhandler set size:undefined disposed:false
908 silly fetch manifest content-disposition@~0.5.4
909 silly packumentCache full:https://registry.npmjs.org/content-disposition cache-miss
910 http fetch GET 200 https://registry.npmjs.org/array-flatten 58ms (cache miss)
911 silly packumentCache full:https://registry.npmjs.org/array-flatten set size:undefined disposed:false
912 silly fetch manifest asynckit@^0.4.0
913 silly packumentCache full:https://registry.npmjs.org/asynckit cache-miss
914 http fetch GET 200 https://registry.npmjs.org/serve-static 59ms (cache miss)
915 silly packumentCache full:https://registry.npmjs.org/serve-static set size:undefined disposed:false
916 silly fetch manifest combined-stream@^1.0.8
917 silly packumentCache full:https://registry.npmjs.org/combined-stream cache-miss
918 http fetch GET 200 https://registry.npmjs.org/path-to-regexp 66ms (cache miss)
919 silly packumentCache full:https://registry.npmjs.org/path-to-regexp set size:undefined disposed:false
920 silly fetch manifest es-set-tostringtag@^2.1.0
921 silly packumentCache full:https://registry.npmjs.org/es-set-tostringtag cache-miss
922 http fetch GET 200 https://registry.npmjs.org/cookie-signature 67ms (cache miss)
923 silly packumentCache full:https://registry.npmjs.org/cookie-signature set size:undefined disposed:false
924 silly fetch manifest hasown@^2.0.2
925 silly packumentCache full:https://registry.npmjs.org/hasown cache-miss
926 http fetch GET 200 https://registry.npmjs.org/merge-descriptors 63ms (cache miss)
927 silly packumentCache full:https://registry.npmjs.org/merge-descriptors set size:undefined disposed:false
928 silly fetch manifest mime-types@^2.1.12
929 silly packumentCache full:https://registry.npmjs.org/mime-types cache-miss
930 http fetch GET 200 https://registry.npmjs.org/content-disposition 58ms (cache miss)
931 silly packumentCache full:https://registry.npmjs.org/content-disposition set size:undefined disposed:false
932 silly fetch manifest jsonfile@^6.0.1
933 silly packumentCache full:https://registry.npmjs.org/jsonfile cache-miss
934 http fetch GET 200 https://registry.npmjs.org/asynckit 53ms (cache miss)
935 silly packumentCache full:https://registry.npmjs.org/asynckit set size:undefined disposed:false
936 silly fetch manifest graceful-fs@^4.2.0
937 silly packumentCache full:https://registry.npmjs.org/graceful-fs cache-miss
938 http fetch GET 200 https://registry.npmjs.org/combined-stream 53ms (cache miss)
939 silly packumentCache full:https://registry.npmjs.org/combined-stream set size:undefined disposed:false
940 silly fetch manifest universalify@^2.0.0
941 silly packumentCache full:https://registry.npmjs.org/universalify cache-miss
942 http cache https://registry.npmjs.org/graceful-fs 2ms (cache hit)
943 silly packumentCache full:https://registry.npmjs.org/graceful-fs set size:124285 disposed:false
944 silly fetch manifest uuid@^9.0.1
945 silly packumentCache full:https://registry.npmjs.org/uuid cache-miss
946 http cache https://registry.npmjs.org/uuid 0ms (cache hit)
947 silly packumentCache full:https://registry.npmjs.org/uuid set size:234700 disposed:false
948 silly fetch manifest is-stream@^2.0.0
949 silly packumentCache full:https://registry.npmjs.org/is-stream cache-miss
950 http fetch GET 200 https://registry.npmjs.org/es-set-tostringtag 81ms (cache miss)
951 silly packumentCache full:https://registry.npmjs.org/es-set-tostringtag set size:undefined disposed:false
952 silly fetch manifest node-fetch@^2.6.9
953 silly packumentCache full:https://registry.npmjs.org/node-fetch cache-miss
954 http fetch GET 200 https://registry.npmjs.org/mime-types 54ms (cache miss)
955 silly packumentCache full:https://registry.npmjs.org/mime-types set size:undefined disposed:false
956 silly fetch manifest https-proxy-agent@^7.0.1
957 silly packumentCache full:https://registry.npmjs.org/https-proxy-agent cache-miss
958 http fetch GET 200 https://registry.npmjs.org/hasown 63ms (cache miss)
959 silly packumentCache full:https://registry.npmjs.org/hasown set size:undefined disposed:false
960 silly fetch manifest minipass@^7.1.2
961 silly packumentCache full:https://registry.npmjs.org/minipass cache-miss
962 http cache https://registry.npmjs.org/node-fetch 5ms (cache hit)
963 silly packumentCache full:https://registry.npmjs.org/node-fetch set size:896010 disposed:false
964 silly fetch manifest jackspeak@^3.1.2
965 silly packumentCache full:https://registry.npmjs.org/jackspeak cache-miss
966 http fetch GET 200 https://registry.npmjs.org/is-stream 50ms (cache miss)
967 silly packumentCache full:https://registry.npmjs.org/is-stream set size:undefined disposed:false
968 silly fetch manifest minimatch@^9.0.4
969 silly packumentCache full:https://registry.npmjs.org/minimatch cache-miss
970 http fetch GET 200 https://registry.npmjs.org/universalify 56ms (cache miss)
971 silly packumentCache full:https://registry.npmjs.org/universalify set size:undefined disposed:false
972 silly fetch manifest path-scurry@^1.11.1
973 silly packumentCache full:https://registry.npmjs.org/path-scurry cache-miss
974 http fetch GET 200 https://registry.npmjs.org/jsonfile 64ms (cache miss)
975 silly packumentCache full:https://registry.npmjs.org/jsonfile set size:undefined disposed:false
976 silly fetch manifest foreground-child@^3.1.0
977 silly packumentCache full:https://registry.npmjs.org/foreground-child cache-miss
978 http cache https://registry.npmjs.org/minimatch 5ms (cache hit)
979 silly packumentCache full:https://registry.npmjs.org/minimatch set size:375282 disposed:false
980 silly fetch manifest package-json-from-dist@^1.0.0
981 silly packumentCache full:https://registry.npmjs.org/package-json-from-dist cache-miss
982 http fetch GET 200 https://registry.npmjs.org/encodeurl 310ms (cache miss)
983 silly packumentCache full:https://registry.npmjs.org/encodeurl set size:undefined disposed:false
984 silly fetch manifest jws@^4.0.0
985 silly packumentCache full:https://registry.npmjs.org/jws cache-miss
986 http fetch GET 200 https://registry.npmjs.org/foreground-child 65ms (cache miss)
987 silly packumentCache full:https://registry.npmjs.org/foreground-child set size:undefined disposed:false
988 silly fetch manifest gtoken@^7.0.0
989 silly packumentCache full:https://registry.npmjs.org/gtoken cache-miss
990 http fetch GET 200 https://registry.npmjs.org/jackspeak 82ms (cache miss)
991 silly packumentCache full:https://registry.npmjs.org/jackspeak set size:undefined disposed:false
992 silly fetch manifest base64-js@^1.3.0
993 silly packumentCache full:https://registry.npmjs.org/base64-js cache-miss
994 http fetch GET 200 https://registry.npmjs.org/path-scurry 79ms (cache miss)
995 silly packumentCache full:https://registry.npmjs.org/path-scurry set size:undefined disposed:false
996 silly fetch manifest gcp-metadata@^6.1.0
997 silly packumentCache full:https://registry.npmjs.org/gcp-metadata cache-miss
998 http fetch GET 200 https://registry.npmjs.org/package-json-from-dist 75ms (cache miss)
999 silly packumentCache full:https://registry.npmjs.org/package-json-from-dist set size:undefined disposed:false
1000 silly fetch manifest ecdsa-sig-formatter@^1.0.11
1001 silly packumentCache full:https://registry.npmjs.org/ecdsa-sig-formatter cache-miss
1002 http fetch GET 200 https://registry.npmjs.org/minipass 103ms (cache miss)
1003 silly packumentCache full:https://registry.npmjs.org/minipass set size:undefined disposed:false
1004 silly fetch manifest esprima@^4.0.0
1005 silly packumentCache full:https://registry.npmjs.org/esprima cache-miss
1006 http fetch GET 200 https://registry.npmjs.org/jws 53ms (cache miss)
1007 silly packumentCache full:https://registry.npmjs.org/jws set size:undefined disposed:false
1008 silly fetch manifest argparse@^1.0.7
1009 silly packumentCache full:https://registry.npmjs.org/argparse cache-miss
1010 http fetch GET 200 https://registry.npmjs.org/ecdsa-sig-formatter 52ms (cache miss)
1011 silly packumentCache full:https://registry.npmjs.org/ecdsa-sig-formatter set size:undefined disposed:false
1012 silly fetch manifest ms@^2.1.1
1013 silly packumentCache full:https://registry.npmjs.org/ms cache-miss
1014 http fetch GET 200 https://registry.npmjs.org/base64-js 58ms (cache miss)
1015 silly packumentCache full:https://registry.npmjs.org/base64-js set size:undefined disposed:false
1016 silly fetch manifest jws@^4.0.1
1017 silly packumentCache full:https://registry.npmjs.org/jws cache-miss
1018 http cache https://registry.npmjs.org/jws 1ms (cache hit)
1019 silly packumentCache full:https://registry.npmjs.org/jws set size:48919 disposed:false
1020 silly fetch manifest semver@^7.5.4
1021 silly packumentCache full:https://registry.npmjs.org/semver cache-hit
1022 silly fetch manifest lodash.once@^4.0.0
1023 silly packumentCache full:https://registry.npmjs.org/lodash.once cache-miss
1024 http fetch GET 200 https://registry.npmjs.org/gcp-metadata 60ms (cache miss)
1025 silly packumentCache full:https://registry.npmjs.org/gcp-metadata set size:undefined disposed:false
1026 silly fetch manifest lodash.includes@^4.3.0
1027 silly packumentCache full:https://registry.npmjs.org/lodash.includes cache-miss
1028 http fetch GET 200 https://registry.npmjs.org/setprototypeof 291ms (cache miss)
1029 silly packumentCache full:https://registry.npmjs.org/setprototypeof set size:undefined disposed:false
1030 silly fetch manifest lodash.isnumber@^3.0.3
1031 silly packumentCache full:https://registry.npmjs.org/lodash.isnumber cache-miss
1032 http fetch GET 200 https://registry.npmjs.org/argparse 61ms (cache miss)
1033 silly packumentCache full:https://registry.npmjs.org/argparse set size:undefined disposed:false
1034 silly fetch manifest lodash.isstring@^4.0.1
1035 silly packumentCache full:https://registry.npmjs.org/lodash.isstring cache-miss
1036 http fetch GET 200 https://registry.npmjs.org/lodash.once 49ms (cache miss)
1037 silly packumentCache full:https://registry.npmjs.org/lodash.once set size:undefined disposed:false
1038 silly fetch manifest lodash.isboolean@^3.0.3
1039 silly packumentCache full:https://registry.npmjs.org/lodash.isboolean cache-miss
1040 http fetch GET 200 https://registry.npmjs.org/ms 63ms (cache miss)
1041 silly packumentCache full:https://registry.npmjs.org/ms set size:undefined disposed:false
1042 silly fetch manifest lodash.isinteger@^4.0.4
1043 silly packumentCache full:https://registry.npmjs.org/lodash.isinteger cache-miss
1044 http fetch GET 200 https://registry.npmjs.org/lodash.includes 56ms (cache miss)
1045 silly packumentCache full:https://registry.npmjs.org/lodash.includes set size:undefined disposed:false
1046 silly fetch manifest lodash.isplainobject@^4.0.6
1047 silly packumentCache full:https://registry.npmjs.org/lodash.isplainobject cache-miss
1048 http fetch GET 200 https://registry.npmjs.org/lodash.isnumber 49ms (cache miss)
1049 silly packumentCache full:https://registry.npmjs.org/lodash.isnumber set size:undefined disposed:false
1050 silly fetch manifest libsodium@^0.7.16
1051 silly packumentCache full:https://registry.npmjs.org/libsodium cache-miss
1052 http fetch GET 200 https://registry.npmjs.org/@apidevtools%2fjson-schema-ref-parser 781ms (cache miss)
1053 silly packumentCache full:https://registry.npmjs.org/@apidevtools%2fjson-schema-ref-parser set size:undefined disposed:false
1054 silly fetch manifest ansi-escapes@^7.0.0
1055 silly packumentCache full:https://registry.npmjs.org/ansi-escapes cache-miss
1056 http fetch GET 200 https://registry.npmjs.org/lodash.isstring 45ms (cache miss)
1057 silly packumentCache full:https://registry.npmjs.org/lodash.isstring set size:undefined disposed:false
1058 silly fetch manifest ansi-regex@^6.1.0
1059 silly packumentCache full:https://registry.npmjs.org/ansi-regex cache-miss
1060 http fetch GET 200 https://registry.npmjs.org/lodash.isboolean 48ms (cache miss)
1061 silly packumentCache full:https://registry.npmjs.org/lodash.isboolean set size:undefined disposed:false
1062 silly fetch manifest chalk@^5.4.1
1063 silly packumentCache full:https://registry.npmjs.org/chalk cache-miss
1064 http fetch GET 200 https://registry.npmjs.org/lodash.isplainobject 51ms (cache miss)
1065 silly packumentCache full:https://registry.npmjs.org/lodash.isplainobject set size:undefined disposed:false
1066 silly fetch manifest cli-highlight@^2.1.11
1067 silly packumentCache full:https://registry.npmjs.org/cli-highlight cache-miss
1068 http fetch GET 200 https://registry.npmjs.org/lodash.isinteger 55ms (cache miss)
1069 silly packumentCache full:https://registry.npmjs.org/lodash.isinteger set size:undefined disposed:false
1070 silly fetch manifest node-emoji@^2.2.0
1071 silly packumentCache full:https://registry.npmjs.org/node-emoji cache-miss
1072 http fetch GET 200 https://registry.npmjs.org/ansi-escapes 45ms (cache miss)
1073 silly packumentCache full:https://registry.npmjs.org/ansi-escapes set size:undefined disposed:false
1074 silly fetch manifest supports-hyperlinks@^3.1.0
1075 silly packumentCache full:https://registry.npmjs.org/supports-hyperlinks cache-miss
1076 http fetch GET 200 https://registry.npmjs.org/ansi-regex 64ms (cache miss)
1077 silly packumentCache full:https://registry.npmjs.org/ansi-regex set size:undefined disposed:false
1078 silly fetch manifest brace-expansion@^1.1.7
1079 silly packumentCache full:https://registry.npmjs.org/brace-expansion cache-miss
1080 http fetch GET 200 https://registry.npmjs.org/https-proxy-agent 302ms (cache miss)
1081 silly packumentCache full:https://registry.npmjs.org/https-proxy-agent set size:undefined disposed:false
1082 silly fetch manifest basic-auth@~2.0.1
1083 silly packumentCache full:https://registry.npmjs.org/basic-auth cache-miss
1084 http fetch GET 200 https://registry.npmjs.org/chalk 61ms (cache miss)
1085 silly packumentCache full:https://registry.npmjs.org/chalk set size:undefined disposed:false
1086 silly fetch manifest depd@~2.0.0
1087 silly packumentCache full:https://registry.npmjs.org/depd cache-miss
1088 http cache https://registry.npmjs.org/depd 1ms (cache hit)
1089 silly packumentCache full:https://registry.npmjs.org/depd set size:40182 disposed:false
1090 silly fetch manifest on-headers@~1.1.0
1091 silly packumentCache full:https://registry.npmjs.org/on-headers cache-miss
1092 http fetch GET 200 https://registry.npmjs.org/supports-hyperlinks 45ms (cache miss)
1093 silly packumentCache full:https://registry.npmjs.org/supports-hyperlinks set size:undefined disposed:false
1094 silly fetch manifest whatwg-url@^5.0.0
1095 silly packumentCache full:https://registry.npmjs.org/whatwg-url cache-miss
1096 http fetch GET 200 https://registry.npmjs.org/brace-expansion 53ms (cache miss)
1097 silly packumentCache full:https://registry.npmjs.org/brace-expansion set size:undefined disposed:false
1098 silly fetch manifest is-wsl@^1.1.0
1099 silly packumentCache full:https://registry.npmjs.org/is-wsl cache-miss
1100 http fetch GET 200 https://registry.npmjs.org/on-headers 60ms (cache miss)
1101 silly packumentCache full:https://registry.npmjs.org/on-headers set size:undefined disposed:false
1102 silly fetch manifest bl@^4.1.0
1103 silly packumentCache full:https://registry.npmjs.org/bl cache-miss
1104 http fetch GET 200 https://registry.npmjs.org/basic-auth 72ms (cache miss)
1105 silly packumentCache full:https://registry.npmjs.org/basic-auth set size:undefined disposed:false
1106 silly fetch manifest chalk@^4.1.0
1107 silly packumentCache full:https://registry.npmjs.org/chalk cache-miss
1108 http cache https://registry.npmjs.org/chalk 9ms (cache hit)
1109 silly packumentCache full:https://registry.npmjs.org/chalk set size:117861 disposed:false
1110 silly fetch manifest wcwidth@^1.0.1
1111 silly packumentCache full:https://registry.npmjs.org/wcwidth cache-miss
1112 http fetch GET 200 https://registry.npmjs.org/whatwg-url 65ms (cache miss)
1113 silly packumentCache full:https://registry.npmjs.org/whatwg-url set size:undefined disposed:false
1114 silly fetch manifest cli-cursor@^3.1.0
1115 silly packumentCache full:https://registry.npmjs.org/cli-cursor cache-miss
1116 http fetch GET 200 https://registry.npmjs.org/gtoken 320ms (cache miss)
1117 silly packumentCache full:https://registry.npmjs.org/gtoken set size:undefined disposed:false
1118 silly fetch manifest strip-ansi@^6.0.0
1119 silly packumentCache full:https://registry.npmjs.org/strip-ansi cache-miss
1120 http fetch GET 200 https://registry.npmjs.org/is-wsl 51ms (cache miss)
1121 silly packumentCache full:https://registry.npmjs.org/is-wsl set size:undefined disposed:false
1122 silly fetch manifest log-symbols@^4.1.0
1123 silly packumentCache full:https://registry.npmjs.org/log-symbols cache-miss
1124 http fetch GET 200 https://registry.npmjs.org/esprima 319ms (cache miss)
1125 silly packumentCache full:https://registry.npmjs.org/esprima set size:undefined disposed:false
1126 silly fetch manifest cli-spinners@^2.5.0
1127 silly packumentCache full:https://registry.npmjs.org/cli-spinners cache-miss
1128 http fetch GET 200 https://registry.npmjs.org/bl 63ms (cache miss)
1129 silly packumentCache full:https://registry.npmjs.org/bl set size:undefined disposed:false
1130 silly fetch manifest is-interactive@^1.0.0
1131 silly packumentCache full:https://registry.npmjs.org/is-interactive cache-miss
1132 http fetch GET 200 https://registry.npmjs.org/wcwidth 53ms (cache miss)
1133 silly packumentCache full:https://registry.npmjs.org/wcwidth set size:undefined disposed:false
1134 silly fetch manifest is-unicode-supported@^0.1.0
1135 silly packumentCache full:https://registry.npmjs.org/is-unicode-supported cache-miss
1136 http fetch GET 200 https://registry.npmjs.org/cli-cursor 50ms (cache miss)
1137 silly packumentCache full:https://registry.npmjs.org/cli-cursor set size:undefined disposed:false
1138 silly fetch manifest yocto-queue@^0.1.0
1139 silly packumentCache full:https://registry.npmjs.org/yocto-queue cache-miss
1140 http fetch GET 200 https://registry.npmjs.org/strip-ansi 53ms (cache miss)
1141 silly packumentCache full:https://registry.npmjs.org/strip-ansi set size:undefined disposed:false
1142 silly fetch manifest pg-connection-string@^2.13.0
1143 silly packumentCache full:https://registry.npmjs.org/pg-connection-string cache-miss
1144 http fetch GET 200 https://registry.npmjs.org/log-symbols 58ms (cache miss)
1145 silly packumentCache full:https://registry.npmjs.org/log-symbols set size:undefined disposed:false
1146 silly fetch manifest pg-pool@^3.14.0
1147 silly packumentCache full:https://registry.npmjs.org/pg-pool cache-miss
1148 http fetch GET 200 https://registry.npmjs.org/cli-spinners 56ms (cache miss)
1149 silly packumentCache full:https://registry.npmjs.org/cli-spinners set size:undefined disposed:false
1150 silly fetch manifest pg-protocol@^1.14.0
1151 silly packumentCache full:https://registry.npmjs.org/pg-protocol cache-miss
1152 http fetch GET 200 https://registry.npmjs.org/yocto-queue 56ms (cache miss)
1153 silly packumentCache full:https://registry.npmjs.org/yocto-queue set size:undefined disposed:false
1154 silly fetch manifest pg-types@2.2.0
1155 silly packumentCache full:https://registry.npmjs.org/pg-types cache-miss
1156 http fetch GET 200 https://registry.npmjs.org/libsodium 310ms (cache miss)
1157 silly packumentCache full:https://registry.npmjs.org/libsodium set size:undefined disposed:false
1158 silly fetch manifest pgpass@1.0.5
1159 silly packumentCache full:https://registry.npmjs.org/pgpass cache-miss
1160 http fetch GET 200 https://registry.npmjs.org/node-emoji 284ms (cache miss)
1161 silly packumentCache full:https://registry.npmjs.org/node-emoji set size:undefined disposed:false
1162 silly fetch manifest pg-cloudflare@^1.4.0
1163 silly packumentCache full:https://registry.npmjs.org/pg-cloudflare cache-miss
1164 http fetch GET 200 https://registry.npmjs.org/cli-highlight 301ms (cache miss)
1165 silly packumentCache full:https://registry.npmjs.org/cli-highlight set size:undefined disposed:false
1166 silly fetch manifest async@^3.2.6
1167 silly packumentCache full:https://registry.npmjs.org/async cache-miss
1168 http cache https://registry.npmjs.org/async 1ms (cache hit)
1169 silly packumentCache full:https://registry.npmjs.org/async set size:230496 disposed:false
1170 silly fetch manifest debug@^4.3.6
1171 silly packumentCache full:https://registry.npmjs.org/debug cache-miss
1172 http cache https://registry.npmjs.org/debug 1ms (cache hit)
1173 silly packumentCache full:https://registry.npmjs.org/debug set size:195840 disposed:false
1174 silly fetch manifest debug@^4.3.4
1175 silly packumentCache full:https://registry.npmjs.org/debug cache-hit
1176 silly fetch manifest lru-cache@^7.14.1
1177 silly packumentCache full:https://registry.npmjs.org/lru-cache cache-miss
1178 http fetch GET 200 https://registry.npmjs.org/lru-cache 90ms (cache miss)
1179 silly packumentCache full:https://registry.npmjs.org/lru-cache set size:undefined disposed:false
1180 silly fetch manifest agent-base@^7.1.2
1181 silly packumentCache full:https://registry.npmjs.org/agent-base cache-miss
1182 http fetch GET 200 https://registry.npmjs.org/is-interactive 296ms (cache miss)
1183 silly packumentCache full:https://registry.npmjs.org/is-interactive set size:undefined disposed:false
1184 silly fetch manifest proxy-from-env@^1.1.0
1185 silly packumentCache full:https://registry.npmjs.org/proxy-from-env cache-miss
1186 http fetch GET 200 https://registry.npmjs.org/is-unicode-supported 294ms (cache miss)
1187 silly packumentCache full:https://registry.npmjs.org/is-unicode-supported set size:undefined disposed:false
1188 silly fetch manifest pac-proxy-agent@^7.1.0
1189 silly packumentCache full:https://registry.npmjs.org/pac-proxy-agent cache-miss
1190 http fetch GET 200 https://registry.npmjs.org/pg-connection-string 314ms (cache miss)
1191 silly packumentCache full:https://registry.npmjs.org/pg-connection-string set size:undefined disposed:false
1192 silly fetch manifest http-proxy-agent@^7.0.1
1193 silly packumentCache full:https://registry.npmjs.org/http-proxy-agent cache-miss
1194 http fetch GET 200 https://registry.npmjs.org/pg-pool 317ms (cache miss)
1195 silly packumentCache full:https://registry.npmjs.org/pg-pool set size:undefined disposed:false
1196 silly fetch manifest https-proxy-agent@^7.0.6
1197 silly packumentCache full:https://registry.npmjs.org/https-proxy-agent cache-miss
1198 http cache https://registry.npmjs.org/https-proxy-agent 1ms (cache hit)
1199 silly packumentCache full:https://registry.npmjs.org/https-proxy-agent set size:81258 disposed:false
1200 silly fetch manifest socks-proxy-agent@^8.0.5
1201 silly packumentCache full:https://registry.npmjs.org/socks-proxy-agent cache-miss
1202 http fetch GET 200 https://registry.npmjs.org/pg-protocol 310ms (cache miss)
1203 silly packumentCache full:https://registry.npmjs.org/pg-protocol set size:undefined disposed:false
1204 silly fetch manifest argparse@^2.0.1
1205 silly packumentCache full:https://registry.npmjs.org/argparse cache-miss
1206 http cache https://registry.npmjs.org/argparse 0ms (cache hit)
1207 silly packumentCache full:https://registry.npmjs.org/argparse set size:49266 disposed:false
1208 silly fetch manifest nearley@^2.20.1
1209 silly packumentCache full:https://registry.npmjs.org/nearley cache-miss
1210 http fetch GET 200 https://registry.npmjs.org/pgpass 290ms (cache miss)
1211 silly packumentCache full:https://registry.npmjs.org/pgpass set size:undefined disposed:false
1212 silly fetch manifest basic-auth-connect@^1.1.0
1213 silly packumentCache full:https://registry.npmjs.org/basic-auth-connect cache-miss
1214 http fetch GET 200 https://registry.npmjs.org/http-proxy-agent 46ms (cache miss)
1215 silly packumentCache full:https://registry.npmjs.org/http-proxy-agent set size:undefined disposed:false
1216 silly fetch manifest commander@^10.0.0
1217 silly packumentCache full:https://registry.npmjs.org/commander cache-miss
1218 http cache https://registry.npmjs.org/commander 2ms (cache hit)
1219 silly packumentCache full:https://registry.npmjs.org/commander set size:353115 disposed:false
1220 silly fetch manifest compression@^1.7.0
1221 silly packumentCache full:https://registry.npmjs.org/compression cache-miss
1222 http fetch GET 200 https://registry.npmjs.org/pg-types 334ms (cache miss)
1223 silly packumentCache full:https://registry.npmjs.org/pg-types set size:undefined disposed:false
1224 silly fetch manifest connect@^3.7.0
1225 silly packumentCache full:https://registry.npmjs.org/connect cache-miss
1226 http fetch GET 200 https://registry.npmjs.org/pg-cloudflare 293ms (cache miss)
1227 silly packumentCache full:https://registry.npmjs.org/pg-cloudflare set size:undefined disposed:false
1228 silly fetch manifest destroy@^1.0.4
1229 silly packumentCache full:https://registry.npmjs.org/destroy cache-miss
1230 http cache https://registry.npmjs.org/destroy 0ms (cache hit)
1231 silly packumentCache full:https://registry.npmjs.org/destroy set size:15738 disposed:false
1232 silly fetch manifest glob-slasher@^1.0.1
1233 silly packumentCache full:https://registry.npmjs.org/glob-slasher cache-miss
1234 http fetch GET 200 https://registry.npmjs.org/nearley 56ms (cache miss)
1235 silly packumentCache full:https://registry.npmjs.org/nearley set size:undefined disposed:false
1236 silly fetch manifest is-url@^1.2.2
1237 silly packumentCache full:https://registry.npmjs.org/is-url cache-miss
1238 http fetch GET 200 https://registry.npmjs.org/agent-base 294ms (cache miss)
1239 silly packumentCache full:https://registry.npmjs.org/agent-base set size:undefined disposed:false
1240 silly fetch manifest join-path@^1.1.1
1241 silly packumentCache full:https://registry.npmjs.org/join-path cache-miss
1242 http fetch GET 200 https://registry.npmjs.org/pac-proxy-agent 297ms (cache miss)
1243 silly packumentCache full:https://registry.npmjs.org/pac-proxy-agent set size:undefined disposed:false
1244 silly fetch manifest mime-types@^2.1.35
1245 silly packumentCache full:https://registry.npmjs.org/mime-types cache-miss
1246 http cache https://registry.npmjs.org/mime-types 3ms (cache hit)
1247 silly packumentCache full:https://registry.npmjs.org/mime-types set size:139110 disposed:false
1248 silly fetch manifest minimatch@^6.1.6
1249 silly packumentCache full:https://registry.npmjs.org/minimatch cache-hit
1250 silly fetch manifest on-finished@^2.2.0
1251 silly packumentCache full:https://registry.npmjs.org/on-finished cache-miss
1252 http fetch GET 200 https://registry.npmjs.org/proxy-from-env 305ms (cache miss)
1253 silly packumentCache full:https://registry.npmjs.org/proxy-from-env set size:undefined disposed:false
1254 silly fetch manifest on-headers@^1.0.0
1255 silly packumentCache full:https://registry.npmjs.org/on-headers cache-miss
1256 http cache https://registry.npmjs.org/on-finished 2ms (cache hit)
1257 silly packumentCache full:https://registry.npmjs.org/on-finished set size:23212 disposed:false
1258 silly fetch manifest path-to-regexp@^1.9.0
1259 silly packumentCache full:https://registry.npmjs.org/path-to-regexp cache-miss
1260 http cache https://registry.npmjs.org/on-headers 2ms (cache hit)
1261 silly packumentCache full:https://registry.npmjs.org/on-headers set size:13226 disposed:false
1262 silly fetch manifest router@^2.0.0
1263 silly packumentCache full:https://registry.npmjs.org/router cache-miss
1264 http cache https://registry.npmjs.org/path-to-regexp 3ms (cache hit)
1265 silly packumentCache full:https://registry.npmjs.org/path-to-regexp set size:216334 disposed:false
1266 silly fetch manifest re2@^1.17.7
1267 silly packumentCache full:https://registry.npmjs.org/re2 cache-miss
1268 http fetch GET 200 https://registry.npmjs.org/socks-proxy-agent 292ms (cache miss)
1269 silly packumentCache full:https://registry.npmjs.org/socks-proxy-agent set size:undefined disposed:false
1270 silly fetch manifest @isaacs/fs-minipass@^4.0.0
1271 silly packumentCache full:https://registry.npmjs.org/@isaacs%2ffs-minipass cache-miss
1272 http fetch GET 200 https://registry.npmjs.org/router 59ms (cache miss)
1273 silly packumentCache full:https://registry.npmjs.org/router set size:undefined disposed:false
1274 silly fetch manifest chownr@^3.0.0
1275 silly packumentCache full:https://registry.npmjs.org/chownr cache-miss
1276 http fetch GET 200 https://registry.npmjs.org/basic-auth-connect 292ms (cache miss)
1277 silly packumentCache full:https://registry.npmjs.org/basic-auth-connect set size:undefined disposed:false
1278 silly fetch manifest minizlib@^3.1.0
1279 silly packumentCache full:https://registry.npmjs.org/minizlib cache-miss
1280 http fetch GET 200 https://registry.npmjs.org/compression 294ms (cache miss)
1281 silly packumentCache full:https://registry.npmjs.org/compression set size:undefined disposed:false
1282 silly fetch manifest yallist@^5.0.0
1283 silly packumentCache full:https://registry.npmjs.org/yallist cache-miss
1284 http fetch GET 200 https://registry.npmjs.org/@isaacs%2ffs-minipass 60ms (cache miss)
1285 silly packumentCache full:https://registry.npmjs.org/@isaacs%2ffs-minipass set size:undefined disposed:false
1286 silly fetch manifest debug@4.3.1
1287 silly packumentCache full:https://registry.npmjs.org/debug cache-hit
1288 silly fetch manifest is2@^2.0.6
1289 silly packumentCache full:https://registry.npmjs.org/is2 cache-miss
1290 http fetch GET 200 https://registry.npmjs.org/glob-slasher 301ms (cache miss)
1291 silly packumentCache full:https://registry.npmjs.org/glob-slasher set size:undefined disposed:false
1292 silly fetch manifest debug@^4.3.1
1293 silly packumentCache full:https://registry.npmjs.org/debug cache-hit
1294 silly fetch manifest uuid@^14.0.0
1295 silly packumentCache full:https://registry.npmjs.org/uuid cache-hit
1296 silly fetch manifest boxen@^5.0.0
1297 silly packumentCache full:https://registry.npmjs.org/boxen cache-miss
1298 http fetch GET 200 https://registry.npmjs.org/is-url 296ms (cache miss)
1299 silly packumentCache full:https://registry.npmjs.org/is-url set size:undefined disposed:false
1300 silly fetch manifest has-yarn@^2.1.0
1301 silly packumentCache full:https://registry.npmjs.org/has-yarn cache-miss
1302 http fetch GET 200 https://registry.npmjs.org/chownr 47ms (cache miss)
1303 silly packumentCache full:https://registry.npmjs.org/chownr set size:undefined disposed:false
1304 silly fetch manifest import-lazy@^2.1.0
1305 silly packumentCache full:https://registry.npmjs.org/import-lazy cache-miss
1306 http fetch GET 200 https://registry.npmjs.org/minizlib 48ms (cache miss)
1307 silly packumentCache full:https://registry.npmjs.org/minizlib set size:undefined disposed:false
1308 silly fetch manifest is-ci@^2.0.0
1309 silly packumentCache full:https://registry.npmjs.org/is-ci cache-miss
1310 http fetch GET 200 https://registry.npmjs.org/yallist 46ms (cache miss)
1311 silly packumentCache full:https://registry.npmjs.org/yallist set size:undefined disposed:false
1312 silly fetch manifest is-installed-globally@^0.4.0
1313 silly packumentCache full:https://registry.npmjs.org/is-installed-globally cache-miss
1314 http fetch GET 200 https://registry.npmjs.org/connect 340ms (cache miss)
1315 silly packumentCache full:https://registry.npmjs.org/connect set size:undefined disposed:false
1316 silly fetch manifest is-npm@^5.0.0
1317 silly packumentCache full:https://registry.npmjs.org/is-npm cache-miss
1318 http fetch GET 200 https://registry.npmjs.org/boxen 49ms (cache miss)
1319 silly packumentCache full:https://registry.npmjs.org/boxen set size:undefined disposed:false
1320 silly fetch manifest is-yarn-global@^0.3.0
1321 silly packumentCache full:https://registry.npmjs.org/is-yarn-global cache-miss
1322 http fetch GET 200 https://registry.npmjs.org/join-path 304ms (cache miss)
1323 silly packumentCache full:https://registry.npmjs.org/join-path set size:undefined disposed:false
1324 silly fetch manifest isomorphic-fetch@^3.0.0
1325 silly packumentCache full:https://registry.npmjs.org/isomorphic-fetch cache-miss
1326 http fetch GET 200 https://registry.npmjs.org/isomorphic-fetch 53ms (cache miss)
1327 silly packumentCache full:https://registry.npmjs.org/isomorphic-fetch set size:undefined disposed:false
1328 silly fetch manifest pupa@^2.1.1
1329 silly packumentCache full:https://registry.npmjs.org/pupa cache-miss
1330 http fetch GET 200 https://registry.npmjs.org/re2 309ms (cache miss)
1331 silly packumentCache full:https://registry.npmjs.org/re2 set size:undefined disposed:false
1332 silly fetch manifest registry-auth-token@^5.0.1
1333 silly packumentCache full:https://registry.npmjs.org/registry-auth-token cache-miss
1334 http fetch GET 200 https://registry.npmjs.org/is2 300ms (cache miss)
1335 silly packumentCache full:https://registry.npmjs.org/is2 set size:undefined disposed:false
1336 silly fetch manifest registry-url@^5.1.0
1337 silly packumentCache full:https://registry.npmjs.org/registry-url cache-miss
1338 http fetch GET 200 https://registry.npmjs.org/has-yarn 294ms (cache miss)
1339 silly packumentCache full:https://registry.npmjs.org/has-yarn set size:undefined disposed:false
1340 silly fetch manifest semver-diff@^3.1.1
1341 silly packumentCache full:https://registry.npmjs.org/semver-diff cache-miss
1342 http fetch GET 200 https://registry.npmjs.org/import-lazy 304ms (cache miss)
1343 silly packumentCache full:https://registry.npmjs.org/import-lazy set size:undefined disposed:false
1344 silly fetch manifest async@^3.2.3
1345 silly packumentCache full:https://registry.npmjs.org/async cache-hit
1346 silly fetch manifest logform@^2.7.0
1347 silly packumentCache full:https://registry.npmjs.org/logform cache-miss
1348 http fetch GET 200 https://registry.npmjs.org/is-ci 309ms (cache miss)
1349 silly packumentCache full:https://registry.npmjs.org/is-ci set size:undefined disposed:false
1350 silly fetch manifest one-time@^1.0.0
1351 silly packumentCache full:https://registry.npmjs.org/one-time cache-miss
1352 http fetch GET 200 https://registry.npmjs.org/is-installed-globally 307ms (cache miss)
1353 silly packumentCache full:https://registry.npmjs.org/is-installed-globally set size:undefined disposed:false
1354 silly fetch manifest stack-trace@0.0.x
1355 silly packumentCache full:https://registry.npmjs.org/stack-trace cache-miss
1356 http fetch GET 200 https://registry.npmjs.org/is-npm 319ms (cache miss)
1357 silly packumentCache full:https://registry.npmjs.org/is-npm set size:undefined disposed:false
1358 silly fetch manifest @colors/colors@^1.6.0
1359 silly packumentCache full:https://registry.npmjs.org/@colors%2fcolors cache-miss
1360 http cache https://registry.npmjs.org/@colors%2fcolors 1ms (cache hit)
1361 silly packumentCache full:https://registry.npmjs.org/@colors%2fcolors set size:12042 disposed:false
1362 silly fetch manifest readable-stream@^3.4.0
1363 silly packumentCache full:https://registry.npmjs.org/readable-stream cache-miss
1364 http cache https://registry.npmjs.org/readable-stream 1ms (cache hit)
1365 silly packumentCache full:https://registry.npmjs.org/readable-stream set size:261096 disposed:false
1366 silly fetch manifest @dabh/diagnostics@^2.0.8
1367 silly packumentCache full:https://registry.npmjs.org/@dabh%2fdiagnostics cache-miss
1368 http fetch GET 200 https://registry.npmjs.org/logform 51ms (cache miss)
1369 silly packumentCache full:https://registry.npmjs.org/logform set size:undefined disposed:false
1370 silly fetch manifest winston-transport@^4.9.0
1371 silly packumentCache full:https://registry.npmjs.org/winston-transport cache-miss
1372 http cache https://registry.npmjs.org/winston-transport 1ms (cache hit)
1373 silly packumentCache full:https://registry.npmjs.org/winston-transport set size:60135 disposed:false
1374 silly fetch manifest safe-stable-stringify@^2.3.1
1375 silly packumentCache full:https://registry.npmjs.org/safe-stable-stringify cache-miss
1376 http fetch GET 200 https://registry.npmjs.org/stack-trace 68ms (cache miss)
1377 silly packumentCache full:https://registry.npmjs.org/stack-trace set size:undefined disposed:false
1378 silly fetch manifest readable-stream@^3.6.2
1379 silly packumentCache full:https://registry.npmjs.org/readable-stream cache-hit
1380 http fetch GET 200 https://registry.npmjs.org/is-yarn-global 346ms (cache miss)
1381 silly packumentCache full:https://registry.npmjs.org/is-yarn-global set size:undefined disposed:false
1382 http fetch GET 200 https://registry.npmjs.org/@dabh%2fdiagnostics 59ms (cache miss)
1383 silly packumentCache full:https://registry.npmjs.org/@dabh%2fdiagnostics set size:undefined disposed:false
1384 http fetch GET 200 https://registry.npmjs.org/safe-stable-stringify 69ms (cache miss)
1385 silly packumentCache full:https://registry.npmjs.org/safe-stable-stringify set size:undefined disposed:false
1386 http fetch GET 200 https://registry.npmjs.org/pupa 301ms (cache miss)
1387 silly packumentCache full:https://registry.npmjs.org/pupa set size:undefined disposed:false
1388 http fetch GET 200 https://registry.npmjs.org/registry-auth-token 300ms (cache miss)
1389 silly packumentCache full:https://registry.npmjs.org/registry-auth-token set size:undefined disposed:false
1390 http fetch GET 200 https://registry.npmjs.org/registry-url 293ms (cache miss)
1391 silly packumentCache full:https://registry.npmjs.org/registry-url set size:undefined disposed:false
1392 http fetch GET 200 https://registry.npmjs.org/semver-diff 309ms (cache miss)
1393 silly packumentCache full:https://registry.npmjs.org/semver-diff set size:undefined disposed:false
1394 http fetch GET 200 https://registry.npmjs.org/one-time 299ms (cache miss)
1395 silly packumentCache full:https://registry.npmjs.org/one-time set size:undefined disposed:false
1396 silly placeDep ROOT @googleapis/sqladmin@35.2.0 OK for: @google-cloud/cloud-sql-connector@1.11.1 want: ^35.2.0
1397 silly placeDep node_modules/@google-cloud/cloud-sql-connector gaxios@7.1.4 OK for: @google-cloud/cloud-sql-connector@1.11.1 want: ^7.1.4
1398 silly placeDep node_modules/@google-cloud/cloud-sql-connector google-auth-library@10.6.2 OK for: @google-cloud/cloud-sql-connector@1.11.1 want: ^10.6.2
1399 silly placeDep ROOT p-throttle@7.0.0 OK for: @google-cloud/cloud-sql-connector@1.11.1 want: ^7.0.0
1400 silly fetch manifest googleapis-common@^8.0.0
1401 silly packumentCache full:https://registry.npmjs.org/googleapis-common cache-miss
1402 silly fetch manifest node-fetch@^3.3.2
1403 silly packumentCache full:https://registry.npmjs.org/node-fetch cache-hit
1404 silly fetch manifest gcp-metadata@8.1.2
1405 silly packumentCache full:https://registry.npmjs.org/gcp-metadata cache-miss
1406 silly fetch manifest google-logging-utils@1.1.3
1407 silly packumentCache full:https://registry.npmjs.org/google-logging-utils cache-miss
1408 http cache https://registry.npmjs.org/gcp-metadata 6ms (cache hit)
1409 silly packumentCache full:https://registry.npmjs.org/gcp-metadata set size:191448 disposed:false
1410 http fetch GET 200 https://registry.npmjs.org/google-logging-utils 299ms (cache miss)
1411 silly packumentCache full:https://registry.npmjs.org/google-logging-utils set size:undefined disposed:false
1412 http fetch GET 200 https://registry.npmjs.org/googleapis-common 307ms (cache miss)
1413 silly packumentCache full:https://registry.npmjs.org/googleapis-common set size:undefined disposed:false
1414 silly placeDep ROOT @google-cloud/paginator@6.0.0 OK for: @google-cloud/pubsub@5.3.0 want: ^6.0.0
1415 silly placeDep ROOT @google-cloud/precise-date@5.0.0 OK for: @google-cloud/pubsub@5.3.0 want: ^5.0.0
1416 silly placeDep ROOT @google-cloud/projectify@5.0.0 OK for: @google-cloud/pubsub@5.3.0 want: ^5.0.0
1417 silly placeDep ROOT @google-cloud/promisify@5.0.0 OK for: @google-cloud/pubsub@5.3.0 want: ^5.0.0
1418 silly placeDep ROOT @opentelemetry/api@1.9.1 OK for: @google-cloud/pubsub@5.3.0 want: ~1.9.0
1419 silly placeDep ROOT @opentelemetry/core@1.30.1 OK for: @google-cloud/pubsub@5.3.0 want: ^1.30.1
1420 silly placeDep ROOT @opentelemetry/semantic-conventions@1.39.0 OK for: @google-cloud/pubsub@5.3.0 want: ~1.39.0
1421 silly placeDep ROOT arrify@2.0.1 OK for: @google-cloud/pubsub@5.3.0 want: ^2.0.0
1422 silly placeDep ROOT extend@3.0.2 OK for: @google-cloud/pubsub@5.3.0 want: ^3.0.2
1423 silly placeDep node_modules/@google-cloud/pubsub google-auth-library@10.6.2 OK for: @google-cloud/pubsub@5.3.0 want: ^10.5.0
1424 silly placeDep ROOT google-gax@5.0.6 OK for: @google-cloud/pubsub@5.3.0 want: ^5.0.5
1425 silly placeDep ROOT heap-js@2.7.1 OK for: @google-cloud/pubsub@5.3.0 want: ^2.6.0
1426 silly placeDep ROOT is-stream-ended@0.1.4 OK for: @google-cloud/pubsub@5.3.0 want: ^0.1.4
1427 silly placeDep ROOT lodash.snakecase@4.1.1 OK for: @google-cloud/pubsub@5.3.0 want: ^4.1.1
1428 silly placeDep ROOT p-defer@3.0.0 OK for: @google-cloud/pubsub@5.3.0 want: ^3.0.0
1429 silly fetch manifest @opentelemetry/semantic-conventions@1.28.0
1430 silly packumentCache full:https://registry.npmjs.org/@opentelemetry%2fsemantic-conventions cache-miss
1431 silly fetch manifest @grpc/grpc-js@^1.12.6
1432 silly packumentCache full:https://registry.npmjs.org/@grpc%2fgrpc-js cache-miss
1433 silly fetch manifest @grpc/proto-loader@^0.8.0
1434 silly packumentCache full:https://registry.npmjs.org/@grpc%2fproto-loader cache-miss
1435 silly fetch manifest duplexify@^4.1.3
1436 silly packumentCache full:https://registry.npmjs.org/duplexify cache-miss
1437 silly fetch manifest google-auth-library@^10.1.0
1438 silly packumentCache full:https://registry.npmjs.org/google-auth-library cache-hit
1439 silly fetch manifest google-logging-utils@^1.1.1
1440 silly packumentCache full:https://registry.npmjs.org/google-logging-utils cache-miss
1441 silly fetch manifest object-hash@^3.0.0
1442 silly packumentCache full:https://registry.npmjs.org/object-hash cache-miss
1443 silly fetch manifest proto3-json-serializer@^3.0.0
1444 silly packumentCache full:https://registry.npmjs.org/proto3-json-serializer cache-miss
1445 silly fetch manifest protobufjs@^7.5.3
1446 silly packumentCache full:https://registry.npmjs.org/protobufjs cache-miss
1447 silly fetch manifest retry-request@^8.0.0
1448 silly packumentCache full:https://registry.npmjs.org/retry-request cache-miss
1449 http cache https://registry.npmjs.org/google-logging-utils 12ms (cache hit)
1450 silly packumentCache full:https://registry.npmjs.org/google-logging-utils set size:21694 disposed:false
1451 silly fetch manifest rimraf@^5.0.1
1452 silly packumentCache full:https://registry.npmjs.org/rimraf cache-miss
1453 http cache https://registry.npmjs.org/@opentelemetry%2fsemantic-conventions 14ms (cache hit)
1454 silly packumentCache full:https://registry.npmjs.org/@opentelemetry%2fsemantic-conventions set size:421726 disposed:false
1455 http fetch GET 200 https://registry.npmjs.org/object-hash 56ms (cache miss)
1456 silly packumentCache full:https://registry.npmjs.org/object-hash set size:undefined disposed:false
1457 http fetch GET 200 https://registry.npmjs.org/rimraf 157ms (cache miss)
1458 silly packumentCache full:https://registry.npmjs.org/rimraf set size:undefined disposed:false
1459 http fetch GET 200 https://registry.npmjs.org/retry-request 344ms (cache miss)
1460 silly packumentCache full:https://registry.npmjs.org/retry-request set size:undefined disposed:false
1461 http fetch GET 200 https://registry.npmjs.org/duplexify 429ms (cache miss)
1462 silly packumentCache full:https://registry.npmjs.org/duplexify set size:undefined disposed:false
1463 http fetch GET 200 https://registry.npmjs.org/protobufjs 460ms (cache miss)
1464 silly packumentCache full:https://registry.npmjs.org/protobufjs set size:undefined disposed:false
1465 http fetch GET 200 https://registry.npmjs.org/proto3-json-serializer 545ms (cache miss)
1466 silly packumentCache full:https://registry.npmjs.org/proto3-json-serializer set size:undefined disposed:false
1467 http fetch GET 200 https://registry.npmjs.org/@grpc%2fgrpc-js 600ms (cache miss)
1468 silly packumentCache full:https://registry.npmjs.org/@grpc%2fgrpc-js set size:undefined disposed:false
1469 http fetch GET 200 https://registry.npmjs.org/@grpc%2fproto-loader 816ms (cache miss)
1470 silly packumentCache full:https://registry.npmjs.org/@grpc%2fproto-loader set size:undefined disposed:false
1471 silly placeDep ROOT googleapis-common@8.0.1 OK for: @googleapis/sqladmin@35.2.0 want: ^8.0.0
1472 silly fetch manifest gaxios@^7.0.0-rc.4
1473 silly packumentCache full:https://registry.npmjs.org/gaxios cache-hit
1474 silly fetch manifest qs@^6.7.0
1475 silly packumentCache full:https://registry.npmjs.org/qs cache-hit
1476 silly fetch manifest url-template@^2.0.8
1477 silly packumentCache full:https://registry.npmjs.org/url-template cache-miss
1478 http fetch GET 200 https://registry.npmjs.org/url-template 304ms (cache miss)
1479 silly packumentCache full:https://registry.npmjs.org/url-template set size:undefined disposed:false
1480 silly placeDep ROOT @inquirer/checkbox@4.3.2 OK for: @inquirer/prompts@7.10.1 want: ^4.3.2
1481 silly placeDep ROOT @inquirer/confirm@5.1.21 OK for: @inquirer/prompts@7.10.1 want: ^5.1.21
1482 silly placeDep ROOT @inquirer/editor@4.2.23 OK for: @inquirer/prompts@7.10.1 want: ^4.2.23
1483 silly placeDep ROOT @inquirer/expand@4.0.23 OK for: @inquirer/prompts@7.10.1 want: ^4.0.23
1484 silly placeDep ROOT @inquirer/input@4.3.1 OK for: @inquirer/prompts@7.10.1 want: ^4.3.1
1485 silly placeDep ROOT @inquirer/number@3.0.23 OK for: @inquirer/prompts@7.10.1 want: ^3.0.23
1486 silly placeDep ROOT @inquirer/password@4.0.23 OK for: @inquirer/prompts@7.10.1 want: ^4.0.23
1487 silly placeDep ROOT @inquirer/rawlist@4.1.11 OK for: @inquirer/prompts@7.10.1 want: ^4.1.11
1488 silly placeDep ROOT @inquirer/search@3.2.2 OK for: @inquirer/prompts@7.10.1 want: ^3.2.2
1489 silly placeDep ROOT @inquirer/select@4.4.2 OK for: @inquirer/prompts@7.10.1 want: ^4.4.2
1490 silly fetch manifest @inquirer/ansi@^1.0.2
1491 silly packumentCache full:https://registry.npmjs.org/@inquirer%2fansi cache-miss
1492 silly fetch manifest @inquirer/core@^10.3.2
1493 silly packumentCache full:https://registry.npmjs.org/@inquirer%2fcore cache-miss
1494 silly fetch manifest @inquirer/type@^3.0.10
1495 silly packumentCache full:https://registry.npmjs.org/@inquirer%2ftype cache-miss
1496 silly fetch manifest yoctocolors-cjs@^2.1.3
1497 silly packumentCache full:https://registry.npmjs.org/yoctocolors-cjs cache-miss
1498 silly fetch manifest @inquirer/figures@^1.0.15
1499 silly packumentCache full:https://registry.npmjs.org/@inquirer%2ffigures cache-miss
1500 silly fetch manifest @inquirer/core@^10.3.2
1501 silly packumentCache full:https://registry.npmjs.org/@inquirer%2fcore cache-miss
1502 silly fetch manifest @inquirer/type@^3.0.10
1503 silly packumentCache full:https://registry.npmjs.org/@inquirer%2ftype cache-miss
1504 silly fetch manifest @inquirer/core@^10.3.2
1505 silly packumentCache full:https://registry.npmjs.org/@inquirer%2fcore cache-miss
1506 silly fetch manifest @inquirer/type@^3.0.10
1507 silly packumentCache full:https://registry.npmjs.org/@inquirer%2ftype cache-miss
1508 http fetch GET 200 https://registry.npmjs.org/yoctocolors-cjs 138ms (cache miss)
1509 silly packumentCache full:https://registry.npmjs.org/yoctocolors-cjs set size:undefined disposed:false
1510 silly fetch manifest @inquirer/external-editor@^1.0.3
1511 silly packumentCache full:https://registry.npmjs.org/@inquirer%2fexternal-editor cache-miss
1512 http fetch GET 200 https://registry.npmjs.org/@inquirer%2fexternal-editor 57ms (cache miss)
1513 silly packumentCache full:https://registry.npmjs.org/@inquirer%2fexternal-editor set size:undefined disposed:false
1514 silly fetch manifest @inquirer/core@^10.3.2
1515 silly packumentCache full:https://registry.npmjs.org/@inquirer%2fcore cache-miss
1516 http fetch GET 200 https://registry.npmjs.org/@inquirer%2ffigures 413ms (cache miss)
1517 silly packumentCache full:https://registry.npmjs.org/@inquirer%2ffigures set size:undefined disposed:false
1518 silly fetch manifest @inquirer/type@^3.0.10
1519 silly packumentCache full:https://registry.npmjs.org/@inquirer%2ftype cache-miss
1520 http fetch GET 200 https://registry.npmjs.org/@inquirer%2ftype 764ms (cache miss)
1521 silly packumentCache full:https://registry.npmjs.org/@inquirer%2ftype set size:undefined disposed:false
1522 silly fetch manifest @inquirer/core@^10.3.2
1523 silly packumentCache full:https://registry.npmjs.org/@inquirer%2fcore cache-miss
1524 http fetch GET 200 https://registry.npmjs.org/@inquirer%2ftype 767ms (cache miss)
1525 silly packumentCache full:https://registry.npmjs.org/@inquirer%2ftype set size:undefined disposed:false
1526 silly fetch manifest @inquirer/core@^10.3.2
1527 silly packumentCache full:https://registry.npmjs.org/@inquirer%2fcore cache-miss
1528 http fetch GET 200 https://registry.npmjs.org/@inquirer%2fcore 623ms (cache miss)
1529 silly packumentCache full:https://registry.npmjs.org/@inquirer%2fcore set size:undefined disposed:false
1530 silly fetch manifest @inquirer/ansi@^1.0.2
1531 silly packumentCache full:https://registry.npmjs.org/@inquirer%2fansi cache-miss
1532 http fetch GET 200 https://registry.npmjs.org/@inquirer%2fcore 823ms (cache miss)
1533 silly packumentCache full:https://registry.npmjs.org/@inquirer%2fcore set size:undefined disposed:false
1534 silly fetch manifest @inquirer/ansi@^1.0.2
1535 silly packumentCache full:https://registry.npmjs.org/@inquirer%2fansi cache-miss
1536 http fetch GET 200 https://registry.npmjs.org/@inquirer%2fcore 826ms (cache miss)
1537 silly packumentCache full:https://registry.npmjs.org/@inquirer%2fcore set size:undefined disposed:false
1538 http fetch GET 200 https://registry.npmjs.org/@inquirer%2fcore 829ms (cache miss)
1539 silly packumentCache full:https://registry.npmjs.org/@inquirer%2fcore set size:undefined disposed:false
1540 http fetch GET 200 https://registry.npmjs.org/@inquirer%2fansi 832ms (cache miss)
1541 silly packumentCache full:https://registry.npmjs.org/@inquirer%2fansi set size:undefined disposed:false
1542 http fetch GET 200 https://registry.npmjs.org/@inquirer%2fcore 89ms (cache miss)
1543 silly packumentCache full:https://registry.npmjs.org/@inquirer%2fcore set size:undefined disposed:false
1544 http fetch GET 200 https://registry.npmjs.org/@inquirer%2fcore 105ms (cache miss)
1545 silly packumentCache full:https://registry.npmjs.org/@inquirer%2fcore set size:undefined disposed:false
1546 http fetch GET 200 https://registry.npmjs.org/@inquirer%2fansi 61ms (cache miss)
1547 silly packumentCache full:https://registry.npmjs.org/@inquirer%2fansi set size:undefined disposed:false
1548 http fetch GET 200 https://registry.npmjs.org/@inquirer%2fansi 67ms (cache miss)
1549 silly packumentCache full:https://registry.npmjs.org/@inquirer%2fansi set size:undefined disposed:false
1550 http fetch GET 200 https://registry.npmjs.org/@inquirer%2ftype 926ms (cache miss)
1551 silly packumentCache full:https://registry.npmjs.org/@inquirer%2ftype set size:undefined disposed:false
1552 http fetch GET 200 https://registry.npmjs.org/@inquirer%2ftype 754ms (cache miss)
1553 silly packumentCache full:https://registry.npmjs.org/@inquirer%2ftype set size:undefined disposed:false
1554 silly placeDep ROOT @inquirer/ansi@1.0.2 OK for: @inquirer/checkbox@4.3.2 want: ^1.0.2
1555 silly placeDep ROOT @inquirer/core@10.3.2 OK for: @inquirer/checkbox@4.3.2 want: ^10.3.2
1556 silly placeDep ROOT @inquirer/figures@1.0.15 OK for: @inquirer/checkbox@4.3.2 want: ^1.0.15
1557 silly placeDep ROOT @inquirer/type@3.0.10 OK for: @inquirer/checkbox@4.3.2 want: ^3.0.10
1558 silly placeDep ROOT yoctocolors-cjs@2.1.3 OK for: @inquirer/checkbox@4.3.2 want: ^2.1.3
1559 silly fetch manifest cli-width@^4.1.0
1560 silly packumentCache full:https://registry.npmjs.org/cli-width cache-miss
1561 silly fetch manifest wrap-ansi@^6.2.0
1562 silly packumentCache full:https://registry.npmjs.org/wrap-ansi cache-miss
1563 silly fetch manifest mute-stream@^2.0.0
1564 silly packumentCache full:https://registry.npmjs.org/mute-stream cache-miss
1565 silly fetch manifest signal-exit@^4.1.0
1566 silly packumentCache full:https://registry.npmjs.org/signal-exit cache-miss
1567 http fetch GET 200 https://registry.npmjs.org/cli-width 49ms (cache miss)
1568 silly packumentCache full:https://registry.npmjs.org/cli-width set size:undefined disposed:false
1569 http fetch GET 200 https://registry.npmjs.org/mute-stream 94ms (cache miss)
1570 silly packumentCache full:https://registry.npmjs.org/mute-stream set size:undefined disposed:false
1571 http fetch GET 200 https://registry.npmjs.org/signal-exit 139ms (cache miss)
1572 silly packumentCache full:https://registry.npmjs.org/signal-exit set size:undefined disposed:false
1573 http fetch GET 200 https://registry.npmjs.org/wrap-ansi 298ms (cache miss)
1574 silly packumentCache full:https://registry.npmjs.org/wrap-ansi set size:undefined disposed:false
1575 silly placeDep ROOT cli-width@4.1.0 OK for: @inquirer/core@10.3.2 want: ^4.1.0
1576 silly placeDep ROOT mute-stream@2.0.0 OK for: @inquirer/core@10.3.2 want: ^2.0.0
1577 silly placeDep ROOT signal-exit@4.1.0 OK for: @inquirer/core@10.3.2 want: ^4.1.0
1578 silly placeDep ROOT wrap-ansi@6.2.0 OK for: @inquirer/core@10.3.2 want: ^6.2.0
1579 silly fetch manifest ansi-styles@^4.0.0
1580 silly packumentCache full:https://registry.npmjs.org/ansi-styles cache-miss
1581 silly fetch manifest string-width@^4.1.0
1582 silly packumentCache full:https://registry.npmjs.org/string-width cache-miss
1583 http cache https://registry.npmjs.org/string-width 2ms (cache hit)
1584 silly packumentCache full:https://registry.npmjs.org/string-width set size:70381 disposed:false
1585 http fetch GET 200 https://registry.npmjs.org/ansi-styles 64ms (cache miss)
1586 silly packumentCache full:https://registry.npmjs.org/ansi-styles set size:undefined disposed:false
1587 silly placeDep ROOT @inquirer/external-editor@1.0.3 OK for: @inquirer/editor@4.2.23 want: ^1.0.3
1588 silly fetch manifest chardet@^2.1.1
1589 silly packumentCache full:https://registry.npmjs.org/chardet cache-miss
1590 silly fetch manifest iconv-lite@^0.7.0
1591 silly packumentCache full:https://registry.npmjs.org/iconv-lite cache-miss
1592 http cache https://registry.npmjs.org/iconv-lite 3ms (cache hit)
1593 silly packumentCache full:https://registry.npmjs.org/iconv-lite set size:120557 disposed:false
1594 http fetch GET 200 https://registry.npmjs.org/chardet 59ms (cache miss)
1595 silly packumentCache full:https://registry.npmjs.org/chardet set size:undefined disposed:false
1596 silly placeDep ROOT chardet@2.1.1 OK for: @inquirer/external-editor@1.0.3 want: ^2.1.1
1597 silly placeDep ROOT iconv-lite@0.7.2 OK for: @inquirer/external-editor@1.0.3 want: ^0.7.0
1598 silly fetch manifest safer-buffer@>= 2.1.2 < 3.0.0
1599 silly packumentCache full:https://registry.npmjs.org/safer-buffer cache-miss
1600 http fetch GET 200 https://registry.npmjs.org/safer-buffer 55ms (cache miss)
1601 silly packumentCache full:https://registry.npmjs.org/safer-buffer set size:undefined disposed:false
1602 silly placeDep ROOT @hono/node-server@1.19.14 OK for: @modelcontextprotocol/sdk@1.29.0 want: ^1.19.9
1603 silly placeDep ROOT hono@4.12.23 OK for: @hono/node-server@1.19.14 want: ^4
1604 silly placeDep ROOT content-type@1.0.5 OK for: @modelcontextprotocol/sdk@1.29.0 want: ^1.0.5
1605 silly placeDep ROOT eventsource@3.0.7 OK for: @modelcontextprotocol/sdk@1.29.0 want: ^3.0.2
1606 silly placeDep ROOT eventsource-parser@3.1.0 OK for: @modelcontextprotocol/sdk@1.29.0 want: ^3.0.0
1607 silly placeDep node_modules/@modelcontextprotocol/sdk express@5.2.1 OK for: @modelcontextprotocol/sdk@1.29.0 want: ^5.2.1
1608 silly placeDep ROOT express-rate-limit@8.5.2 OK for: @modelcontextprotocol/sdk@1.29.0 want: ^8.2.1
1609 silly placeDep ROOT jose@6.2.3 OK for: @modelcontextprotocol/sdk@1.29.0 want: ^6.1.3
1610 silly placeDep ROOT json-schema-typed@8.0.2 OK for: @modelcontextprotocol/sdk@1.29.0 want: ^8.0.2
1611 silly placeDep ROOT pkce-challenge@5.0.1 OK for: @modelcontextprotocol/sdk@1.29.0 want: ^5.0.0
1612 silly placeDep ROOT raw-body@3.0.2 OK for: @modelcontextprotocol/sdk@1.29.0 want: ^3.0.0
1613 silly fetch manifest eventsource-parser@^3.0.1
1614 silly packumentCache full:https://registry.npmjs.org/eventsource-parser cache-miss
1615 silly fetch manifest qs@^6.14.0
1616 silly packumentCache full:https://registry.npmjs.org/qs cache-hit
1617 silly fetch manifest depd@^2.0.0
1618 silly packumentCache full:https://registry.npmjs.org/depd cache-hit
1619 silly fetch manifest etag@^1.8.1
1620 silly packumentCache full:https://registry.npmjs.org/etag cache-miss
1621 silly fetch manifest once@^1.4.0
1622 silly packumentCache full:https://registry.npmjs.org/once cache-miss
1623 silly fetch manifest send@^1.1.0
1624 silly packumentCache full:https://registry.npmjs.org/send cache-miss
1625 silly fetch manifest vary@^1.1.2
1626 silly packumentCache full:https://registry.npmjs.org/vary cache-hit
1627 silly fetch manifest debug@^4.4.0
1628 silly packumentCache full:https://registry.npmjs.org/debug cache-hit
1629 silly fetch manifest fresh@^2.0.0
1630 silly packumentCache full:https://registry.npmjs.org/fresh cache-miss
1631 silly fetch manifest cookie@^0.7.1
1632 silly packumentCache full:https://registry.npmjs.org/cookie cache-miss
1633 silly fetch manifest router@^2.2.0
1634 silly packumentCache full:https://registry.npmjs.org/router cache-miss
1635 silly fetch manifest accepts@^2.0.0
1636 silly packumentCache full:https://registry.npmjs.org/accepts cache-miss
1637 silly fetch manifest type-is@^2.0.1
1638 silly packumentCache full:https://registry.npmjs.org/type-is cache-miss
1639 http cache https://registry.npmjs.org/accepts 5ms (cache hit)
1640 silly packumentCache full:https://registry.npmjs.org/accepts set size:77054 disposed:false
1641 silly fetch manifest parseurl@^1.3.3
1642 silly packumentCache full:https://registry.npmjs.org/parseurl cache-miss
1643 http cache https://registry.npmjs.org/router 6ms (cache hit)
1644 silly packumentCache full:https://registry.npmjs.org/router set size:116499 disposed:false
1645 silly fetch manifest statuses@^2.0.1
1646 silly packumentCache full:https://registry.npmjs.org/statuses cache-miss
1647 http cache https://registry.npmjs.org/etag 8ms (cache hit)
1648 silly packumentCache full:https://registry.npmjs.org/etag set size:30032 disposed:false
1649 silly fetch manifest encodeurl@^2.0.0
1650 silly packumentCache full:https://registry.npmjs.org/encodeurl cache-miss
1651 http cache https://registry.npmjs.org/fresh 8ms (cache hit)
1652 silly packumentCache full:https://registry.npmjs.org/fresh set size:25427 disposed:false
1653 silly fetch manifest mime-types@^3.0.0
1654 silly packumentCache full:https://registry.npmjs.org/mime-types cache-hit
1655 silly fetch manifest proxy-addr@^2.0.7
1656 silly packumentCache full:https://registry.npmjs.org/proxy-addr cache-miss
1657 http cache https://registry.npmjs.org/type-is 8ms (cache hit)
1658 silly packumentCache full:https://registry.npmjs.org/type-is set size:88614 disposed:false
1659 silly fetch manifest body-parser@^2.2.1
1660 silly packumentCache full:https://registry.npmjs.org/body-parser cache-miss
1661 http cache https://registry.npmjs.org/cookie 8ms (cache hit)
1662 silly packumentCache full:https://registry.npmjs.org/cookie set size:72891 disposed:false
1663 silly fetch manifest escape-html@^1.0.3
1664 silly packumentCache full:https://registry.npmjs.org/escape-html cache-miss
1665 http cache https://registry.npmjs.org/send 10ms (cache hit)
1666 silly packumentCache full:https://registry.npmjs.org/send set size:152810 disposed:false
1667 silly fetch manifest http-errors@^2.0.0
1668 silly packumentCache full:https://registry.npmjs.org/http-errors cache-hit
1669 silly fetch manifest on-finished@^2.4.1
1670 silly packumentCache full:https://registry.npmjs.org/on-finished cache-hit
1671 silly fetch manifest finalhandler@^2.1.0
1672 silly packumentCache full:https://registry.npmjs.org/finalhandler cache-miss
1673 http cache https://registry.npmjs.org/eventsource-parser 11ms (cache hit)
1674 silly packumentCache full:https://registry.npmjs.org/eventsource-parser set size:78018 disposed:false
1675 silly fetch manifest range-parser@^1.2.1
1676 silly packumentCache full:https://registry.npmjs.org/range-parser cache-miss
1677 http cache https://registry.npmjs.org/statuses 5ms (cache hit)
1678 silly packumentCache full:https://registry.npmjs.org/statuses set size:37117 disposed:false
1679 silly fetch manifest serve-static@^2.2.0
1680 silly packumentCache full:https://registry.npmjs.org/serve-static cache-miss
1681 http cache https://registry.npmjs.org/parseurl 7ms (cache hit)
1682 silly packumentCache full:https://registry.npmjs.org/parseurl set size:24148 disposed:false
1683 silly fetch manifest cookie-signature@^1.2.1
1684 silly packumentCache full:https://registry.npmjs.org/cookie-signature cache-miss
1685 http cache https://registry.npmjs.org/proxy-addr 5ms (cache hit)
1686 silly packumentCache full:https://registry.npmjs.org/proxy-addr set size:61619 disposed:false
1687 silly fetch manifest merge-descriptors@^2.0.0
1688 silly packumentCache full:https://registry.npmjs.org/merge-descriptors cache-miss
1689 http cache https://registry.npmjs.org/encodeurl 7ms (cache hit)
1690 silly packumentCache full:https://registry.npmjs.org/encodeurl set size:12296 disposed:false
1691 silly fetch manifest content-disposition@^1.0.0
1692 silly packumentCache full:https://registry.npmjs.org/content-disposition cache-miss
1693 http cache https://registry.npmjs.org/escape-html 5ms (cache hit)
1694 silly packumentCache full:https://registry.npmjs.org/escape-html set size:7345 disposed:false
1695 silly fetch manifest ip-address@^10.2.0
1696 silly packumentCache full:https://registry.npmjs.org/ip-address cache-miss
1697 http cache https://registry.npmjs.org/body-parser 6ms (cache hit)
1698 silly packumentCache full:https://registry.npmjs.org/body-parser set size:199299 disposed:false
1699 http cache https://registry.npmjs.org/finalhandler 6ms (cache hit)
1700 silly packumentCache full:https://registry.npmjs.org/finalhandler set size:79291 disposed:false
1701 http cache https://registry.npmjs.org/range-parser 5ms (cache hit)
1702 silly packumentCache full:https://registry.npmjs.org/range-parser set size:22228 disposed:false
1703 http cache https://registry.npmjs.org/cookie-signature 6ms (cache hit)
1704 silly packumentCache full:https://registry.npmjs.org/cookie-signature set size:21777 disposed:false
1705 http cache https://registry.npmjs.org/content-disposition 5ms (cache hit)
1706 silly packumentCache full:https://registry.npmjs.org/content-disposition set size:42862 disposed:false
1707 http cache https://registry.npmjs.org/merge-descriptors 6ms (cache hit)
1708 silly packumentCache full:https://registry.npmjs.org/merge-descriptors set size:16527 disposed:false
1709 http cache https://registry.npmjs.org/serve-static 7ms (cache hit)
1710 silly packumentCache full:https://registry.npmjs.org/serve-static set size:150391 disposed:false
1711 http fetch GET 200 https://registry.npmjs.org/once 56ms (cache miss)
1712 silly packumentCache full:https://registry.npmjs.org/once set size:undefined disposed:false
1713 http fetch GET 200 https://registry.npmjs.org/ip-address 58ms (cache miss)
1714 silly packumentCache full:https://registry.npmjs.org/ip-address set size:undefined disposed:false
1715 silly placeDep node_modules/@opentelemetry/core @opentelemetry/semantic-conventions@1.28.0 OK for: @opentelemetry/core@1.30.1 want: 1.28.0
1716 silly placeDep ROOT event-target-shim@5.0.1 OK for: abort-controller@3.0.0 want: ^5.0.0
1717 silly placeDep ROOT fast-deep-equal@3.1.3 OK for: ajv@8.20.0 want: ^3.1.3
1718 silly placeDep ROOT fast-uri@3.1.2 OK for: ajv@8.20.0 want: ^3.0.1
1719 silly placeDep ROOT json-schema-traverse@1.0.0 OK for: ajv@8.20.0 want: ^1.0.0
1720 silly placeDep ROOT require-from-string@2.0.2 OK for: ajv@8.20.0 want: ^2.0.2
1721 silly placeDep ROOT archiver-utils@5.0.2 OK for: archiver@7.0.1 want: ^5.0.2
1722 silly placeDep ROOT async@3.2.6 OK for: archiver@7.0.1 want: ^3.2.4
1723 silly placeDep ROOT buffer-crc32@1.0.0 OK for: archiver@7.0.1 want: ^1.0.0
1724 silly placeDep ROOT readable-stream@4.7.0 OK for: archiver@7.0.1 want: ^4.0.0
1725 silly placeDep ROOT readdir-glob@1.1.3 OK for: archiver@7.0.1 want: ^1.1.2
1726 silly placeDep ROOT tar-stream@3.2.0 OK for: archiver@7.0.1 want: ^3.0.0
1727 silly placeDep ROOT zip-stream@6.0.1 OK for: archiver@7.0.1 want: ^6.0.1
1728 silly fetch manifest is-stream@^2.0.1
1729 silly packumentCache full:https://registry.npmjs.org/is-stream cache-miss
1730 silly fetch manifest lazystream@^1.0.0
1731 silly packumentCache full:https://registry.npmjs.org/lazystream cache-miss
1732 silly fetch manifest normalize-path@^3.0.0
1733 silly packumentCache full:https://registry.npmjs.org/normalize-path cache-miss
1734 silly fetch manifest buffer@^6.0.3
1735 silly packumentCache full:https://registry.npmjs.org/buffer cache-miss
1736 silly fetch manifest events@^3.3.0
1737 silly packumentCache full:https://registry.npmjs.org/events cache-miss
1738 silly fetch manifest process@^0.11.10
1739 silly packumentCache full:https://registry.npmjs.org/process cache-miss
1740 silly fetch manifest string_decoder@^1.3.0
1741 silly packumentCache full:https://registry.npmjs.org/string_decoder cache-miss
1742 silly fetch manifest minimatch@^5.1.0
1743 silly packumentCache full:https://registry.npmjs.org/minimatch cache-hit
1744 silly fetch manifest b4a@^1.6.4
1745 silly packumentCache full:https://registry.npmjs.org/b4a cache-miss
1746 silly fetch manifest bare-fs@^4.5.5
1747 silly packumentCache full:https://registry.npmjs.org/bare-fs cache-miss
1748 http cache https://registry.npmjs.org/is-stream 10ms (cache hit)
1749 silly packumentCache full:https://registry.npmjs.org/is-stream set size:18582 disposed:false
1750 silly fetch manifest fast-fifo@^1.2.0
1751 silly packumentCache full:https://registry.npmjs.org/fast-fifo cache-miss
1752 http cache https://registry.npmjs.org/normalize-path 10ms (cache hit)
1753 silly packumentCache full:https://registry.npmjs.org/normalize-path set size:28713 disposed:false
1754 silly fetch manifest streamx@^2.15.0
1755 silly packumentCache full:https://registry.npmjs.org/streamx cache-miss
1756 http fetch GET 200 https://registry.npmjs.org/events 59ms (cache miss)
1757 silly packumentCache full:https://registry.npmjs.org/events set size:undefined disposed:false
1758 silly fetch manifest compress-commons@^6.0.2
1759 silly packumentCache full:https://registry.npmjs.org/compress-commons cache-miss
1760 http fetch GET 200 https://registry.npmjs.org/buffer 59ms (cache miss)
1761 silly packumentCache full:https://registry.npmjs.org/buffer set size:undefined disposed:false
1762 http fetch GET 200 https://registry.npmjs.org/string_decoder 105ms (cache miss)
1763 silly packumentCache full:https://registry.npmjs.org/string_decoder set size:undefined disposed:false
1764 http fetch GET 200 https://registry.npmjs.org/bare-fs 117ms (cache miss)
1765 silly packumentCache full:https://registry.npmjs.org/bare-fs set size:undefined disposed:false
1766 http fetch GET 200 https://registry.npmjs.org/process 146ms (cache miss)
1767 silly packumentCache full:https://registry.npmjs.org/process set size:undefined disposed:false
1768 http fetch GET 200 https://registry.npmjs.org/fast-fifo 142ms (cache miss)
1769 silly packumentCache full:https://registry.npmjs.org/fast-fifo set size:undefined disposed:false
1770 http fetch GET 200 https://registry.npmjs.org/lazystream 153ms (cache miss)
1771 silly packumentCache full:https://registry.npmjs.org/lazystream set size:undefined disposed:false
1772 http fetch GET 200 https://registry.npmjs.org/b4a 159ms (cache miss)
1773 silly packumentCache full:https://registry.npmjs.org/b4a set size:undefined disposed:false
1774 http fetch GET 200 https://registry.npmjs.org/streamx 149ms (cache miss)
1775 silly packumentCache full:https://registry.npmjs.org/streamx set size:undefined disposed:false
1776 http fetch GET 200 https://registry.npmjs.org/compress-commons 353ms (cache miss)
1777 silly packumentCache full:https://registry.npmjs.org/compress-commons set size:undefined disposed:false
1778 silly placeDep ROOT graceful-fs@4.2.11 OK for: archiver-utils@5.0.2 want: ^4.2.0
1779 silly placeDep ROOT is-stream@2.0.1 OK for: archiver-utils@5.0.2 want: ^2.0.1
1780 silly placeDep ROOT lazystream@1.0.1 OK for: archiver-utils@5.0.2 want: ^1.0.0
1781 silly placeDep ROOT normalize-path@3.0.0 OK for: archiver-utils@5.0.2 want: ^3.0.0
1782 silly fetch manifest readable-stream@^2.0.5
1783 silly packumentCache full:https://registry.npmjs.org/readable-stream cache-hit
1784 silly placeDep ROOT bytes@3.1.2 OK for: body-parser@1.20.5 want: ~3.1.2
1785 silly placeDep ROOT debug@2.6.9 OK for: body-parser@1.20.5 want: 2.6.9
1786 silly placeDep ROOT depd@2.0.0 OK for: body-parser@1.20.5 want: 2.0.0
1787 silly placeDep ROOT destroy@1.2.0 OK for: body-parser@1.20.5 want: ~1.2.0
1788 silly placeDep ROOT http-errors@2.0.1 OK for: body-parser@1.20.5 want: ~2.0.1
1789 silly placeDep node_modules/body-parser iconv-lite@0.4.24 OK for: body-parser@1.20.5 want: ~0.4.24
1790 silly placeDep ROOT on-finished@2.4.1 OK for: body-parser@1.20.5 want: ~2.4.1
1791 silly placeDep ROOT qs@6.15.2 OK for: body-parser@1.20.5 want: ~6.15.1
1792 silly placeDep node_modules/body-parser raw-body@2.5.3 OK for: body-parser@1.20.5 want: ~2.5.3
1793 silly placeDep ROOT type-is@1.6.18 OK for: body-parser@1.20.5 want: ~1.6.18
1794 silly placeDep ROOT unpipe@1.0.0 OK for: body-parser@1.20.5 want: ~1.0.0
1795 silly fetch manifest ms@2.0.0
1796 silly packumentCache full:https://registry.npmjs.org/ms cache-miss
1797 silly fetch manifest inherits@~2.0.4
1798 silly packumentCache full:https://registry.npmjs.org/inherits cache-miss
1799 silly fetch manifest setprototypeof@~1.2.0
1800 silly packumentCache full:https://registry.npmjs.org/setprototypeof cache-miss
1801 silly fetch manifest statuses@~2.0.2
1802 silly packumentCache full:https://registry.npmjs.org/statuses cache-hit
1803 silly fetch manifest toidentifier@~1.0.1
1804 silly packumentCache full:https://registry.npmjs.org/toidentifier cache-miss
1805 silly fetch manifest safer-buffer@>= 2.1.2 < 3
1806 silly packumentCache full:https://registry.npmjs.org/safer-buffer cache-miss
1807 silly fetch manifest ee-first@1.1.1
1808 silly packumentCache full:https://registry.npmjs.org/ee-first cache-miss
1809 silly fetch manifest side-channel@^1.1.0
1810 silly packumentCache full:https://registry.npmjs.org/side-channel cache-miss
1811 silly fetch manifest mime-types@~2.1.24
1812 silly packumentCache full:https://registry.npmjs.org/mime-types cache-hit
1813 silly fetch manifest media-typer@0.3.0
1814 silly packumentCache full:https://registry.npmjs.org/media-typer cache-miss
1815 http cache https://registry.npmjs.org/setprototypeof 8ms (cache hit)
1816 silly packumentCache full:https://registry.npmjs.org/setprototypeof set size:14532 disposed:false
1817 http cache https://registry.npmjs.org/safer-buffer 8ms (cache hit)
1818 silly packumentCache full:https://registry.npmjs.org/safer-buffer set size:18521 disposed:false
1819 http cache https://registry.npmjs.org/ms 9ms (cache hit)
1820 silly packumentCache full:https://registry.npmjs.org/ms set size:92208 disposed:false
1821 http fetch GET 200 https://registry.npmjs.org/ee-first 51ms (cache miss)
1822 silly packumentCache full:https://registry.npmjs.org/ee-first set size:undefined disposed:false
1823 http fetch GET 200 https://registry.npmjs.org/inherits 54ms (cache miss)
1824 silly packumentCache full:https://registry.npmjs.org/inherits set size:undefined disposed:false
1825 http fetch GET 200 https://registry.npmjs.org/side-channel 98ms (cache miss)
1826 silly packumentCache full:https://registry.npmjs.org/side-channel set size:undefined disposed:false
1827 http fetch GET 200 https://registry.npmjs.org/media-typer 135ms (cache miss)
1828 silly packumentCache full:https://registry.npmjs.org/media-typer set size:undefined disposed:false
1829 http fetch GET 200 https://registry.npmjs.org/toidentifier 434ms (cache miss)
1830 silly packumentCache full:https://registry.npmjs.org/toidentifier set size:undefined disposed:false
1831 silly placeDep ROOT anymatch@3.1.3 OK for: chokidar@3.6.0 want: ~3.1.2
1832 silly placeDep ROOT braces@3.0.3 OK for: chokidar@3.6.0 want: ~3.0.2
1833 silly placeDep ROOT fsevents@2.3.3 OK for: chokidar@3.6.0 want: ~2.3.2
1834 silly placeDep ROOT glob-parent@5.1.2 OK for: chokidar@3.6.0 want: ~5.1.2
1835 silly placeDep ROOT is-binary-path@2.1.0 OK for: chokidar@3.6.0 want: ~2.1.0
1836 silly placeDep ROOT is-glob@4.0.3 OK for: chokidar@3.6.0 want: ~4.0.1
1837 silly placeDep ROOT readdirp@3.6.0 OK for: chokidar@3.6.0 want: ~3.6.0
1838 silly fetch manifest picomatch@^2.0.4
1839 silly packumentCache full:https://registry.npmjs.org/picomatch cache-miss
1840 silly fetch manifest fill-range@^7.1.1
1841 silly packumentCache full:https://registry.npmjs.org/fill-range cache-miss
1842 silly fetch manifest is-glob@^4.0.1
1843 silly packumentCache full:https://registry.npmjs.org/is-glob cache-miss
1844 silly fetch manifest binary-extensions@^2.0.0
1845 silly packumentCache full:https://registry.npmjs.org/binary-extensions cache-miss
1846 silly fetch manifest is-extglob@^2.1.1
1847 silly packumentCache full:https://registry.npmjs.org/is-extglob cache-miss
1848 silly fetch manifest picomatch@^2.2.1
1849 silly packumentCache full:https://registry.npmjs.org/picomatch cache-miss
1850 http cache https://registry.npmjs.org/is-glob 14ms (cache hit)
1851 silly packumentCache full:https://registry.npmjs.org/is-glob set size:40530 disposed:false
1852 http fetch GET 200 https://registry.npmjs.org/is-extglob 62ms (cache miss)
1853 silly packumentCache full:https://registry.npmjs.org/is-extglob set size:undefined disposed:false
1854 http fetch GET 200 https://registry.npmjs.org/fill-range 62ms (cache miss)
1855 silly packumentCache full:https://registry.npmjs.org/fill-range set size:undefined disposed:false
1856 http fetch GET 200 https://registry.npmjs.org/binary-extensions 103ms (cache miss)
1857 silly packumentCache full:https://registry.npmjs.org/binary-extensions set size:undefined disposed:false
1858 http fetch GET 200 https://registry.npmjs.org/picomatch 111ms (cache miss)
1859 silly packumentCache full:https://registry.npmjs.org/picomatch set size:undefined disposed:false
1860 http fetch GET 200 https://registry.npmjs.org/picomatch 150ms (cache miss)
1861 silly packumentCache full:https://registry.npmjs.org/picomatch set size:undefined disposed:false
1862 silly placeDep ROOT picomatch@2.3.2 OK for: anymatch@3.1.3 want: ^2.0.4
1863 silly placeDep ROOT fill-range@7.1.1 OK for: braces@3.0.3 want: ^7.1.1
1864 silly fetch manifest to-regex-range@^5.0.1
1865 silly packumentCache full:https://registry.npmjs.org/to-regex-range cache-miss
1866 http fetch GET 200 https://registry.npmjs.org/to-regex-range 57ms (cache miss)
1867 silly packumentCache full:https://registry.npmjs.org/to-regex-range set size:undefined disposed:false
1868 silly placeDep ROOT json-parse-helpfulerror@1.0.3 OK for: cjson@0.3.3 want: ^1.0.3
1869 silly fetch manifest jju@^1.1.0
1870 silly packumentCache full:https://registry.npmjs.org/jju cache-miss
1871 http fetch GET 200 https://registry.npmjs.org/jju 309ms (cache miss)
1872 silly packumentCache full:https://registry.npmjs.org/jju set size:undefined disposed:false
1873 silly placeDep ROOT @colors/colors@1.5.0 OK for: cli-table3@0.6.5 want: 1.5.0
1874 silly placeDep ROOT string-width@4.2.3 OK for: cli-table3@0.6.5 want: ^4.2.0
1875 silly fetch manifest strip-ansi@^6.0.1
1876 silly packumentCache full:https://registry.npmjs.org/strip-ansi cache-miss
1877 silly fetch manifest emoji-regex@^8.0.0
1878 silly packumentCache full:https://registry.npmjs.org/emoji-regex cache-miss
1879 silly fetch manifest is-fullwidth-code-point@^3.0.0
1880 silly packumentCache full:https://registry.npmjs.org/is-fullwidth-code-point cache-miss
1881 http cache https://registry.npmjs.org/strip-ansi 10ms (cache hit)
1882 silly packumentCache full:https://registry.npmjs.org/strip-ansi set size:44998 disposed:false
1883 http fetch GET 200 https://registry.npmjs.org/emoji-regex 57ms (cache miss)
1884 silly packumentCache full:https://registry.npmjs.org/emoji-regex set size:undefined disposed:false
1885 http fetch GET 200 https://registry.npmjs.org/is-fullwidth-code-point 59ms (cache miss)
1886 silly packumentCache full:https://registry.npmjs.org/is-fullwidth-code-point set size:undefined disposed:false
1887 silly placeDep ROOT dot-prop@5.3.0 OK for: configstore@5.0.1 want: ^5.2.0
1888 silly placeDep ROOT make-dir@3.1.0 OK for: configstore@5.0.1 want: ^3.0.0
1889 silly placeDep ROOT unique-string@2.0.0 OK for: configstore@5.0.1 want: ^2.0.0
1890 silly placeDep ROOT write-file-atomic@3.0.3 OK for: configstore@5.0.1 want: ^3.0.0
1891 silly placeDep ROOT xdg-basedir@4.0.0 OK for: configstore@5.0.1 want: ^4.0.0
1892 silly fetch manifest is-obj@^2.0.0
1893 silly packumentCache full:https://registry.npmjs.org/is-obj cache-miss
1894 silly fetch manifest semver@^6.0.0
1895 silly packumentCache full:https://registry.npmjs.org/semver cache-hit
1896 silly fetch manifest crypto-random-string@^2.0.0
1897 silly packumentCache full:https://registry.npmjs.org/crypto-random-string cache-miss
1898 silly fetch manifest imurmurhash@^0.1.4
1899 silly packumentCache full:https://registry.npmjs.org/imurmurhash cache-miss
1900 silly fetch manifest signal-exit@^3.0.2
1901 silly packumentCache full:https://registry.npmjs.org/signal-exit cache-miss
1902 silly fetch manifest is-typedarray@^1.0.0
1903 silly packumentCache full:https://registry.npmjs.org/is-typedarray cache-miss
1904 silly fetch manifest typedarray-to-buffer@^3.1.5
1905 silly packumentCache full:https://registry.npmjs.org/typedarray-to-buffer cache-miss
1906 http cache https://registry.npmjs.org/signal-exit 11ms (cache hit)
1907 silly packumentCache full:https://registry.npmjs.org/signal-exit set size:53489 disposed:false
1908 http fetch GET 200 https://registry.npmjs.org/is-obj 52ms (cache miss)
1909 silly packumentCache full:https://registry.npmjs.org/is-obj set size:undefined disposed:false
1910 http fetch GET 200 https://registry.npmjs.org/is-typedarray 54ms (cache miss)
1911 silly packumentCache full:https://registry.npmjs.org/is-typedarray set size:undefined disposed:false
1912 http fetch GET 200 https://registry.npmjs.org/imurmurhash 95ms (cache miss)
1913 silly packumentCache full:https://registry.npmjs.org/imurmurhash set size:undefined disposed:false
1914 http fetch GET 200 https://registry.npmjs.org/typedarray-to-buffer 140ms (cache miss)
1915 silly packumentCache full:https://registry.npmjs.org/typedarray-to-buffer set size:undefined disposed:false
1916 http fetch GET 200 https://registry.npmjs.org/crypto-random-string 350ms (cache miss)
1917 silly packumentCache full:https://registry.npmjs.org/crypto-random-string set size:undefined disposed:false
1918 silly placeDep ROOT object-assign@4.1.1 OK for: cors@2.8.6 want: ^4
1919 silly placeDep ROOT vary@1.1.2 OK for: cors@2.8.6 want: ^1
1920 silly placeDep ROOT path-key@3.1.1 OK for: cross-spawn@7.0.6 want: ^3.1.0
1921 silly placeDep ROOT shebang-command@2.0.0 OK for: cross-spawn@7.0.6 want: ^2.0.0
1922 silly placeDep ROOT which@2.0.2 OK for: cross-spawn@7.0.6 want: ^2.0.1
1923 silly fetch manifest shebang-regex@^3.0.0
1924 silly packumentCache full:https://registry.npmjs.org/shebang-regex cache-miss
1925 silly fetch manifest isexe@^2.0.0
1926 silly packumentCache full:https://registry.npmjs.org/isexe cache-miss
1927 http fetch GET 200 https://registry.npmjs.org/isexe 55ms (cache miss)
1928 silly packumentCache full:https://registry.npmjs.org/isexe set size:undefined disposed:false
1929 http fetch GET 200 https://registry.npmjs.org/shebang-regex 56ms (cache miss)
1930 silly packumentCache full:https://registry.npmjs.org/shebang-regex set size:undefined disposed:false
1931 silly placeDep ROOT ms@2.0.0 OK for: debug@2.6.9 want: 2.0.0
1932 silly placeDep ROOT sort-any@4.0.7 OK for: deep-equal-in-any-order@2.2.0 want: ^4.0.0
1933 silly placeDep ROOT is-obj@2.0.0 OK for: dot-prop@5.3.0 want: ^2.0.0
1934 silly placeDep ROOT @apidevtools/json-schema-ref-parser@9.1.2 OK for: exegesis@4.3.0 want: ^9.0.3
1935 silly placeDep node_modules/exegesis ajv-formats@2.1.1 OK for: exegesis@4.3.0 want: ^2.1.0
1936 silly placeDep ROOT deep-freeze@0.0.1 OK for: exegesis@4.3.0 want: 0.0.1
1937 silly placeDep ROOT events-listener@1.1.0 OK for: exegesis@4.3.0 want: ^1.1.0
1938 silly placeDep ROOT json-ptr@3.1.1 OK for: exegesis@4.3.0 want: ^3.0.1
1939 silly placeDep ROOT openapi3-ts@3.2.0 OK for: exegesis@4.3.0 want: ^3.1.1
1940 silly placeDep ROOT promise-breaker@6.0.0 OK for: exegesis@4.3.0 want: ^6.0.0
1941 silly placeDep node_modules/exegesis raw-body@2.5.3 OK for: exegesis@4.3.0 want: ^2.3.3
1942 silly fetch manifest js-yaml@^4.1.0
1943 silly packumentCache full:https://registry.npmjs.org/js-yaml cache-miss
1944 silly fetch manifest call-me-maybe@^1.0.1
1945 silly packumentCache full:https://registry.npmjs.org/call-me-maybe cache-miss
1946 silly fetch manifest @jsdevtools/ono@^7.1.3
1947 silly packumentCache full:https://registry.npmjs.org/@jsdevtools%2fono cache-miss
1948 silly fetch manifest @types/json-schema@^7.0.6
1949 silly packumentCache full:https://registry.npmjs.org/@types%2fjson-schema cache-miss
1950 http cache https://registry.npmjs.org/js-yaml 7ms (cache hit)
1951 silly packumentCache full:https://registry.npmjs.org/js-yaml set size:152855 disposed:false
1952 http fetch GET 200 https://registry.npmjs.org/@types%2fjson-schema 156ms (cache miss)
1953 silly packumentCache full:https://registry.npmjs.org/@types%2fjson-schema set size:undefined disposed:false
1954 http fetch GET 200 https://registry.npmjs.org/call-me-maybe 305ms (cache miss)
1955 silly packumentCache full:https://registry.npmjs.org/call-me-maybe set size:undefined disposed:false
1956 http fetch GET 200 https://registry.npmjs.org/@jsdevtools%2fono 738ms (cache miss)
1957 silly packumentCache full:https://registry.npmjs.org/@jsdevtools%2fono set size:undefined disposed:false
1958 silly placeDep ROOT @jsdevtools/ono@7.1.3 OK for: @apidevtools/json-schema-ref-parser@9.1.2 want: ^7.1.3
1959 silly placeDep ROOT @types/json-schema@7.0.15 OK for: @apidevtools/json-schema-ref-parser@9.1.2 want: ^7.0.6
1960 silly placeDep ROOT call-me-maybe@1.0.2 OK for: @apidevtools/json-schema-ref-parser@9.1.2 want: ^1.0.1
1961 silly placeDep node_modules/@apidevtools/json-schema-ref-parser js-yaml@4.2.0 OK for: @apidevtools/json-schema-ref-parser@9.1.2 want: ^4.1.0
1962 silly placeDep ROOT accepts@1.3.8 OK for: express@4.22.2 want: ~1.3.8
1963 silly placeDep ROOT array-flatten@1.1.1 OK for: express@4.22.2 want: 1.1.1
1964 silly placeDep ROOT content-disposition@0.5.4 OK for: express@4.22.2 want: ~0.5.4
1965 silly placeDep ROOT cookie@0.7.2 OK for: express@4.22.2 want: ~0.7.1
1966 silly placeDep ROOT cookie-signature@1.0.7 OK for: express@4.22.2 want: ~1.0.6
1967 silly placeDep ROOT encodeurl@2.0.0 OK for: express@4.22.2 want: ~2.0.0
1968 silly placeDep ROOT escape-html@1.0.3 OK for: express@4.22.2 want: ~1.0.3
1969 silly placeDep ROOT etag@1.8.1 OK for: express@4.22.2 want: ~1.8.1
1970 silly placeDep ROOT finalhandler@1.3.2 OK for: express@4.22.2 want: ~1.3.1
1971 silly placeDep ROOT fresh@0.5.2 OK for: express@4.22.2 want: ~0.5.2
1972 silly placeDep ROOT merge-descriptors@1.0.3 OK for: express@4.22.2 want: 1.0.3
1973 silly placeDep ROOT methods@1.1.2 OK for: express@4.22.2 want: ~1.1.2
1974 silly placeDep ROOT parseurl@1.3.3 OK for: express@4.22.2 want: ~1.3.3
1975 silly placeDep ROOT path-to-regexp@0.1.13 OK for: express@4.22.2 want: ~0.1.12
1976 silly placeDep ROOT proxy-addr@2.0.7 OK for: express@4.22.2 want: ~2.0.7
1977 silly placeDep ROOT range-parser@1.2.1 OK for: express@4.22.2 want: ~1.2.1
1978 silly placeDep ROOT safe-buffer@5.2.1 OK for: express@4.22.2 want: 5.2.1
1979 silly placeDep ROOT send@0.19.2 OK for: express@4.22.2 want: ~0.19.0
1980 silly placeDep ROOT serve-static@1.16.3 OK for: express@4.22.2 want: ~1.16.2
1981 silly placeDep ROOT setprototypeof@1.2.0 OK for: express@4.22.2 want: 1.2.0
1982 silly placeDep ROOT statuses@2.0.2 OK for: express@4.22.2 want: ~2.0.1
1983 silly placeDep ROOT utils-merge@1.0.1 OK for: express@4.22.2 want: 1.0.1
1984 silly fetch manifest mime-types@~2.1.34
1985 silly packumentCache full:https://registry.npmjs.org/mime-types cache-hit
1986 silly fetch manifest negotiator@0.6.3
1987 silly packumentCache full:https://registry.npmjs.org/negotiator cache-miss
1988 silly fetch manifest forwarded@0.2.0
1989 silly packumentCache full:https://registry.npmjs.org/forwarded cache-miss
1990 silly fetch manifest ipaddr.js@1.9.1
1991 silly packumentCache full:https://registry.npmjs.org/ipaddr.js cache-miss
1992 silly fetch manifest ms@2.1.3
1993 silly packumentCache full:https://registry.npmjs.org/ms cache-hit
1994 silly fetch manifest mime@1.6.0
1995 silly packumentCache full:https://registry.npmjs.org/mime cache-miss
1996 http cache https://registry.npmjs.org/mime 7ms (cache hit)
1997 silly packumentCache full:https://registry.npmjs.org/mime set size:119236 disposed:false
1998 http fetch GET 200 https://registry.npmjs.org/forwarded 51ms (cache miss)
1999 silly packumentCache full:https://registry.npmjs.org/forwarded set size:undefined disposed:false
2000 http fetch GET 200 https://registry.npmjs.org/negotiator 53ms (cache miss)
2001 silly packumentCache full:https://registry.npmjs.org/negotiator set size:undefined disposed:false
2002 http fetch GET 200 https://registry.npmjs.org/ipaddr.js 96ms (cache miss)
2003 silly packumentCache full:https://registry.npmjs.org/ipaddr.js set size:undefined disposed:false
2004 silly placeDep ROOT mime-types@2.1.35 OK for: accepts@1.3.8 want: ~2.1.34
2005 silly placeDep ROOT negotiator@0.6.3 OK for: accepts@1.3.8 want: 0.6.3
2006 silly fetch manifest mime-db@1.52.0
2007 silly packumentCache full:https://registry.npmjs.org/mime-db cache-miss
2008 http fetch GET 200 https://registry.npmjs.org/mime-db 52ms (cache miss)
2009 silly packumentCache full:https://registry.npmjs.org/mime-db set size:undefined disposed:false
2010 silly placeDep ROOT ip-address@10.2.0 OK for: express-rate-limit@8.5.2 want: ^10.2.0
2011 silly placeDep ROOT to-regex-range@5.0.1 OK for: fill-range@7.1.1 want: ^5.0.1
2012 silly fetch manifest is-number@^7.0.0
2013 silly packumentCache full:https://registry.npmjs.org/is-number cache-miss
2014 http fetch GET 200 https://registry.npmjs.org/is-number 293ms (cache miss)
2015 silly packumentCache full:https://registry.npmjs.org/is-number set size:undefined disposed:false
2016 silly placeDep ROOT asynckit@0.4.0 OK for: form-data@4.0.5 want: ^0.4.0
2017 silly placeDep ROOT combined-stream@1.0.8 OK for: form-data@4.0.5 want: ^1.0.8
2018 silly placeDep ROOT es-set-tostringtag@2.1.0 OK for: form-data@4.0.5 want: ^2.1.0
2019 silly placeDep ROOT hasown@2.0.4 OK for: form-data@4.0.5 want: ^2.0.2
2020 silly fetch manifest delayed-stream@~1.0.0
2021 silly packumentCache full:https://registry.npmjs.org/delayed-stream cache-miss
2022 silly fetch manifest es-errors@^1.3.0
2023 silly packumentCache full:https://registry.npmjs.org/es-errors cache-miss
2024 silly fetch manifest get-intrinsic@^1.2.6
2025 silly packumentCache full:https://registry.npmjs.org/get-intrinsic cache-miss
2026 silly fetch manifest has-tostringtag@^1.0.2
2027 silly packumentCache full:https://registry.npmjs.org/has-tostringtag cache-miss
2028 silly fetch manifest function-bind@^1.1.2
2029 silly packumentCache full:https://registry.npmjs.org/function-bind cache-miss
2030 http fetch GET 200 https://registry.npmjs.org/delayed-stream 57ms (cache miss)
2031 silly packumentCache full:https://registry.npmjs.org/delayed-stream set size:undefined disposed:false
2032 http fetch GET 200 https://registry.npmjs.org/es-errors 56ms (cache miss)
2033 silly packumentCache full:https://registry.npmjs.org/es-errors set size:undefined disposed:false
2034 http fetch GET 200 https://registry.npmjs.org/function-bind 99ms (cache miss)
2035 silly packumentCache full:https://registry.npmjs.org/function-bind set size:undefined disposed:false
2036 http fetch GET 200 https://registry.npmjs.org/get-intrinsic 100ms (cache miss)
2037 silly packumentCache full:https://registry.npmjs.org/get-intrinsic set size:undefined disposed:false
2038 http fetch GET 200 https://registry.npmjs.org/has-tostringtag 139ms (cache miss)
2039 silly packumentCache full:https://registry.npmjs.org/has-tostringtag set size:undefined disposed:false
2040 silly placeDep ROOT delayed-stream@1.0.0 OK for: combined-stream@1.0.8 want: ~1.0.0
2041 silly placeDep ROOT es-errors@1.3.0 OK for: es-set-tostringtag@2.1.0 want: ^1.3.0
2042 silly placeDep ROOT get-intrinsic@1.3.0 OK for: es-set-tostringtag@2.1.0 want: ^1.2.6
2043 silly placeDep ROOT has-tostringtag@1.0.2 OK for: es-set-tostringtag@2.1.0 want: ^1.0.2
2044 silly fetch manifest gopd@^1.2.0
2045 silly packumentCache full:https://registry.npmjs.org/gopd cache-miss
2046 silly fetch manifest get-proto@^1.0.1
2047 silly packumentCache full:https://registry.npmjs.org/get-proto cache-miss
2048 silly fetch manifest has-symbols@^1.1.0
2049 silly packumentCache full:https://registry.npmjs.org/has-symbols cache-miss
2050 silly fetch manifest es-object-atoms@^1.1.1
2051 silly packumentCache full:https://registry.npmjs.org/es-object-atoms cache-miss
2052 silly fetch manifest math-intrinsics@^1.1.0
2053 silly packumentCache full:https://registry.npmjs.org/math-intrinsics cache-miss
2054 silly fetch manifest es-define-property@^1.0.1
2055 silly packumentCache full:https://registry.npmjs.org/es-define-property cache-miss
2056 silly fetch manifest call-bind-apply-helpers@^1.0.2
2057 silly packumentCache full:https://registry.npmjs.org/call-bind-apply-helpers cache-miss
2058 silly fetch manifest has-symbols@^1.0.3
2059 silly packumentCache full:https://registry.npmjs.org/has-symbols cache-miss
2060 http fetch GET 200 https://registry.npmjs.org/has-symbols 52ms (cache miss)
2061 silly packumentCache full:https://registry.npmjs.org/has-symbols set size:undefined disposed:false
2062 http fetch GET 200 https://registry.npmjs.org/get-proto 52ms (cache miss)
2063 silly packumentCache full:https://registry.npmjs.org/get-proto set size:undefined disposed:false
2064 http fetch GET 200 https://registry.npmjs.org/has-symbols 73ms (cache miss)
2065 silly packumentCache full:https://registry.npmjs.org/has-symbols set size:undefined disposed:false
2066 http fetch GET 200 https://registry.npmjs.org/math-intrinsics 90ms (cache miss)
2067 silly packumentCache full:https://registry.npmjs.org/math-intrinsics set size:undefined disposed:false
2068 http fetch GET 200 https://registry.npmjs.org/es-define-property 94ms (cache miss)
2069 silly packumentCache full:https://registry.npmjs.org/es-define-property set size:undefined disposed:false
2070 http fetch GET 200 https://registry.npmjs.org/gopd 135ms (cache miss)
2071 silly packumentCache full:https://registry.npmjs.org/gopd set size:undefined disposed:false
2072 http fetch GET 200 https://registry.npmjs.org/call-bind-apply-helpers 135ms (cache miss)
2073 silly packumentCache full:https://registry.npmjs.org/call-bind-apply-helpers set size:undefined disposed:false
2074 http fetch GET 200 https://registry.npmjs.org/es-object-atoms 139ms (cache miss)
2075 silly packumentCache full:https://registry.npmjs.org/es-object-atoms set size:undefined disposed:false
2076 silly placeDep ROOT jsonfile@6.2.1 OK for: fs-extra@10.1.0 want: ^6.0.1
2077 silly placeDep ROOT universalify@2.0.1 OK for: fs-extra@10.1.0 want: ^2.0.0
2078 silly placeDep ROOT https-proxy-agent@7.0.6 OK for: gaxios@6.7.1 want: ^7.0.1
2079 silly placeDep node_modules/gaxios uuid@9.0.1 OK for: gaxios@6.7.1 want: ^9.0.1
2080 silly fetch manifest debug@4
2081 silly packumentCache full:https://registry.npmjs.org/debug cache-hit
2082 silly placeDep ROOT call-bind-apply-helpers@1.0.2 OK for: get-intrinsic@1.3.0 want: ^1.0.2
2083 silly placeDep ROOT es-define-property@1.0.1 OK for: get-intrinsic@1.3.0 want: ^1.0.1
2084 silly placeDep ROOT es-object-atoms@1.1.2 OK for: get-intrinsic@1.3.0 want: ^1.1.1
2085 silly placeDep ROOT function-bind@1.1.2 OK for: get-intrinsic@1.3.0 want: ^1.1.2
2086 silly placeDep ROOT get-proto@1.0.1 OK for: get-intrinsic@1.3.0 want: ^1.0.1
2087 silly placeDep ROOT gopd@1.2.0 OK for: get-intrinsic@1.3.0 want: ^1.2.0
2088 silly placeDep ROOT has-symbols@1.1.0 OK for: get-intrinsic@1.3.0 want: ^1.1.0
2089 silly placeDep ROOT math-intrinsics@1.1.0 OK for: get-intrinsic@1.3.0 want: ^1.1.0
2090 silly fetch manifest dunder-proto@^1.0.1
2091 silly packumentCache full:https://registry.npmjs.org/dunder-proto cache-miss
2092 http fetch GET 200 https://registry.npmjs.org/dunder-proto 295ms (cache miss)
2093 silly packumentCache full:https://registry.npmjs.org/dunder-proto set size:undefined disposed:false
2094 silly placeDep ROOT dunder-proto@1.0.1 OK for: get-proto@1.0.1 want: ^1.0.1
2095 silly placeDep ROOT foreground-child@3.3.1 OK for: glob@10.5.0 want: ^3.1.0
2096 silly placeDep ROOT jackspeak@3.4.3 OK for: glob@10.5.0 want: ^3.1.2
2097 silly placeDep node_modules/glob minimatch@9.0.9 OK for: glob@10.5.0 want: ^9.0.4
2098 silly placeDep ROOT minipass@7.1.3 OK for: glob@10.5.0 want: ^7.1.2
2099 silly placeDep ROOT package-json-from-dist@1.0.1 OK for: glob@10.5.0 want: ^1.0.0
2100 silly placeDep ROOT path-scurry@1.11.1 OK for: glob@10.5.0 want: ^1.11.1
2101 silly fetch manifest @isaacs/cliui@^8.0.2
2102 silly packumentCache full:https://registry.npmjs.org/@isaacs%2fcliui cache-miss
2103 silly fetch manifest @pkgjs/parseargs@^0.11.0
2104 silly packumentCache full:https://registry.npmjs.org/@pkgjs%2fparseargs cache-miss
2105 silly fetch manifest brace-expansion@^2.0.2
2106 silly packumentCache full:https://registry.npmjs.org/brace-expansion cache-miss
2107 silly fetch manifest lru-cache@^10.2.0
2108 silly packumentCache full:https://registry.npmjs.org/lru-cache cache-miss
2109 http cache https://registry.npmjs.org/lru-cache 10ms (cache hit)
2110 silly packumentCache full:https://registry.npmjs.org/lru-cache set size:456196 disposed:false
2111 http cache https://registry.npmjs.org/brace-expansion 14ms (cache hit)
2112 silly packumentCache full:https://registry.npmjs.org/brace-expansion set size:72152 disposed:false
2113 http fetch GET 200 https://registry.npmjs.org/@isaacs%2fcliui 61ms (cache miss)
2114 silly packumentCache full:https://registry.npmjs.org/@isaacs%2fcliui set size:undefined disposed:false
2115 http fetch GET 200 https://registry.npmjs.org/@pkgjs%2fparseargs 316ms (cache miss)
2116 silly packumentCache full:https://registry.npmjs.org/@pkgjs%2fparseargs set size:undefined disposed:false
2117 silly placeDep ROOT base64-js@1.5.1 OK for: google-auth-library@9.15.1 want: ^1.3.0
2118 silly placeDep ROOT ecdsa-sig-formatter@1.0.11 OK for: google-auth-library@9.15.1 want: ^1.0.11
2119 silly placeDep ROOT gcp-metadata@6.1.1 OK for: google-auth-library@9.15.1 want: ^6.1.0
2120 silly placeDep ROOT gtoken@7.1.0 OK for: google-auth-library@9.15.1 want: ^7.0.0
2121 silly placeDep ROOT jws@4.0.1 OK for: google-auth-library@9.15.1 want: ^4.0.0
2122 silly fetch manifest json-bigint@^1.0.0
2123 silly packumentCache full:https://registry.npmjs.org/json-bigint cache-miss
2124 silly fetch manifest google-logging-utils@^0.0.2
2125 silly packumentCache full:https://registry.npmjs.org/google-logging-utils cache-hit
2126 silly fetch manifest jwa@^2.0.1
2127 silly packumentCache full:https://registry.npmjs.org/jwa cache-miss
2128 http fetch GET 200 https://registry.npmjs.org/json-bigint 59ms (cache miss)
2129 silly packumentCache full:https://registry.npmjs.org/json-bigint set size:undefined disposed:false
2130 http fetch GET 200 https://registry.npmjs.org/jwa 59ms (cache miss)
2131 silly packumentCache full:https://registry.npmjs.org/jwa set size:undefined disposed:false
2132 silly placeDep ROOT google-logging-utils@0.0.2 OK for: gcp-metadata@6.1.1 want: ^0.0.2
2133 silly placeDep ROOT json-bigint@1.0.0 OK for: gcp-metadata@6.1.1 want: ^1.0.0
2134 silly fetch manifest bignumber.js@^9.0.0
2135 silly packumentCache full:https://registry.npmjs.org/bignumber.js cache-miss
2136 http fetch GET 200 https://registry.npmjs.org/bignumber.js 308ms (cache miss)
2137 silly packumentCache full:https://registry.npmjs.org/bignumber.js set size:undefined disposed:false
2138 silly placeDep ROOT @grpc/grpc-js@1.14.4 OK for: google-gax@5.0.6 want: ^1.12.6
2139 silly placeDep ROOT @grpc/proto-loader@0.8.1 OK for: google-gax@5.0.6 want: ^0.8.0
2140 silly placeDep ROOT duplexify@4.1.3 OK for: google-gax@5.0.6 want: ^4.1.3
2141 silly placeDep node_modules/google-gax google-auth-library@10.6.2 OK for: google-gax@5.0.6 want: ^10.1.0
2142 silly placeDep node_modules/google-gax google-logging-utils@1.1.3 OK for: google-gax@5.0.6 want: ^1.1.1
2143 silly placeDep node_modules/google-gax node-fetch@3.3.2 OK for: google-gax@5.0.6 want: ^3.3.2
2144 silly placeDep ROOT object-hash@3.0.0 OK for: google-gax@5.0.6 want: ^3.0.0
2145 silly placeDep ROOT proto3-json-serializer@3.0.4 OK for: google-gax@5.0.6 want: ^3.0.0
2146 silly placeDep ROOT protobufjs@7.6.2 OK for: google-gax@5.0.6 want: ^7.5.3
2147 silly placeDep ROOT retry-request@8.0.2 OK for: google-gax@5.0.6 want: ^8.0.0
2148 silly placeDep ROOT rimraf@5.0.10 OK for: google-gax@5.0.6 want: ^5.0.1
2149 silly fetch manifest @js-sdsl/ordered-map@^4.4.2
2150 silly packumentCache full:https://registry.npmjs.org/@js-sdsl%2fordered-map cache-miss
2151 silly fetch manifest lodash.camelcase@^4.3.0
2152 silly packumentCache full:https://registry.npmjs.org/lodash.camelcase cache-miss
2153 silly fetch manifest long@^5.0.0
2154 silly packumentCache full:https://registry.npmjs.org/long cache-miss
2155 silly fetch manifest protobufjs@^7.5.5
2156 silly packumentCache full:https://registry.npmjs.org/protobufjs cache-miss
2157 silly fetch manifest yargs@^17.7.2
2158 silly packumentCache full:https://registry.npmjs.org/yargs cache-miss
2159 silly fetch manifest end-of-stream@^1.4.1
2160 silly packumentCache full:https://registry.npmjs.org/end-of-stream cache-miss
2161 silly fetch manifest inherits@^2.0.3
2162 silly packumentCache full:https://registry.npmjs.org/inherits cache-miss
2163 silly fetch manifest readable-stream@^3.1.1
2164 silly packumentCache full:https://registry.npmjs.org/readable-stream cache-hit
2165 silly fetch manifest stream-shift@^1.0.2
2166 silly packumentCache full:https://registry.npmjs.org/stream-shift cache-miss
2167 silly fetch manifest data-uri-to-buffer@^4.0.0
2168 silly packumentCache full:https://registry.npmjs.org/data-uri-to-buffer cache-miss
2169 http cache https://registry.npmjs.org/inherits 14ms (cache hit)
2170 silly packumentCache full:https://registry.npmjs.org/inherits set size:12925 disposed:false
2171 silly fetch manifest fetch-blob@^3.1.4
2172 silly packumentCache full:https://registry.npmjs.org/fetch-blob cache-miss
2173 http cache https://registry.npmjs.org/protobufjs 17ms (cache hit)
2174 silly packumentCache full:https://registry.npmjs.org/protobufjs set size:693986 disposed:false
2175 silly fetch manifest formdata-polyfill@^4.0.10
2176 silly packumentCache full:https://registry.npmjs.org/formdata-polyfill cache-miss
2177 http fetch GET 200 https://registry.npmjs.org/end-of-stream 54ms (cache miss)
2178 silly packumentCache full:https://registry.npmjs.org/end-of-stream set size:undefined disposed:false
2179 silly fetch manifest protobufjs@^7.4.0
2180 silly packumentCache full:https://registry.npmjs.org/protobufjs cache-hit
2181 silly fetch manifest @protobufjs/aspromise@^1.1.2
2182 silly packumentCache full:https://registry.npmjs.org/@protobufjs%2faspromise cache-miss
2183 http fetch GET 200 https://registry.npmjs.org/data-uri-to-buffer 54ms (cache miss)
2184 silly packumentCache full:https://registry.npmjs.org/data-uri-to-buffer set size:undefined disposed:false
2185 silly fetch manifest @protobufjs/base64@^1.1.2
2186 silly packumentCache full:https://registry.npmjs.org/@protobufjs%2fbase64 cache-miss
2187 http fetch GET 200 https://registry.npmjs.org/formdata-polyfill 165ms (cache miss)
2188 silly packumentCache full:https://registry.npmjs.org/formdata-polyfill set size:undefined disposed:false
2189 silly fetch manifest @protobufjs/codegen@^2.0.5
2190 silly packumentCache full:https://registry.npmjs.org/@protobufjs%2fcodegen cache-miss
2191 http fetch GET 200 https://registry.npmjs.org/long 187ms (cache miss)
2192 silly packumentCache full:https://registry.npmjs.org/long set size:undefined disposed:false
2193 silly fetch manifest @protobufjs/eventemitter@^1.1.1
2194 silly packumentCache full:https://registry.npmjs.org/@protobufjs%2feventemitter cache-miss
2195 http fetch GET 200 https://registry.npmjs.org/yargs 221ms (cache miss)
2196 silly packumentCache full:https://registry.npmjs.org/yargs set size:undefined disposed:false
2197 silly fetch manifest @protobufjs/fetch@^1.1.1
2198 silly packumentCache full:https://registry.npmjs.org/@protobufjs%2ffetch cache-miss
2199 http fetch GET 200 https://registry.npmjs.org/stream-shift 348ms (cache miss)
2200 silly packumentCache full:https://registry.npmjs.org/stream-shift set size:undefined disposed:false
2201 silly fetch manifest @protobufjs/float@^1.0.2
2202 silly packumentCache full:https://registry.npmjs.org/@protobufjs%2ffloat cache-miss
2203 http fetch GET 200 https://registry.npmjs.org/fetch-blob 409ms (cache miss)
2204 silly packumentCache full:https://registry.npmjs.org/fetch-blob set size:undefined disposed:false
2205 silly fetch manifest @protobufjs/inquire@^1.1.2
2206 silly packumentCache full:https://registry.npmjs.org/@protobufjs%2finquire cache-miss
2207 http fetch GET 200 https://registry.npmjs.org/lodash.camelcase 432ms (cache miss)
2208 silly packumentCache full:https://registry.npmjs.org/lodash.camelcase set size:undefined disposed:false
2209 silly fetch manifest @protobufjs/path@^1.1.2
2210 silly packumentCache full:https://registry.npmjs.org/@protobufjs%2fpath cache-miss
2211 http fetch GET 200 https://registry.npmjs.org/@protobufjs%2fcodegen 590ms (cache miss)
2212 silly packumentCache full:https://registry.npmjs.org/@protobufjs%2fcodegen set size:undefined disposed:false
2213 silly fetch manifest @protobufjs/pool@^1.1.0
2214 silly packumentCache full:https://registry.npmjs.org/@protobufjs%2fpool cache-miss
2215 http fetch GET 200 https://registry.npmjs.org/@js-sdsl%2fordered-map 788ms (cache miss)
2216 silly packumentCache full:https://registry.npmjs.org/@js-sdsl%2fordered-map set size:undefined disposed:false
2217 silly fetch manifest @protobufjs/utf8@^1.1.1
2218 silly packumentCache full:https://registry.npmjs.org/@protobufjs%2futf8 cache-miss
2219 http fetch GET 200 https://registry.npmjs.org/@protobufjs%2fbase64 810ms (cache miss)
2220 silly packumentCache full:https://registry.npmjs.org/@protobufjs%2fbase64 set size:undefined disposed:false
2221 silly fetch manifest @types/node@>=13.7.0
2222 silly packumentCache full:https://registry.npmjs.org/@types%2fnode cache-miss
2223 http cache https://registry.npmjs.org/@types%2fnode 24ms (cache hit)
2224 silly packumentCache full:https://registry.npmjs.org/@types%2fnode set size:11015753 disposed:false
2225 silly fetch manifest long@^5.3.2
2226 silly packumentCache full:https://registry.npmjs.org/long cache-miss
2227 http fetch GET 200 https://registry.npmjs.org/@protobufjs%2faspromise 885ms (cache miss)
2228 silly packumentCache full:https://registry.npmjs.org/@protobufjs%2faspromise set size:undefined disposed:false
2229 silly fetch manifest teeny-request@^10.0.0
2230 silly packumentCache full:https://registry.npmjs.org/teeny-request cache-miss
2231 http cache https://registry.npmjs.org/long 4ms (cache hit)
2232 silly packumentCache full:https://registry.npmjs.org/long set size:80704 disposed:false
2233 http fetch GET 200 https://registry.npmjs.org/@protobufjs%2finquire 516ms (cache miss)
2234 silly packumentCache full:https://registry.npmjs.org/@protobufjs%2finquire set size:undefined disposed:false
2235 http fetch GET 200 https://registry.npmjs.org/@protobufjs%2feventemitter 753ms (cache miss)
2236 silly packumentCache full:https://registry.npmjs.org/@protobufjs%2feventemitter set size:undefined disposed:false
2237 http fetch GET 200 https://registry.npmjs.org/@protobufjs%2ffetch 783ms (cache miss)
2238 silly packumentCache full:https://registry.npmjs.org/@protobufjs%2ffetch set size:undefined disposed:false
2239 http fetch GET 200 https://registry.npmjs.org/@protobufjs%2ffloat 719ms (cache miss)
2240 silly packumentCache full:https://registry.npmjs.org/@protobufjs%2ffloat set size:undefined disposed:false
2241 http fetch GET 200 https://registry.npmjs.org/@protobufjs%2futf8 323ms (cache miss)
2242 silly packumentCache full:https://registry.npmjs.org/@protobufjs%2futf8 set size:undefined disposed:false
2243 http fetch GET 200 https://registry.npmjs.org/@protobufjs%2fpath 752ms (cache miss)
2244 silly packumentCache full:https://registry.npmjs.org/@protobufjs%2fpath set size:undefined disposed:false
2245 http fetch GET 200 https://registry.npmjs.org/teeny-request 307ms (cache miss)
2246 silly packumentCache full:https://registry.npmjs.org/teeny-request set size:undefined disposed:false
2247 http fetch GET 200 https://registry.npmjs.org/@protobufjs%2fpool 758ms (cache miss)
2248 silly packumentCache full:https://registry.npmjs.org/@protobufjs%2fpool set size:undefined disposed:false
2249 silly placeDep ROOT @js-sdsl/ordered-map@4.4.2 OK for: @grpc/grpc-js@1.14.4 want: ^4.4.2
2250 silly placeDep ROOT lodash.camelcase@4.3.0 OK for: @grpc/proto-loader@0.8.1 want: ^4.3.0
2251 silly placeDep ROOT long@5.3.2 OK for: @grpc/proto-loader@0.8.1 want: ^5.0.0
2252 silly placeDep ROOT yargs@17.7.2 OK for: @grpc/proto-loader@0.8.1 want: ^17.7.2
2253 silly fetch manifest y18n@^5.0.5
2254 silly packumentCache full:https://registry.npmjs.org/y18n cache-miss
2255 silly fetch manifest cliui@^8.0.1
2256 silly packumentCache full:https://registry.npmjs.org/cliui cache-miss
2257 silly fetch manifest escalade@^3.1.1
2258 silly packumentCache full:https://registry.npmjs.org/escalade cache-miss
2259 silly fetch manifest yargs-parser@^21.1.1
2260 silly packumentCache full:https://registry.npmjs.org/yargs-parser cache-miss
2261 silly fetch manifest get-caller-file@^2.0.5
2262 silly packumentCache full:https://registry.npmjs.org/get-caller-file cache-miss
2263 silly fetch manifest require-directory@^2.1.1
2264 silly packumentCache full:https://registry.npmjs.org/require-directory cache-miss
2265 http fetch GET 200 https://registry.npmjs.org/escalade 53ms (cache miss)
2266 silly packumentCache full:https://registry.npmjs.org/escalade set size:undefined disposed:false
2267 http fetch GET 200 https://registry.npmjs.org/yargs-parser 83ms (cache miss)
2268 silly packumentCache full:https://registry.npmjs.org/yargs-parser set size:undefined disposed:false
2269 http fetch GET 200 https://registry.npmjs.org/cliui 101ms (cache miss)
2270 silly packumentCache full:https://registry.npmjs.org/cliui set size:undefined disposed:false
2271 http fetch GET 200 https://registry.npmjs.org/get-caller-file 139ms (cache miss)
2272 silly packumentCache full:https://registry.npmjs.org/get-caller-file set size:undefined disposed:false
2273 http fetch GET 200 https://registry.npmjs.org/y18n 146ms (cache miss)
2274 silly packumentCache full:https://registry.npmjs.org/y18n set size:undefined disposed:false
2275 http fetch GET 200 https://registry.npmjs.org/require-directory 397ms (cache miss)
2276 silly packumentCache full:https://registry.npmjs.org/require-directory set size:undefined disposed:false
2277 silly placeDep ROOT end-of-stream@1.4.5 OK for: duplexify@4.1.3 want: ^1.4.1
2278 silly placeDep ROOT inherits@2.0.4 OK for: duplexify@4.1.3 want: ^2.0.3
2279 silly placeDep node_modules/duplexify readable-stream@3.6.2 OK for: duplexify@4.1.3 want: ^3.1.1
2280 silly placeDep ROOT stream-shift@1.0.3 OK for: duplexify@4.1.3 want: ^1.0.2
2281 silly fetch manifest string_decoder@^1.1.1
2282 silly packumentCache full:https://registry.npmjs.org/string_decoder cache-miss
2283 silly fetch manifest util-deprecate@^1.0.1
2284 silly packumentCache full:https://registry.npmjs.org/util-deprecate cache-miss
2285 http cache https://registry.npmjs.org/string_decoder 7ms (cache hit)
2286 silly packumentCache full:https://registry.npmjs.org/string_decoder set size:28441 disposed:false
2287 http fetch GET 200 https://registry.npmjs.org/util-deprecate 53ms (cache miss)
2288 silly packumentCache full:https://registry.npmjs.org/util-deprecate set size:undefined disposed:false
2289 silly placeDep ROOT once@1.4.0 OK for: end-of-stream@1.4.5 want: ^1.4.0
2290 silly fetch manifest wrappy@1
2291 silly packumentCache full:https://registry.npmjs.org/wrappy cache-miss
2292 http fetch GET 200 https://registry.npmjs.org/wrappy 54ms (cache miss)
2293 silly packumentCache full:https://registry.npmjs.org/wrappy set size:undefined disposed:false
2294 silly placeDep node_modules/googleapis-common gaxios@7.1.4 OK for: googleapis-common@8.0.1 want: ^7.0.0-rc.4
2295 silly placeDep node_modules/googleapis-common google-auth-library@10.6.2 OK for: googleapis-common@8.0.1 want: ^10.1.0
2296 silly placeDep ROOT url-template@2.0.8 OK for: googleapis-common@8.0.1 want: ^2.0.8
2297 silly placeDep ROOT toidentifier@1.0.1 OK for: http-errors@2.0.1 want: ~1.0.1
2298 silly placeDep ROOT agent-base@7.1.4 OK for: https-proxy-agent@7.0.6 want: ^7.1.2
2299 silly placeDep node_modules/https-proxy-agent debug@4.4.3 OK for: https-proxy-agent@7.0.6 want: 4
2300 silly fetch manifest ms@^2.1.3
2301 silly packumentCache full:https://registry.npmjs.org/ms cache-hit
2302 silly placeDep ROOT safer-buffer@2.1.2 OK for: iconv-lite@0.7.2 want: >= 2.1.2 < 3.0.0
2303 silly placeDep ROOT binary-extensions@2.3.0 OK for: is-binary-path@2.1.0 want: ^2.0.0
2304 silly placeDep ROOT is-extglob@2.1.1 OK for: is-glob@4.0.3 want: ^2.1.1
2305 silly placeDep ROOT @isaacs/cliui@8.0.2 OK for: jackspeak@3.4.3 want: ^8.0.2
2306 silly placeDep ROOT @pkgjs/parseargs@0.11.0 OK for: jackspeak@3.4.3 want: ^0.11.0
2307 silly fetch manifest wrap-ansi@^8.1.0
2308 silly packumentCache full:https://registry.npmjs.org/wrap-ansi cache-miss
2309 silly fetch manifest strip-ansi@^7.0.1
2310 silly packumentCache full:https://registry.npmjs.org/strip-ansi cache-hit
2311 silly fetch manifest string-width@^5.1.2
2312 silly packumentCache full:https://registry.npmjs.org/string-width cache-hit
2313 silly fetch manifest wrap-ansi-cjs@npm:wrap-ansi@^7.0.0
2314 silly packumentCache full:https://registry.npmjs.org/wrap-ansi cache-miss
2315 silly fetch manifest strip-ansi-cjs@npm:strip-ansi@^6.0.1
2316 silly packumentCache full:https://registry.npmjs.org/strip-ansi cache-hit
2317 silly fetch manifest string-width-cjs@npm:string-width@^4.2.0
2318 silly packumentCache full:https://registry.npmjs.org/string-width cache-hit
2319 http cache https://registry.npmjs.org/wrap-ansi 3ms (cache hit)
2320 silly packumentCache full:https://registry.npmjs.org/wrap-ansi set size:55299 disposed:false
2321 http cache https://registry.npmjs.org/wrap-ansi 4ms (cache hit)
2322 silly packumentCache full:https://registry.npmjs.org/wrap-ansi set size:55299 disposed:false
2323 silly packumentCache full:https://registry.npmjs.org/wrap-ansi dispose
2324 silly placeDep node_modules/@isaacs/cliui string-width@5.1.2 OK for: @isaacs/cliui@8.0.2 want: ^5.1.2
2325 silly placeDep ROOT string-width-cjs@4.2.3 OK for: @isaacs/cliui@8.0.2 want: npm:string-width@^4.2.0
2326 silly placeDep ROOT strip-ansi@7.2.0 OK for: @isaacs/cliui@8.0.2 want: ^7.0.1
2327 silly placeDep ROOT strip-ansi-cjs@6.0.1 OK for: @isaacs/cliui@8.0.2 want: npm:strip-ansi@^6.0.1
2328 silly placeDep node_modules/@isaacs/cliui wrap-ansi@8.1.0 OK for: @isaacs/cliui@8.0.2 want: ^8.1.0
2329 silly placeDep ROOT wrap-ansi-cjs@7.0.0 OK for: @isaacs/cliui@8.0.2 want: npm:wrap-ansi@^7.0.0
2330 silly fetch manifest emoji-regex@^9.2.2
2331 silly packumentCache full:https://registry.npmjs.org/emoji-regex cache-miss
2332 silly fetch manifest eastasianwidth@^0.2.0
2333 silly packumentCache full:https://registry.npmjs.org/eastasianwidth cache-miss
2334 silly fetch manifest ansi-regex@^6.2.2
2335 silly packumentCache full:https://registry.npmjs.org/ansi-regex cache-miss
2336 silly fetch manifest ansi-regex@^5.0.1
2337 silly packumentCache full:https://registry.npmjs.org/ansi-regex cache-miss
2338 silly fetch manifest ansi-styles@^6.1.0
2339 silly packumentCache full:https://registry.npmjs.org/ansi-styles cache-miss
2340 http cache https://registry.npmjs.org/ansi-styles 4ms (cache hit)
2341 silly packumentCache full:https://registry.npmjs.org/ansi-styles set size:63233 disposed:false
2342 http cache https://registry.npmjs.org/emoji-regex 6ms (cache hit)
2343 silly packumentCache full:https://registry.npmjs.org/emoji-regex set size:89064 disposed:false
2344 http cache https://registry.npmjs.org/ansi-regex 6ms (cache hit)
2345 silly packumentCache full:https://registry.npmjs.org/ansi-regex set size:43572 disposed:false
2346 http cache https://registry.npmjs.org/ansi-regex 6ms (cache hit)
2347 silly packumentCache full:https://registry.npmjs.org/ansi-regex set size:43572 disposed:false
2348 silly packumentCache full:https://registry.npmjs.org/ansi-regex dispose
2349 http fetch GET 200 https://registry.npmjs.org/eastasianwidth 47ms (cache miss)
2350 silly packumentCache full:https://registry.npmjs.org/eastasianwidth set size:undefined disposed:false
2351 silly placeDep ROOT argparse@1.0.10 OK for: js-yaml@3.14.2 want: ^1.0.7
2352 silly placeDep ROOT esprima@4.0.1 OK for: js-yaml@3.14.2 want: ^4.0.0
2353 silly fetch manifest sprintf-js@~1.0.2
2354 silly packumentCache full:https://registry.npmjs.org/sprintf-js cache-miss
2355 http fetch GET 200 https://registry.npmjs.org/sprintf-js 389ms (cache miss)
2356 silly packumentCache full:https://registry.npmjs.org/sprintf-js set size:undefined disposed:false
2357 silly placeDep ROOT sprintf-js@1.0.3 OK for: argparse@1.0.10 want: ~1.0.2
2358 silly placeDep ROOT bignumber.js@9.3.1 OK for: json-bigint@1.0.0 want: ^9.0.0
2359 silly placeDep ROOT jju@1.4.0 OK for: json-parse-helpfulerror@1.0.3 want: ^1.1.0
2360 silly placeDep ROOT lodash.includes@4.3.0 OK for: jsonwebtoken@9.0.3 want: ^4.3.0
2361 silly placeDep ROOT lodash.isboolean@3.0.3 OK for: jsonwebtoken@9.0.3 want: ^3.0.3
2362 silly placeDep ROOT lodash.isinteger@4.0.4 OK for: jsonwebtoken@9.0.3 want: ^4.0.4
2363 silly placeDep ROOT lodash.isnumber@3.0.3 OK for: jsonwebtoken@9.0.3 want: ^3.0.3
2364 silly placeDep ROOT lodash.isplainobject@4.0.6 OK for: jsonwebtoken@9.0.3 want: ^4.0.6
2365 silly placeDep ROOT lodash.isstring@4.0.1 OK for: jsonwebtoken@9.0.3 want: ^4.0.1
2366 silly placeDep ROOT lodash.once@4.1.1 OK for: jsonwebtoken@9.0.3 want: ^4.0.0
2367 silly placeDep node_modules/jsonwebtoken ms@2.1.3 OK for: jsonwebtoken@9.0.3 want: ^2.1.1
2368 silly placeDep ROOT jwa@2.0.1 OK for: jws@4.0.1 want: ^2.0.1
2369 silly fetch manifest buffer-equal-constant-time@^1.0.1
2370 silly packumentCache full:https://registry.npmjs.org/buffer-equal-constant-time cache-miss
2371 http fetch GET 200 https://registry.npmjs.org/buffer-equal-constant-time 50ms (cache miss)
2372 silly packumentCache full:https://registry.npmjs.org/buffer-equal-constant-time set size:undefined disposed:false
2373 silly placeDep ROOT buffer-equal-constant-time@1.0.1 OK for: jwa@2.0.1 want: ^1.0.1
2374 silly placeDep node_modules/lazystream readable-stream@2.3.8 OK for: lazystream@1.0.1 want: ^2.0.5
2375 silly fetch manifest isarray@~1.0.0
2376 silly packumentCache full:https://registry.npmjs.org/isarray cache-miss
2377 silly fetch manifest safe-buffer@~5.1.1
2378 silly packumentCache full:https://registry.npmjs.org/safe-buffer cache-miss
2379 silly fetch manifest core-util-is@~1.0.0
2380 silly packumentCache full:https://registry.npmjs.org/core-util-is cache-miss
2381 silly fetch manifest string_decoder@~1.1.1
2382 silly packumentCache full:https://registry.npmjs.org/string_decoder cache-hit
2383 silly fetch manifest util-deprecate@~1.0.1
2384 silly packumentCache full:https://registry.npmjs.org/util-deprecate cache-miss
2385 silly fetch manifest process-nextick-args@~2.0.0
2386 silly packumentCache full:https://registry.npmjs.org/process-nextick-args cache-miss
2387 http cache https://registry.npmjs.org/util-deprecate 10ms (cache hit)
2388 silly packumentCache full:https://registry.npmjs.org/util-deprecate set size:6674 disposed:false
2389 http cache https://registry.npmjs.org/safe-buffer 12ms (cache hit)
2390 silly packumentCache full:https://registry.npmjs.org/safe-buffer set size:41183 disposed:false
2391 http fetch GET 200 https://registry.npmjs.org/isarray 56ms (cache miss)
2392 silly packumentCache full:https://registry.npmjs.org/isarray set size:undefined disposed:false
2393 http fetch GET 200 https://registry.npmjs.org/process-nextick-args 56ms (cache miss)
2394 silly packumentCache full:https://registry.npmjs.org/process-nextick-args set size:undefined disposed:false
2395 http fetch GET 200 https://registry.npmjs.org/core-util-is 99ms (cache miss)
2396 silly packumentCache full:https://registry.npmjs.org/core-util-is set size:undefined disposed:false
2397 silly placeDep ROOT libsodium@0.7.16 OK for: libsodium-wrappers@0.7.16 want: ^0.7.16
2398 silly placeDep node_modules/make-dir semver@6.3.1 OK for: make-dir@3.1.0 want: ^6.0.0
2399 silly placeDep ROOT ansi-escapes@7.3.0 OK for: marked-terminal@7.3.0 want: ^7.0.0
2400 silly placeDep ROOT ansi-regex@6.2.2 OK for: marked-terminal@7.3.0 want: ^6.1.0
2401 silly placeDep ROOT chalk@5.6.2 OK for: marked-terminal@7.3.0 want: ^5.4.1
2402 silly placeDep ROOT cli-highlight@2.1.11 OK for: marked-terminal@7.3.0 want: ^2.1.11
2403 silly placeDep ROOT node-emoji@2.2.0 OK for: marked-terminal@7.3.0 want: ^2.2.0
2404 silly placeDep ROOT supports-hyperlinks@3.2.0 OK for: marked-terminal@7.3.0 want: ^3.1.0
2405 silly fetch manifest environment@^1.0.0
2406 silly packumentCache full:https://registry.npmjs.org/environment cache-miss
2407 silly fetch manifest chalk@^4.0.0
2408 silly packumentCache full:https://registry.npmjs.org/chalk cache-hit
2409 silly fetch manifest highlight.js@^10.7.1
2410 silly packumentCache full:https://registry.npmjs.org/highlight.js cache-miss
2411 silly fetch manifest mz@^2.4.0
2412 silly packumentCache full:https://registry.npmjs.org/mz cache-miss
2413 silly fetch manifest parse5@^5.1.1
2414 silly packumentCache full:https://registry.npmjs.org/parse5 cache-miss
2415 silly fetch manifest parse5-htmlparser2-tree-adapter@^6.0.0
2416 silly packumentCache full:https://registry.npmjs.org/parse5-htmlparser2-tree-adapter cache-miss
2417 silly fetch manifest yargs@^16.0.0
2418 silly packumentCache full:https://registry.npmjs.org/yargs cache-miss
2419 silly fetch manifest @sindresorhus/is@^4.6.0
2420 silly packumentCache full:https://registry.npmjs.org/@sindresorhus%2fis cache-miss
2421 silly fetch manifest char-regex@^1.0.2
2422 silly packumentCache full:https://registry.npmjs.org/char-regex cache-miss
2423 silly fetch manifest emojilib@^2.4.0
2424 silly packumentCache full:https://registry.npmjs.org/emojilib cache-miss
2425 http cache https://registry.npmjs.org/yargs 13ms (cache hit)
2426 silly packumentCache full:https://registry.npmjs.org/yargs set size:743056 disposed:false
2427 silly fetch manifest skin-tone@^2.0.0
2428 silly packumentCache full:https://registry.npmjs.org/skin-tone cache-miss
2429 http fetch GET 200 https://registry.npmjs.org/mz 82ms (cache miss)
2430 silly packumentCache full:https://registry.npmjs.org/mz set size:undefined disposed:false
2431 silly fetch manifest has-flag@^4.0.0
2432 silly packumentCache full:https://registry.npmjs.org/has-flag cache-miss
2433 http fetch GET 200 https://registry.npmjs.org/parse5-htmlparser2-tree-adapter 160ms (cache miss)
2434 silly packumentCache full:https://registry.npmjs.org/parse5-htmlparser2-tree-adapter set size:undefined disposed:false
2435 silly fetch manifest supports-color@^7.0.0
2436 silly packumentCache full:https://registry.npmjs.org/supports-color cache-miss
2437 http fetch GET 200 https://registry.npmjs.org/parse5 169ms (cache miss)
2438 silly packumentCache full:https://registry.npmjs.org/parse5 set size:undefined disposed:false
2439 http fetch GET 200 https://registry.npmjs.org/char-regex 171ms (cache miss)
2440 silly packumentCache full:https://registry.npmjs.org/char-regex set size:undefined disposed:false
2441 http fetch GET 200 https://registry.npmjs.org/has-flag 90ms (cache miss)
2442 silly packumentCache full:https://registry.npmjs.org/has-flag set size:undefined disposed:false
2443 http fetch GET 200 https://registry.npmjs.org/supports-color 53ms (cache miss)
2444 silly packumentCache full:https://registry.npmjs.org/supports-color set size:undefined disposed:false
2445 http fetch GET 200 https://registry.npmjs.org/environment 300ms (cache miss)
2446 silly packumentCache full:https://registry.npmjs.org/environment set size:undefined disposed:false
2447 http fetch GET 200 https://registry.npmjs.org/highlight.js 343ms (cache miss)
2448 silly packumentCache full:https://registry.npmjs.org/highlight.js set size:undefined disposed:false
2449 http fetch GET 200 https://registry.npmjs.org/skin-tone 412ms (cache miss)
2450 silly packumentCache full:https://registry.npmjs.org/skin-tone set size:undefined disposed:false
2451 http fetch GET 200 https://registry.npmjs.org/emojilib 429ms (cache miss)
2452 silly packumentCache full:https://registry.npmjs.org/emojilib set size:undefined disposed:false
2453 http fetch GET 200 https://registry.npmjs.org/@sindresorhus%2fis 652ms (cache miss)
2454 silly packumentCache full:https://registry.npmjs.org/@sindresorhus%2fis set size:undefined disposed:false
2455 silly placeDep ROOT environment@1.1.0 OK for: ansi-escapes@7.3.0 want: ^1.0.0
2456 silly placeDep node_modules/cli-highlight chalk@4.1.2 OK for: cli-highlight@2.1.11 want: ^4.0.0
2457 silly placeDep ROOT highlight.js@10.7.3 OK for: cli-highlight@2.1.11 want: ^10.7.1
2458 silly placeDep ROOT mz@2.7.0 OK for: cli-highlight@2.1.11 want: ^2.4.0
2459 silly placeDep ROOT parse5@5.1.1 OK for: cli-highlight@2.1.11 want: ^5.1.1
2460 silly placeDep ROOT parse5-htmlparser2-tree-adapter@6.0.1 OK for: cli-highlight@2.1.11 want: ^6.0.0
2461 silly placeDep node_modules/cli-highlight yargs@16.2.0 OK for: cli-highlight@2.1.11 want: ^16.0.0
2462 silly fetch manifest ansi-styles@^4.1.0
2463 silly packumentCache full:https://registry.npmjs.org/ansi-styles cache-hit
2464 silly fetch manifest supports-color@^7.1.0
2465 silly packumentCache full:https://registry.npmjs.org/supports-color cache-miss
2466 silly fetch manifest any-promise@^1.0.0
2467 silly packumentCache full:https://registry.npmjs.org/any-promise cache-miss
2468 silly fetch manifest thenify-all@^1.0.0
2469 silly packumentCache full:https://registry.npmjs.org/thenify-all cache-miss
2470 silly fetch manifest parse5@^6.0.1
2471 silly packumentCache full:https://registry.npmjs.org/parse5 cache-miss
2472 silly fetch manifest cliui@^7.0.2
2473 silly packumentCache full:https://registry.npmjs.org/cliui cache-miss
2474 silly fetch manifest yargs-parser@^20.2.2
2475 silly packumentCache full:https://registry.npmjs.org/yargs-parser cache-miss
2476 http cache https://registry.npmjs.org/parse5 8ms (cache hit)
2477 silly packumentCache full:https://registry.npmjs.org/parse5 set size:123116 disposed:false
2478 http cache https://registry.npmjs.org/cliui 10ms (cache hit)
2479 silly packumentCache full:https://registry.npmjs.org/cliui set size:69089 disposed:false
2480 http cache https://registry.npmjs.org/yargs-parser 11ms (cache hit)
2481 silly packumentCache full:https://registry.npmjs.org/yargs-parser set size:238630 disposed:false
2482 http cache https://registry.npmjs.org/supports-color 14ms (cache hit)
2483 silly packumentCache full:https://registry.npmjs.org/supports-color set size:118680 disposed:false
2484 http fetch GET 200 https://registry.npmjs.org/thenify-all 393ms (cache miss)
2485 silly packumentCache full:https://registry.npmjs.org/thenify-all set size:undefined disposed:false
2486 http fetch GET 200 https://registry.npmjs.org/any-promise 394ms (cache miss)
2487 silly packumentCache full:https://registry.npmjs.org/any-promise set size:undefined disposed:false
2488 silly placeDep ROOT mime-db@1.52.0 OK for: mime-types@2.1.35 want: 1.52.0
2489 silly placeDep ROOT brace-expansion@1.1.15 OK for: minimatch@3.1.5 want: ^1.1.7
2490 silly fetch manifest balanced-match@^1.0.0
2491 silly packumentCache full:https://registry.npmjs.org/balanced-match cache-miss
2492 silly fetch manifest concat-map@0.0.1
2493 silly packumentCache full:https://registry.npmjs.org/concat-map cache-miss
2494 http fetch GET 200 https://registry.npmjs.org/balanced-match 57ms (cache miss)
2495 silly packumentCache full:https://registry.npmjs.org/balanced-match set size:undefined disposed:false
2496 http fetch GET 200 https://registry.npmjs.org/concat-map 59ms (cache miss)
2497 silly packumentCache full:https://registry.npmjs.org/concat-map set size:undefined disposed:false
2498 silly placeDep ROOT balanced-match@1.0.2 OK for: brace-expansion@1.1.15 want: ^1.0.0
2499 silly placeDep ROOT concat-map@0.0.1 OK for: brace-expansion@1.1.15 want: 0.0.1
2500 silly placeDep ROOT basic-auth@2.0.1 OK for: morgan@1.11.0 want: ~2.0.1
2501 silly placeDep ROOT on-headers@1.1.0 OK for: morgan@1.11.0 want: ~1.1.0
2502 silly fetch manifest safe-buffer@5.1.2
2503 silly packumentCache full:https://registry.npmjs.org/safe-buffer cache-hit
2504 silly placeDep node_modules/basic-auth safe-buffer@5.1.2 OK for: basic-auth@2.0.1 want: 5.1.2
2505 silly placeDep ROOT any-promise@1.3.0 OK for: mz@2.7.0 want: ^1.0.0
2506 silly placeDep ROOT thenify-all@1.6.0 OK for: mz@2.7.0 want: ^1.0.0
2507 silly fetch manifest thenify@>= 3.1.0 < 4
2508 silly packumentCache full:https://registry.npmjs.org/thenify cache-miss
2509 http fetch GET 200 https://registry.npmjs.org/thenify 299ms (cache miss)
2510 silly packumentCache full:https://registry.npmjs.org/thenify set size:undefined disposed:false
2511 silly placeDep ROOT @sindresorhus/is@4.6.0 OK for: node-emoji@2.2.0 want: ^4.6.0
2512 silly placeDep ROOT char-regex@1.0.2 OK for: node-emoji@2.2.0 want: ^1.0.2
2513 silly placeDep ROOT emojilib@2.4.0 OK for: node-emoji@2.2.0 want: ^2.4.0
2514 silly placeDep ROOT skin-tone@2.0.0 OK for: node-emoji@2.2.0 want: ^2.0.0
2515 silly fetch manifest unicode-emoji-modifier-base@^1.0.0
2516 silly packumentCache full:https://registry.npmjs.org/unicode-emoji-modifier-base cache-miss
2517 http fetch GET https://registry.npmjs.org/unicode-emoji-modifier-base attempt 1 failed with SELF_SIGNED_CERT_IN_CHAIN
2518 http fetch GET https://registry.npmjs.org/unicode-emoji-modifier-base attempt 2 failed with SELF_SIGNED_CERT_IN_CHAIN
2519 http fetch GET https://registry.npmjs.org/unicode-emoji-modifier-base attempt 3 failed with SELF_SIGNED_CERT_IN_CHAIN
2520 silly placeDep ROOT whatwg-url@5.0.0 OK for: node-fetch@2.7.0 want: ^5.0.0
2521 silly fetch manifest tr46@~0.0.3
2522 silly packumentCache full:https://registry.npmjs.org/tr46 cache-miss
2523 silly fetch manifest webidl-conversions@^3.0.0
2524 silly packumentCache full:https://registry.npmjs.org/webidl-conversions cache-miss
2525 http fetch GET https://registry.npmjs.org/tr46 attempt 1 failed with SELF_SIGNED_CERT_IN_CHAIN
2526 http fetch GET https://registry.npmjs.org/webidl-conversions attempt 1 failed with SELF_SIGNED_CERT_IN_CHAIN
2527 http fetch GET https://registry.npmjs.org/webidl-conversions attempt 2 failed with SELF_SIGNED_CERT_IN_CHAIN
2528 http fetch GET https://registry.npmjs.org/tr46 attempt 2 failed with SELF_SIGNED_CERT_IN_CHAIN
