0 verbose cli /usr/local/bin/node /usr/local/lib/node_modules/npm/bin/npm-cli.js
1 info using npm@11.6.1
2 info using node@v24.11.0
3 silly config load:file:/usr/local/lib/node_modules/npm/npmrc
4 silly config load:file:/Users/sachinsrivastava/CardioPlus/.npmrc
5 silly config load:file:/Users/sachinsrivastava/.npmrc
6 silly config load:file:/usr/local/etc/npmrc
7 verbose title npm exec firebase-tools@latest projects:create cardio-konnect-sachin-1 --display-name CardioKonnect --non-interactive
8 verbose argv "exec" "--yes" "--" "firebase-tools@latest" "projects:create" "cardio-konnect-sachin-1" "--display-name" "CardioKonnect" "--non-interactive"
9 verbose logfile logs-max:10 dir:/Users/sachinsrivastava/CardioPlus/.npm_cache/_logs/2026-06-04T01_06_19_441Z-
10 verbose logfile /Users/sachinsrivastava/CardioPlus/.npm_cache/_logs/2026-06-04T01_06_19_441Z-debug-0.log
11 silly logfile done cleaning log files
12 silly packumentCache heap:4496293888 maxSize:1124073472 maxEntrySize:562036736
13 http fetch GET 200 https://registry.npmjs.org/firebase-tools 186ms (cache revalidated)
14 silly packumentCache heap:4496293888 maxSize:1124073472 maxEntrySize:562036736
15 silly packumentCache heap:4496293888 maxSize:1124073472 maxEntrySize:562036736
16 silly idealTree buildDeps
17 silly fetch manifest firebase-tools@15.19.1
18 silly packumentCache full:https://registry.npmjs.org/firebase-tools cache-miss
19 http cache https://registry.npmjs.org/firebase-tools 4ms (cache hit)
20 silly packumentCache full:https://registry.npmjs.org/firebase-tools set size:2413018 disposed:false
21 silly placeDep ROOT firebase-tools@15.19.1 OK for:  want: 15.19.1
22 silly fetch manifest @apphosting/common@^0.0.8
23 silly packumentCache full:https://registry.npmjs.org/@apphosting%2fcommon cache-miss
24 silly fetch manifest @electric-sql/pglite@^0.3.3
25 silly packumentCache full:https://registry.npmjs.org/@electric-sql%2fpglite cache-miss
26 silly fetch manifest @electric-sql/pglite-tools@^0.2.8
27 silly packumentCache full:https://registry.npmjs.org/@electric-sql%2fpglite-tools cache-miss
28 silly fetch manifest @google-cloud/cloud-sql-connector@^1.3.3
29 silly packumentCache full:https://registry.npmjs.org/@google-cloud%2fcloud-sql-connector cache-miss
30 silly fetch manifest @google-cloud/pubsub@^5.2.0
31 silly packumentCache full:https://registry.npmjs.org/@google-cloud%2fpubsub cache-miss
32 silly fetch manifest @inquirer/prompts@^7.10.1
33 silly packumentCache full:https://registry.npmjs.org/@inquirer%2fprompts cache-miss
34 silly fetch manifest @modelcontextprotocol/sdk@^1.24.0
35 silly packumentCache full:https://registry.npmjs.org/@modelcontextprotocol%2fsdk cache-miss
36 silly fetch manifest abort-controller@^3.0.0
37 silly packumentCache full:https://registry.npmjs.org/abort-controller cache-miss
38 silly fetch manifest ajv@^8.17.1
39 silly packumentCache full:https://registry.npmjs.org/ajv cache-miss
40 http cache https://registry.npmjs.org/abort-controller 4ms (cache hit)
41 silly packumentCache full:https://registry.npmjs.org/abort-controller set size:47272 disposed:false
42 silly fetch manifest ajv-formats@3.0.1
43 silly packumentCache full:https://registry.npmjs.org/ajv-formats cache-miss
44 http cache https://registry.npmjs.org/@electric-sql%2fpglite-tools 6ms (cache hit)
45 silly packumentCache full:https://registry.npmjs.org/@electric-sql%2fpglite-tools set size:84789 disposed:false
46 silly fetch manifest archiver@^7.0.0
47 silly packumentCache full:https://registry.npmjs.org/archiver cache-miss
48 http cache https://registry.npmjs.org/@google-cloud%2fpubsub 7ms (cache hit)
49 silly packumentCache full:https://registry.npmjs.org/@google-cloud%2fpubsub set size:766635 disposed:false
50 silly fetch manifest async-lock@1.4.1
51 silly packumentCache full:https://registry.npmjs.org/async-lock cache-miss
52 http cache https://registry.npmjs.org/ajv 10ms (cache hit)
53 silly packumentCache full:https://registry.npmjs.org/ajv set size:1142658 disposed:false
54 silly fetch manifest body-parser@^1.19.0
55 silly packumentCache full:https://registry.npmjs.org/body-parser cache-miss
56 http cache https://registry.npmjs.org/@google-cloud%2fcloud-sql-connector 14ms (cache hit)
57 silly packumentCache full:https://registry.npmjs.org/@google-cloud%2fcloud-sql-connector set size:152711 disposed:false
58 silly fetch manifest chokidar@^3.6.0
59 silly packumentCache full:https://registry.npmjs.org/chokidar cache-miss
60 http cache https://registry.npmjs.org/@modelcontextprotocol%2fsdk 14ms (cache hit)
61 silly packumentCache full:https://registry.npmjs.org/@modelcontextprotocol%2fsdk set size:295652 disposed:false
62 silly fetch manifest cjson@^0.3.1
63 silly packumentCache full:https://registry.npmjs.org/cjson cache-miss
64 http cache https://registry.npmjs.org/@inquirer%2fprompts 17ms (cache hit)
65 silly packumentCache full:https://registry.npmjs.org/@inquirer%2fprompts set size:331361 disposed:false
66 silly fetch manifest cli-table3@0.6.5
67 silly packumentCache full:https://registry.npmjs.org/cli-table3 cache-miss
68 http cache https://registry.npmjs.org/@apphosting%2fcommon 18ms (cache hit)
69 silly packumentCache full:https://registry.npmjs.org/@apphosting%2fcommon set size:66674 disposed:false
70 silly fetch manifest colorette@^2.0.19
71 silly packumentCache full:https://registry.npmjs.org/colorette cache-miss
72 http cache https://registry.npmjs.org/@electric-sql%2fpglite 19ms (cache hit)
73 silly packumentCache full:https://registry.npmjs.org/@electric-sql%2fpglite set size:327984 disposed:false
74 silly fetch manifest commander@^5.1.0
75 silly packumentCache full:https://registry.npmjs.org/commander cache-miss
76 http cache https://registry.npmjs.org/ajv-formats 16ms (cache hit)
77 silly packumentCache full:https://registry.npmjs.org/ajv-formats set size:141264 disposed:false
78 silly fetch manifest configstore@^5.0.1
79 silly packumentCache full:https://registry.npmjs.org/configstore cache-miss
80 http cache https://registry.npmjs.org/cjson 7ms (cache hit)
81 silly packumentCache full:https://registry.npmjs.org/cjson set size:24554 disposed:false
82 silly fetch manifest cors@^2.8.5
83 silly packumentCache full:https://registry.npmjs.org/cors cache-miss
84 http cache https://registry.npmjs.org/archiver 17ms (cache hit)
85 silly packumentCache full:https://registry.npmjs.org/archiver set size:169973 disposed:false
86 silly fetch manifest cross-env@^7.0.3
87 silly packumentCache full:https://registry.npmjs.org/cross-env cache-miss
88 http cache https://registry.npmjs.org/body-parser 11ms (cache hit)
89 silly packumentCache full:https://registry.npmjs.org/body-parser set size:199299 disposed:false
90 silly fetch manifest cross-spawn@^7.0.5
91 silly packumentCache full:https://registry.npmjs.org/cross-spawn cache-miss
92 http cache https://registry.npmjs.org/chokidar 11ms (cache hit)
93 silly packumentCache full:https://registry.npmjs.org/chokidar set size:255902 disposed:false
94 silly fetch manifest csv-parse@^5.0.4
95 silly packumentCache full:https://registry.npmjs.org/csv-parse cache-miss
96 http cache https://registry.npmjs.org/async-lock 19ms (cache hit)
97 silly packumentCache full:https://registry.npmjs.org/async-lock set size:98301 disposed:false
98 silly fetch manifest deep-equal-in-any-order@^2.0.6
99 silly packumentCache full:https://registry.npmjs.org/deep-equal-in-any-order cache-miss
100 http cache https://registry.npmjs.org/cli-table3 12ms (cache hit)
101 silly packumentCache full:https://registry.npmjs.org/cli-table3 set size:40139 disposed:false
102 silly fetch manifest exegesis@^4.2.0
103 silly packumentCache full:https://registry.npmjs.org/exegesis cache-miss
104 http cache https://registry.npmjs.org/colorette 11ms (cache hit)
105 silly packumentCache full:https://registry.npmjs.org/colorette set size:92733 disposed:false
106 silly fetch manifest exegesis-express@^4.0.0
107 silly packumentCache full:https://registry.npmjs.org/exegesis-express cache-miss
108 http cache https://registry.npmjs.org/commander 11ms (cache hit)
109 silly packumentCache full:https://registry.npmjs.org/commander set size:353115 disposed:false
110 silly fetch manifest express@^4.16.4
111 silly packumentCache full:https://registry.npmjs.org/express cache-miss
112 http cache https://registry.npmjs.org/configstore 11ms (cache hit)
113 silly packumentCache full:https://registry.npmjs.org/configstore set size:82080 disposed:false
114 silly fetch manifest filesize@^6.1.0
115 silly packumentCache full:https://registry.npmjs.org/filesize cache-miss
116 http cache https://registry.npmjs.org/cors 12ms (cache hit)
117 silly packumentCache full:https://registry.npmjs.org/cors set size:77956 disposed:false
118 silly fetch manifest form-data@^4.0.1
119 silly packumentCache full:https://registry.npmjs.org/form-data cache-miss
120 http cache https://registry.npmjs.org/deep-equal-in-any-order 6ms (cache hit)
121 silly packumentCache full:https://registry.npmjs.org/deep-equal-in-any-order set size:178775 disposed:false
122 silly fetch manifest fs-extra@^10.1.0
123 silly packumentCache full:https://registry.npmjs.org/fs-extra cache-miss
124 http cache https://registry.npmjs.org/csv-parse 9ms (cache hit)
125 silly packumentCache full:https://registry.npmjs.org/csv-parse set size:583349 disposed:false
126 silly fetch manifest fuzzy@^0.1.3
127 silly packumentCache full:https://registry.npmjs.org/fuzzy cache-miss
128 http cache https://registry.npmjs.org/cross-spawn 12ms (cache hit)
129 silly packumentCache full:https://registry.npmjs.org/cross-spawn set size:109066 disposed:false
130 silly fetch manifest gaxios@^6.7.0
131 silly packumentCache full:https://registry.npmjs.org/gaxios cache-miss
132 http cache https://registry.npmjs.org/express 6ms (cache hit)
133 silly packumentCache full:https://registry.npmjs.org/express set size:804947 disposed:false
134 silly fetch manifest glob@^10.5.0
135 silly packumentCache full:https://registry.npmjs.org/glob cache-miss
136 http cache https://registry.npmjs.org/exegesis 12ms (cache hit)
137 silly packumentCache full:https://registry.npmjs.org/exegesis set size:289051 disposed:false
138 silly fetch manifest google-auth-library@^9.11.0
139 silly packumentCache full:https://registry.npmjs.org/google-auth-library cache-miss
140 http cache https://registry.npmjs.org/exegesis-express 12ms (cache hit)
141 silly packumentCache full:https://registry.npmjs.org/exegesis-express set size:61313 disposed:false
142 silly fetch manifest ignore@^7.0.4
143 silly packumentCache full:https://registry.npmjs.org/ignore cache-miss
144 http cache https://registry.npmjs.org/cross-env 21ms (cache hit)
145 silly packumentCache full:https://registry.npmjs.org/cross-env set size:151372 disposed:false
146 silly fetch manifest js-yaml@^3.14.2
147 silly packumentCache full:https://registry.npmjs.org/js-yaml cache-miss
148 http cache https://registry.npmjs.org/fs-extra 17ms (cache hit)
149 silly packumentCache full:https://registry.npmjs.org/fs-extra set size:234923 disposed:false
150 silly fetch manifest jsonwebtoken@^9.0.2
151 silly packumentCache full:https://registry.npmjs.org/jsonwebtoken cache-miss
152 http cache https://registry.npmjs.org/form-data 19ms (cache hit)
153 silly packumentCache full:https://registry.npmjs.org/form-data set size:153646 disposed:false
154 silly fetch manifest leven@^3.1.0
155 silly packumentCache full:https://registry.npmjs.org/leven cache-miss
156 http cache https://registry.npmjs.org/filesize 21ms (cache hit)
157 silly packumentCache full:https://registry.npmjs.org/filesize set size:330100 disposed:false
158 silly fetch manifest libsodium-wrappers@^0.7.10
159 silly packumentCache full:https://registry.npmjs.org/libsodium-wrappers cache-miss
160 http cache https://registry.npmjs.org/glob 15ms (cache hit)
161 silly packumentCache full:https://registry.npmjs.org/glob set size:469465 disposed:false
162 silly fetch manifest lodash@^4.18.0
163 silly packumentCache full:https://registry.npmjs.org/lodash cache-miss
164 http cache https://registry.npmjs.org/gaxios 20ms (cache hit)
165 silly packumentCache full:https://registry.npmjs.org/gaxios set size:345358 disposed:false
166 silly fetch manifest lsofi@^2.0.0
167 silly packumentCache full:https://registry.npmjs.org/lsofi cache-miss
168 http cache https://registry.npmjs.org/fuzzy 22ms (cache hit)
169 silly packumentCache full:https://registry.npmjs.org/fuzzy set size:12033 disposed:false
170 silly fetch manifest marked@^13.0.2
171 silly packumentCache full:https://registry.npmjs.org/marked cache-miss
172 http cache https://registry.npmjs.org/ignore 17ms (cache hit)
173 silly packumentCache full:https://registry.npmjs.org/ignore set size:237380 disposed:false
174 silly fetch manifest marked-terminal@^7.0.0
175 silly packumentCache full:https://registry.npmjs.org/marked-terminal cache-miss
176 http cache https://registry.npmjs.org/google-auth-library 19ms (cache hit)
177 silly packumentCache full:https://registry.npmjs.org/google-auth-library set size:724318 disposed:false
178 silly fetch manifest mime@^2.5.2
179 silly packumentCache full:https://registry.npmjs.org/mime cache-miss
180 http cache https://registry.npmjs.org/js-yaml 17ms (cache hit)
181 silly packumentCache full:https://registry.npmjs.org/js-yaml set size:152855 disposed:false
182 silly fetch manifest minimatch@^3.0.4
183 silly packumentCache full:https://registry.npmjs.org/minimatch cache-miss
184 http cache https://registry.npmjs.org/leven 11ms (cache hit)
185 silly packumentCache full:https://registry.npmjs.org/leven set size:23210 disposed:false
186 silly fetch manifest morgan@^1.10.0
187 silly packumentCache full:https://registry.npmjs.org/morgan cache-miss
188 http cache https://registry.npmjs.org/jsonwebtoken 12ms (cache hit)
189 silly packumentCache full:https://registry.npmjs.org/jsonwebtoken set size:183545 disposed:false
190 silly fetch manifest node-fetch@^2.6.7
191 silly packumentCache full:https://registry.npmjs.org/node-fetch cache-miss
192 http cache https://registry.npmjs.org/libsodium-wrappers 11ms (cache hit)
193 silly packumentCache full:https://registry.npmjs.org/libsodium-wrappers set size:96083 disposed:false
194 silly fetch manifest open@^6.3.0
195 silly packumentCache full:https://registry.npmjs.org/open cache-miss
196 http cache https://registry.npmjs.org/marked 8ms (cache hit)
197 silly packumentCache full:https://registry.npmjs.org/marked set size:744787 disposed:false
198 silly fetch manifest ora@^5.4.1
199 silly packumentCache full:https://registry.npmjs.org/ora cache-miss
200 http cache https://registry.npmjs.org/lodash 12ms (cache hit)
201 silly packumentCache full:https://registry.npmjs.org/lodash set size:247652 disposed:false
202 silly fetch manifest p-limit@^3.0.1
203 silly packumentCache full:https://registry.npmjs.org/p-limit cache-miss
204 http cache https://registry.npmjs.org/lsofi 12ms (cache hit)
205 silly packumentCache full:https://registry.npmjs.org/lsofi set size:5929 disposed:false
206 silly fetch manifest pg@^8.11.3
207 silly packumentCache full:https://registry.npmjs.org/pg cache-miss
208 http cache https://registry.npmjs.org/mime 8ms (cache hit)
209 silly packumentCache full:https://registry.npmjs.org/mime set size:119236 disposed:false
210 silly fetch manifest pg-gateway@^0.3.0-beta.4
211 silly packumentCache full:https://registry.npmjs.org/pg-gateway cache-miss
212 http cache https://registry.npmjs.org/marked-terminal 12ms (cache hit)
213 silly packumentCache full:https://registry.npmjs.org/marked-terminal set size:81779 disposed:false
214 silly fetch manifest pglite-2@npm:@electric-sql/pglite@0.2.17
215 silly packumentCache full:https://registry.npmjs.org/@electric-sql%2fpglite cache-hit
216 silly fetch manifest portfinder@^1.0.32
217 silly packumentCache full:https://registry.npmjs.org/portfinder cache-miss
218 http cache https://registry.npmjs.org/minimatch 9ms (cache hit)
219 silly packumentCache full:https://registry.npmjs.org/minimatch set size:375282 disposed:false
220 silly fetch manifest progress@^2.0.3
221 silly packumentCache full:https://registry.npmjs.org/progress cache-miss
222 http cache https://registry.npmjs.org/morgan 10ms (cache hit)
223 silly packumentCache full:https://registry.npmjs.org/morgan set size:78895 disposed:false
224 silly fetch manifest proxy-agent@^6.3.0
225 silly packumentCache full:https://registry.npmjs.org/proxy-agent cache-miss
226 http cache https://registry.npmjs.org/open 10ms (cache hit)
227 silly packumentCache full:https://registry.npmjs.org/open set size:136392 disposed:false
228 silly fetch manifest retry@^0.13.1
229 silly packumentCache full:https://registry.npmjs.org/retry cache-miss
230 http cache https://registry.npmjs.org/node-fetch 11ms (cache hit)
231 silly packumentCache full:https://registry.npmjs.org/node-fetch set size:896010 disposed:false
232 silly fetch manifest semver@^7.5.2
233 silly packumentCache full:https://registry.npmjs.org/semver cache-miss
234 http cache https://registry.npmjs.org/ora 10ms (cache hit)
235 silly packumentCache full:https://registry.npmjs.org/ora set size:144913 disposed:false
236 silly fetch manifest sql-formatter@^15.3.0
237 silly packumentCache full:https://registry.npmjs.org/sql-formatter cache-miss
238 http cache https://registry.npmjs.org/p-limit 10ms (cache hit)
239 silly packumentCache full:https://registry.npmjs.org/p-limit set size:61867 disposed:false
240 silly fetch manifest stream-chain@^2.2.4
241 silly packumentCache full:https://registry.npmjs.org/stream-chain cache-miss
242 http cache https://registry.npmjs.org/pg 11ms (cache hit)
243 silly packumentCache full:https://registry.npmjs.org/pg set size:477609 disposed:false
244 silly fetch manifest stream-json@^1.7.3
245 silly packumentCache full:https://registry.npmjs.org/stream-json cache-miss
246 http cache https://registry.npmjs.org/portfinder 11ms (cache hit)
247 silly packumentCache full:https://registry.npmjs.org/portfinder set size:92930 disposed:false
248 silly fetch manifest superstatic@^10.0.0
249 silly packumentCache full:https://registry.npmjs.org/superstatic cache-miss
250 http cache https://registry.npmjs.org/pg-gateway 11ms (cache hit)
251 silly packumentCache full:https://registry.npmjs.org/pg-gateway set size:35105 disposed:false
252 silly fetch manifest tar@^7.5.11
253 silly packumentCache full:https://registry.npmjs.org/tar cache-miss
254 http cache https://registry.npmjs.org/progress 10ms (cache hit)
255 silly packumentCache full:https://registry.npmjs.org/progress set size:34179 disposed:false
256 silly fetch manifest tcp-port-used@^1.0.2
257 silly packumentCache full:https://registry.npmjs.org/tcp-port-used cache-miss
258 http cache https://registry.npmjs.org/proxy-agent 10ms (cache hit)
259 silly packumentCache full:https://registry.npmjs.org/proxy-agent set size:78600 disposed:false
260 silly fetch manifest tmp@^0.2.3
261 silly packumentCache full:https://registry.npmjs.org/tmp cache-miss
262 http cache https://registry.npmjs.org/retry 9ms (cache hit)
263 silly packumentCache full:https://registry.npmjs.org/retry set size:31161 disposed:false
264 silly fetch manifest triple-beam@^1.3.0
265 silly packumentCache full:https://registry.npmjs.org/triple-beam cache-miss
266 http cache https://registry.npmjs.org/stream-chain 6ms (cache hit)
267 silly packumentCache full:https://registry.npmjs.org/stream-chain set size:107885 disposed:false
268 silly fetch manifest universal-analytics@^0.5.3
269 silly packumentCache full:https://registry.npmjs.org/universal-analytics cache-miss
270 http cache https://registry.npmjs.org/sql-formatter 7ms (cache hit)
271 silly packumentCache full:https://registry.npmjs.org/sql-formatter set size:1124163 disposed:false
272 silly fetch manifest update-notifier-cjs@^5.1.6
273 silly packumentCache full:https://registry.npmjs.org/update-notifier-cjs cache-miss
274 http cache https://registry.npmjs.org/stream-json 8ms (cache hit)
275 silly packumentCache full:https://registry.npmjs.org/stream-json set size:142637 disposed:false
276 silly fetch manifest uuid@^11.1.1
277 silly packumentCache full:https://registry.npmjs.org/uuid cache-miss
278 http cache https://registry.npmjs.org/semver 12ms (cache hit)
279 silly packumentCache full:https://registry.npmjs.org/semver set size:235672 disposed:false
280 silly fetch manifest winston@^3.0.0
281 silly packumentCache full:https://registry.npmjs.org/winston cache-miss
282 http cache https://registry.npmjs.org/superstatic 12ms (cache hit)
283 silly packumentCache full:https://registry.npmjs.org/superstatic set size:567104 disposed:false
284 silly fetch manifest winston-transport@^4.4.0
285 silly packumentCache full:https://registry.npmjs.org/winston-transport cache-miss
286 http cache https://registry.npmjs.org/tar 13ms (cache hit)
287 silly packumentCache full:https://registry.npmjs.org/tar set size:551280 disposed:false
288 silly fetch manifest ws@^7.5.10
289 silly packumentCache full:https://registry.npmjs.org/ws cache-miss
290 http cache https://registry.npmjs.org/tcp-port-used 15ms (cache hit)
291 silly packumentCache full:https://registry.npmjs.org/tcp-port-used set size:70467 disposed:false
292 silly fetch manifest yaml@^2.8.3
293 silly packumentCache full:https://registry.npmjs.org/yaml cache-miss
294 http cache https://registry.npmjs.org/tmp 15ms (cache hit)
295 silly packumentCache full:https://registry.npmjs.org/tmp set size:79523 disposed:false
296 silly fetch manifest zod@^3.24.3
297 silly packumentCache full:https://registry.npmjs.org/zod cache-miss
298 http cache https://registry.npmjs.org/universal-analytics 14ms (cache hit)
299 silly packumentCache full:https://registry.npmjs.org/universal-analytics set size:104106 disposed:false
300 silly fetch manifest zod-to-json-schema@^3.24.5
301 silly packumentCache full:https://registry.npmjs.org/zod-to-json-schema cache-miss
302 http cache https://registry.npmjs.org/triple-beam 15ms (cache hit)
303 silly packumentCache full:https://registry.npmjs.org/triple-beam set size:15133 disposed:false
304 http cache https://registry.npmjs.org/uuid 10ms (cache hit)
305 silly packumentCache full:https://registry.npmjs.org/uuid set size:234700 disposed:false
306 http cache https://registry.npmjs.org/update-notifier-cjs 12ms (cache hit)
307 silly packumentCache full:https://registry.npmjs.org/update-notifier-cjs set size:28206 disposed:false
308 http cache https://registry.npmjs.org/winston 11ms (cache hit)
309 silly packumentCache full:https://registry.npmjs.org/winston set size:276467 disposed:false
310 http cache https://registry.npmjs.org/ws 6ms (cache hit)
311 silly packumentCache full:https://registry.npmjs.org/ws set size:427091 disposed:false
312 http cache https://registry.npmjs.org/yaml 8ms (cache hit)
313 silly packumentCache full:https://registry.npmjs.org/yaml set size:385754 disposed:false
314 http cache https://registry.npmjs.org/winston-transport 11ms (cache hit)
315 silly packumentCache full:https://registry.npmjs.org/winston-transport set size:60135 disposed:false
316 http cache https://registry.npmjs.org/zod-to-json-schema 7ms (cache hit)
317 silly packumentCache full:https://registry.npmjs.org/zod-to-json-schema set size:309584 disposed:false
318 http cache https://registry.npmjs.org/zod 11ms (cache hit)
319 silly packumentCache full:https://registry.npmjs.org/zod set size:3552562 disposed:false
320 silly fetch manifest @types/node@>=18
321 silly packumentCache full:https://registry.npmjs.org/@types%2fnode cache-miss
322 http cache https://registry.npmjs.org/@types%2fnode 10ms (cache hit)
323 silly packumentCache full:https://registry.npmjs.org/@types%2fnode set size:11015753 disposed:false
324 silly fetch manifest @cfworker/json-schema@^4.1.1
325 silly packumentCache full:https://registry.npmjs.org/@cfworker%2fjson-schema cache-miss
326 http cache https://registry.npmjs.org/@cfworker%2fjson-schema 1ms (cache hit)
327 silly packumentCache full:https://registry.npmjs.org/@cfworker%2fjson-schema set size:144207 disposed:false
328 silly fetch manifest encoding@^0.1.0
329 silly packumentCache full:https://registry.npmjs.org/encoding cache-miss
330 http cache https://registry.npmjs.org/encoding 4ms (cache hit)
331 silly packumentCache full:https://registry.npmjs.org/encoding set size:17833 disposed:false
332 silly fetch manifest pg-native@>=3.0.1
333 silly packumentCache full:https://registry.npmjs.org/pg-native cache-miss
334 http cache https://registry.npmjs.org/pg-native 0ms (cache hit)
335 silly packumentCache full:https://registry.npmjs.org/pg-native set size:92711 disposed:false
336 silly fetch manifest bufferutil@^4.0.1
337 silly packumentCache full:https://registry.npmjs.org/bufferutil cache-miss
338 http cache https://registry.npmjs.org/bufferutil 1ms (cache hit)
339 silly packumentCache full:https://registry.npmjs.org/bufferutil set size:52763 disposed:false
340 silly fetch manifest utf-8-validate@^5.0.2
341 silly packumentCache full:https://registry.npmjs.org/utf-8-validate cache-miss
342 http cache https://registry.npmjs.org/utf-8-validate 1ms (cache hit)
343 silly packumentCache full:https://registry.npmjs.org/utf-8-validate set size:77148 disposed:false
344 silly placeDep ROOT @apphosting/common@0.0.8 OK for: firebase-tools@15.19.1 want: ^0.0.8
345 silly placeDep ROOT @electric-sql/pglite@0.3.16 OK for: firebase-tools@15.19.1 want: ^0.3.3
346 silly placeDep ROOT @electric-sql/pglite-tools@0.2.21 OK for: firebase-tools@15.19.1 want: ^0.2.8
347 silly placeDep ROOT @google-cloud/cloud-sql-connector@1.11.1 OK for: firebase-tools@15.19.1 want: ^1.3.3
348 silly placeDep ROOT @google-cloud/pubsub@5.3.0 OK for: firebase-tools@15.19.1 want: ^5.2.0
349 silly placeDep ROOT @inquirer/prompts@7.10.1 OK for: firebase-tools@15.19.1 want: ^7.10.1
350 silly placeDep ROOT @modelcontextprotocol/sdk@1.29.0 OK for: firebase-tools@15.19.1 want: ^1.24.0
351 silly placeDep ROOT abort-controller@3.0.0 OK for: firebase-tools@15.19.1 want: ^3.0.0
352 silly placeDep ROOT ajv@8.20.0 OK for: firebase-tools@15.19.1 want: ^8.17.1
353 silly placeDep ROOT ajv-formats@3.0.1 OK for: firebase-tools@15.19.1 want: 3.0.1
354 silly placeDep ROOT archiver@7.0.1 OK for: firebase-tools@15.19.1 want: ^7.0.0
355 silly placeDep ROOT async-lock@1.4.1 OK for: firebase-tools@15.19.1 want: 1.4.1
356 silly placeDep ROOT body-parser@1.20.5 OK for: firebase-tools@15.19.1 want: ^1.19.0
357 silly placeDep ROOT chokidar@3.6.0 OK for: firebase-tools@15.19.1 want: ^3.6.0
358 silly placeDep ROOT cjson@0.3.3 OK for: firebase-tools@15.19.1 want: ^0.3.1
359 silly placeDep ROOT cli-table3@0.6.5 OK for: firebase-tools@15.19.1 want: 0.6.5
360 silly placeDep ROOT colorette@2.0.20 OK for: firebase-tools@15.19.1 want: ^2.0.19
361 silly placeDep ROOT commander@5.1.0 OK for: firebase-tools@15.19.1 want: ^5.1.0
362 silly placeDep ROOT configstore@5.0.1 OK for: firebase-tools@15.19.1 want: ^5.0.1
363 silly placeDep ROOT cors@2.8.6 OK for: firebase-tools@15.19.1 want: ^2.8.5
364 silly placeDep ROOT cross-env@7.0.3 OK for: firebase-tools@15.19.1 want: ^7.0.3
365 silly placeDep ROOT cross-spawn@7.0.6 OK for: firebase-tools@15.19.1 want: ^7.0.5
366 silly placeDep ROOT csv-parse@5.6.0 OK for: firebase-tools@15.19.1 want: ^5.0.4
367 silly placeDep ROOT deep-equal-in-any-order@2.2.0 OK for: firebase-tools@15.19.1 want: ^2.0.6
368 silly placeDep ROOT exegesis@4.3.0 OK for: firebase-tools@15.19.1 want: ^4.2.0
369 silly placeDep ROOT exegesis-express@4.0.0 OK for: firebase-tools@15.19.1 want: ^4.0.0
370 silly placeDep ROOT express@4.22.2 OK for: firebase-tools@15.19.1 want: ^4.16.4
371 silly placeDep ROOT filesize@6.4.0 OK for: firebase-tools@15.19.1 want: ^6.1.0
372 silly placeDep ROOT form-data@4.0.5 OK for: firebase-tools@15.19.1 want: ^4.0.1
373 silly placeDep ROOT fs-extra@10.1.0 OK for: firebase-tools@15.19.1 want: ^10.1.0
374 silly placeDep ROOT fuzzy@0.1.3 OK for: firebase-tools@15.19.1 want: ^0.1.3
375 silly placeDep ROOT gaxios@6.7.1 OK for: firebase-tools@15.19.1 want: ^6.7.0
376 silly placeDep ROOT glob@10.5.0 OK for: firebase-tools@15.19.1 want: ^10.5.0
377 silly placeDep ROOT google-auth-library@9.15.1 OK for: firebase-tools@15.19.1 want: ^9.11.0
378 silly placeDep ROOT ignore@7.0.5 OK for: firebase-tools@15.19.1 want: ^7.0.4
379 silly placeDep ROOT js-yaml@3.14.2 OK for: firebase-tools@15.19.1 want: ^3.14.2
380 silly placeDep ROOT jsonwebtoken@9.0.3 OK for: firebase-tools@15.19.1 want: ^9.0.2
381 silly placeDep ROOT leven@3.1.0 OK for: firebase-tools@15.19.1 want: ^3.1.0
382 silly placeDep ROOT libsodium-wrappers@0.7.16 OK for: firebase-tools@15.19.1 want: ^0.7.10
383 silly placeDep ROOT lodash@4.18.1 OK for: firebase-tools@15.19.1 want: ^4.18.0
384 silly placeDep ROOT lsofi@2.0.0 OK for: firebase-tools@15.19.1 want: ^2.0.0
385 silly placeDep ROOT marked@13.0.3 OK for: firebase-tools@15.19.1 want: ^13.0.2
386 silly placeDep ROOT marked-terminal@7.3.0 OK for: firebase-tools@15.19.1 want: ^7.0.0
387 silly placeDep ROOT mime@2.6.0 OK for: firebase-tools@15.19.1 want: ^2.5.2
388 silly placeDep ROOT minimatch@3.1.5 OK for: firebase-tools@15.19.1 want: ^3.0.4
389 silly placeDep ROOT morgan@1.11.0 OK for: firebase-tools@15.19.1 want: ^1.10.0
390 silly placeDep ROOT node-fetch@2.7.0 OK for: firebase-tools@15.19.1 want: ^2.6.7
391 silly placeDep ROOT open@6.4.0 OK for: firebase-tools@15.19.1 want: ^6.3.0
392 silly placeDep ROOT ora@5.4.1 OK for: firebase-tools@15.19.1 want: ^5.4.1
393 silly placeDep ROOT p-limit@3.1.0 OK for: firebase-tools@15.19.1 want: ^3.0.1
394 silly placeDep ROOT pg@8.21.0 OK for: firebase-tools@15.19.1 want: ^8.11.3
395 silly placeDep ROOT pg-gateway@0.3.0-beta.4 OK for: firebase-tools@15.19.1 want: ^0.3.0-beta.4
396 silly placeDep ROOT pglite-2@0.2.17 OK for: firebase-tools@15.19.1 want: npm:@electric-sql/pglite@0.2.17
397 silly placeDep ROOT portfinder@1.0.38 OK for: firebase-tools@15.19.1 want: ^1.0.32
398 silly placeDep ROOT progress@2.0.3 OK for: firebase-tools@15.19.1 want: ^2.0.3
399 silly placeDep ROOT proxy-agent@6.5.0 OK for: firebase-tools@15.19.1 want: ^6.3.0
400 silly placeDep ROOT retry@0.13.1 OK for: firebase-tools@15.19.1 want: ^0.13.1
401 silly placeDep ROOT semver@7.8.1 OK for: firebase-tools@15.19.1 want: ^7.5.2
402 silly placeDep ROOT sql-formatter@15.8.0 OK for: firebase-tools@15.19.1 want: ^15.3.0
403 silly placeDep ROOT stream-chain@2.2.5 OK for: firebase-tools@15.19.1 want: ^2.2.4
404 silly placeDep ROOT stream-json@1.9.1 OK for: firebase-tools@15.19.1 want: ^1.7.3
405 silly placeDep ROOT superstatic@10.0.0 OK for: firebase-tools@15.19.1 want: ^10.0.0
406 silly placeDep ROOT tar@7.5.16 OK for: firebase-tools@15.19.1 want: ^7.5.11
407 silly placeDep ROOT tcp-port-used@1.0.2 OK for: firebase-tools@15.19.1 want: ^1.0.2
408 silly placeDep ROOT tmp@0.2.7 OK for: firebase-tools@15.19.1 want: ^0.2.3
409 silly placeDep ROOT triple-beam@1.4.1 OK for: firebase-tools@15.19.1 want: ^1.3.0
410 silly placeDep ROOT universal-analytics@0.5.4 OK for: firebase-tools@15.19.1 want: ^0.5.3
411 silly placeDep ROOT update-notifier-cjs@5.1.7 OK for: firebase-tools@15.19.1 want: ^5.1.6
412 silly placeDep ROOT uuid@11.1.1 OK for: firebase-tools@15.19.1 want: ^11.1.1
413 silly placeDep ROOT winston@3.19.0 OK for: firebase-tools@15.19.1 want: ^3.0.0
414 silly placeDep ROOT winston-transport@4.9.0 OK for: firebase-tools@15.19.1 want: ^4.4.0
415 silly placeDep ROOT ws@7.5.11 OK for: firebase-tools@15.19.1 want: ^7.5.10
416 silly placeDep ROOT yaml@2.9.0 OK for: firebase-tools@15.19.1 want: ^2.8.3
417 silly placeDep ROOT zod@3.25.76 OK for: firebase-tools@15.19.1 want: ^3.24.3
418 silly placeDep ROOT zod-to-json-schema@3.25.2 OK for: firebase-tools@15.19.1 want: ^3.24.5
419 silly fetch manifest @googleapis/sqladmin@^35.2.0
420 silly packumentCache full:https://registry.npmjs.org/@googleapis%2fsqladmin cache-miss
421 silly fetch manifest gaxios@^7.1.4
422 silly packumentCache full:https://registry.npmjs.org/gaxios cache-hit
423 silly fetch manifest google-auth-library@^10.6.2
424 silly packumentCache full:https://registry.npmjs.org/google-auth-library cache-hit
425 silly fetch manifest p-throttle@^7.0.0
426 silly packumentCache full:https://registry.npmjs.org/p-throttle cache-miss
427 silly fetch manifest @google-cloud/paginator@^6.0.0
428 silly packumentCache full:https://registry.npmjs.org/@google-cloud%2fpaginator cache-miss
429 silly fetch manifest @google-cloud/precise-date@^5.0.0
430 silly packumentCache full:https://registry.npmjs.org/@google-cloud%2fprecise-date cache-miss
431 silly fetch manifest @google-cloud/projectify@^5.0.0
432 silly packumentCache full:https://registry.npmjs.org/@google-cloud%2fprojectify cache-miss
433 silly fetch manifest @google-cloud/promisify@^5.0.0
434 silly packumentCache full:https://registry.npmjs.org/@google-cloud%2fpromisify cache-miss
435 silly fetch manifest @opentelemetry/api@~1.9.0
436 silly packumentCache full:https://registry.npmjs.org/@opentelemetry%2fapi cache-miss
437 silly fetch manifest @opentelemetry/core@^1.30.1
438 silly packumentCache full:https://registry.npmjs.org/@opentelemetry%2fcore cache-miss
439 silly fetch manifest @opentelemetry/semantic-conventions@~1.39.0
440 silly packumentCache full:https://registry.npmjs.org/@opentelemetry%2fsemantic-conventions cache-miss
441 http cache https://registry.npmjs.org/p-throttle 3ms (cache hit)
442 silly packumentCache full:https://registry.npmjs.org/p-throttle set size:47894 disposed:false
443 silly fetch manifest arrify@^2.0.0
444 silly packumentCache full:https://registry.npmjs.org/arrify cache-miss
445 http cache https://registry.npmjs.org/@google-cloud%2fprecise-date 3ms (cache hit)
446 silly packumentCache full:https://registry.npmjs.org/@google-cloud%2fprecise-date set size:48317 disposed:false
447 silly fetch manifest extend@^3.0.2
448 silly packumentCache full:https://registry.npmjs.org/extend cache-miss
449 http cache https://registry.npmjs.org/@google-cloud%2fpaginator 4ms (cache hit)
450 silly packumentCache full:https://registry.npmjs.org/@google-cloud%2fpaginator set size:87127 disposed:false
451 silly fetch manifest google-auth-library@^10.5.0
452 silly packumentCache full:https://registry.npmjs.org/google-auth-library cache-hit
453 silly fetch manifest google-gax@^5.0.5
454 silly packumentCache full:https://registry.npmjs.org/google-gax cache-miss
455 http cache https://registry.npmjs.org/@google-cloud%2fprojectify 4ms (cache hit)
456 silly packumentCache full:https://registry.npmjs.org/@google-cloud%2fprojectify set size:62571 disposed:false
457 silly fetch manifest heap-js@^2.6.0
458 silly packumentCache full:https://registry.npmjs.org/heap-js cache-miss
459 http cache https://registry.npmjs.org/@opentelemetry%2fapi 4ms (cache hit)
460 silly packumentCache full:https://registry.npmjs.org/@opentelemetry%2fapi set size:272967 disposed:false
461 silly fetch manifest is-stream-ended@^0.1.4
462 silly packumentCache full:https://registry.npmjs.org/is-stream-ended cache-miss
463 http cache https://registry.npmjs.org/@google-cloud%2fpromisify 5ms (cache hit)
464 silly packumentCache full:https://registry.npmjs.org/@google-cloud%2fpromisify set size:68494 disposed:false
465 silly fetch manifest lodash.snakecase@^4.1.1
466 silly packumentCache full:https://registry.npmjs.org/lodash.snakecase cache-miss
467 http cache https://registry.npmjs.org/@googleapis%2fsqladmin 6ms (cache hit)
468 silly packumentCache full:https://registry.npmjs.org/@googleapis%2fsqladmin set size:133703 disposed:false
469 silly fetch manifest p-defer@^3.0.0
470 silly packumentCache full:https://registry.npmjs.org/p-defer cache-miss
471 http cache https://registry.npmjs.org/@opentelemetry%2fsemantic-conventions 6ms (cache hit)
472 silly packumentCache full:https://registry.npmjs.org/@opentelemetry%2fsemantic-conventions set size:421726 disposed:false
473 silly fetch manifest @inquirer/input@^4.3.1
474 silly packumentCache full:https://registry.npmjs.org/@inquirer%2finput cache-miss
475 http cache https://registry.npmjs.org/@opentelemetry%2fcore 8ms (cache hit)
476 silly packumentCache full:https://registry.npmjs.org/@opentelemetry%2fcore set size:820532 disposed:false
477 silly fetch manifest @inquirer/editor@^4.2.23
478 silly packumentCache full:https://registry.npmjs.org/@inquirer%2feditor cache-miss
479 http cache https://registry.npmjs.org/extend 8ms (cache hit)
480 silly packumentCache full:https://registry.npmjs.org/extend set size:25974 disposed:false
481 silly fetch manifest @inquirer/expand@^4.0.23
482 silly packumentCache full:https://registry.npmjs.org/@inquirer%2fexpand cache-miss
483 http cache https://registry.npmjs.org/arrify 9ms (cache hit)
484 silly packumentCache full:https://registry.npmjs.org/arrify set size:11862 disposed:false
485 silly fetch manifest @inquirer/number@^3.0.23
486 silly packumentCache full:https://registry.npmjs.org/@inquirer%2fnumber cache-miss
487 http cache https://registry.npmjs.org/google-gax 10ms (cache hit)
488 silly packumentCache full:https://registry.npmjs.org/google-gax set size:2055354 disposed:false
489 silly fetch manifest @inquirer/search@^3.2.2
490 silly packumentCache full:https://registry.npmjs.org/@inquirer%2fsearch cache-miss
491 http cache https://registry.npmjs.org/heap-js 14ms (cache hit)
492 silly packumentCache full:https://registry.npmjs.org/heap-js set size:106897 disposed:false
493 silly fetch manifest @inquirer/select@^4.4.2
494 silly packumentCache full:https://registry.npmjs.org/@inquirer%2fselect cache-miss
495 http cache https://registry.npmjs.org/is-stream-ended 13ms (cache hit)
496 silly packumentCache full:https://registry.npmjs.org/is-stream-ended set size:8902 disposed:false
497 silly fetch manifest @inquirer/confirm@^5.1.21
498 silly packumentCache full:https://registry.npmjs.org/@inquirer%2fconfirm cache-miss
499 http cache https://registry.npmjs.org/p-defer 13ms (cache hit)
500 silly packumentCache full:https://registry.npmjs.org/p-defer set size:17545 disposed:false
501 silly fetch manifest @inquirer/rawlist@^4.1.11
502 silly packumentCache full:https://registry.npmjs.org/@inquirer%2frawlist cache-miss
503 http cache https://registry.npmjs.org/lodash.snakecase 14ms (cache hit)
504 silly packumentCache full:https://registry.npmjs.org/lodash.snakecase set size:16878 disposed:false
505 silly fetch manifest @inquirer/checkbox@^4.3.2
506 silly packumentCache full:https://registry.npmjs.org/@inquirer%2fcheckbox cache-miss
507 http cache https://registry.npmjs.org/@inquirer%2finput 12ms (cache hit)
508 silly packumentCache full:https://registry.npmjs.org/@inquirer%2finput set size:319406 disposed:false
509 silly fetch manifest @inquirer/password@^4.0.23
510 silly packumentCache full:https://registry.npmjs.org/@inquirer%2fpassword cache-miss
511 http cache https://registry.npmjs.org/@inquirer%2feditor 11ms (cache hit)
512 silly packumentCache full:https://registry.npmjs.org/@inquirer%2feditor set size:322894 disposed:false
513 silly fetch manifest @hono/node-server@^1.19.9
514 silly packumentCache full:https://registry.npmjs.org/@hono%2fnode-server cache-miss
515 http cache https://registry.npmjs.org/@inquirer%2fselect 5ms (cache hit)
516 silly packumentCache full:https://registry.npmjs.org/@inquirer%2fselect set size:335462 disposed:false
517 silly fetch manifest ajv-formats@^3.0.1
518 silly packumentCache full:https://registry.npmjs.org/ajv-formats cache-hit
519 silly fetch manifest content-type@^1.0.5
520 silly packumentCache full:https://registry.npmjs.org/content-type cache-miss
521 http cache https://registry.npmjs.org/@inquirer%2fsearch 7ms (cache hit)
522 silly packumentCache full:https://registry.npmjs.org/@inquirer%2fsearch set size:142958 disposed:false
523 silly fetch manifest eventsource@^3.0.2
524 silly packumentCache full:https://registry.npmjs.org/eventsource cache-miss
525 http cache https://registry.npmjs.org/@inquirer%2fconfirm 7ms (cache hit)
526 silly packumentCache full:https://registry.npmjs.org/@inquirer%2fconfirm set size:320882 disposed:false
527 silly fetch manifest eventsource-parser@^3.0.0
528 silly packumentCache full:https://registry.npmjs.org/eventsource-parser cache-miss
529 http cache https://registry.npmjs.org/@inquirer%2fnumber 15ms (cache hit)
530 silly packumentCache full:https://registry.npmjs.org/@inquirer%2fnumber set size:142567 disposed:false
531 silly fetch manifest express@^5.2.1
532 silly packumentCache full:https://registry.npmjs.org/express cache-hit
533 silly fetch manifest express-rate-limit@^8.2.1
534 silly packumentCache full:https://registry.npmjs.org/express-rate-limit cache-miss
535 http cache https://registry.npmjs.org/@inquirer%2fexpand 16ms (cache hit)
536 silly packumentCache full:https://registry.npmjs.org/@inquirer%2fexpand set size:322112 disposed:false
537 silly fetch manifest hono@^4.11.4
538 silly packumentCache full:https://registry.npmjs.org/hono cache-miss
539 http cache https://registry.npmjs.org/@inquirer%2fpassword 9ms (cache hit)
540 silly packumentCache full:https://registry.npmjs.org/@inquirer%2fpassword set size:318894 disposed:false
541 silly fetch manifest jose@^6.1.3
542 silly packumentCache full:https://registry.npmjs.org/jose cache-miss
543 http cache https://registry.npmjs.org/@inquirer%2fcheckbox 11ms (cache hit)
544 silly packumentCache full:https://registry.npmjs.org/@inquirer%2fcheckbox set size:346573 disposed:false
545 silly fetch manifest json-schema-typed@^8.0.2
546 silly packumentCache full:https://registry.npmjs.org/json-schema-typed cache-miss
547 http cache https://registry.npmjs.org/@inquirer%2frawlist 12ms (cache hit)
548 silly packumentCache full:https://registry.npmjs.org/@inquirer%2frawlist set size:288948 disposed:false
549 silly fetch manifest pkce-challenge@^5.0.0
550 silly packumentCache full:https://registry.npmjs.org/pkce-challenge cache-miss
551 http cache https://registry.npmjs.org/@hono%2fnode-server 10ms (cache hit)
552 silly packumentCache full:https://registry.npmjs.org/@hono%2fnode-server set size:257792 disposed:false
553 silly fetch manifest raw-body@^3.0.0
554 silly packumentCache full:https://registry.npmjs.org/raw-body cache-miss
555 http cache https://registry.npmjs.org/eventsource-parser 8ms (cache hit)
556 silly packumentCache full:https://registry.npmjs.org/eventsource-parser set size:78018 disposed:false
557 silly fetch manifest zod@^3.25 || ^4.0
558 silly packumentCache full:https://registry.npmjs.org/zod cache-miss
559 http cache https://registry.npmjs.org/content-type 11ms (cache hit)
560 silly packumentCache full:https://registry.npmjs.org/content-type set size:18994 disposed:false
561 silly fetch manifest zod-to-json-schema@^3.25.1
562 silly packumentCache full:https://registry.npmjs.org/zod-to-json-schema cache-hit
563 silly fetch manifest event-target-shim@^5.0.0
564 silly packumentCache full:https://registry.npmjs.org/event-target-shim cache-miss
565 http cache https://registry.npmjs.org/eventsource 11ms (cache hit)
566 silly packumentCache full:https://registry.npmjs.org/eventsource set size:128214 disposed:false
567 silly fetch manifest fast-deep-equal@^3.1.3
568 silly packumentCache full:https://registry.npmjs.org/fast-deep-equal cache-miss
569 http cache https://registry.npmjs.org/express-rate-limit 10ms (cache hit)
570 silly packumentCache full:https://registry.npmjs.org/express-rate-limit set size:443601 disposed:false
571 silly fetch manifest fast-uri@^3.0.1
572 silly packumentCache full:https://registry.npmjs.org/fast-uri cache-miss
573 http cache https://registry.npmjs.org/json-schema-typed 7ms (cache hit)
574 silly packumentCache full:https://registry.npmjs.org/json-schema-typed set size:26165 disposed:false
575 silly fetch manifest json-schema-traverse@^1.0.0
576 silly packumentCache full:https://registry.npmjs.org/json-schema-traverse cache-miss
577 http cache https://registry.npmjs.org/hono 15ms (cache hit)
578 silly packumentCache full:https://registry.npmjs.org/hono set size:5794717 disposed:false
579 silly fetch manifest require-from-string@^2.0.2
580 silly packumentCache full:https://registry.npmjs.org/require-from-string cache-miss
581 http cache https://registry.npmjs.org/pkce-challenge 33ms (cache hit)
582 silly packumentCache full:https://registry.npmjs.org/pkce-challenge set size:37734 disposed:false
583 silly fetch manifest async@^3.2.4
584 silly packumentCache full:https://registry.npmjs.org/async cache-miss
585 http cache https://registry.npmjs.org/jose 37ms (cache hit)
586 silly packumentCache full:https://registry.npmjs.org/jose set size:1413195 disposed:false
587 silly fetch manifest tar-stream@^3.0.0
588 silly packumentCache full:https://registry.npmjs.org/tar-stream cache-miss
589 http cache https://registry.npmjs.org/raw-body 37ms (cache hit)
590 silly packumentCache full:https://registry.npmjs.org/raw-body set size:117822 disposed:false
591 silly fetch manifest zip-stream@^6.0.1
592 silly packumentCache full:https://registry.npmjs.org/zip-stream cache-miss
593 http cache https://registry.npmjs.org/fast-deep-equal 36ms (cache hit)
594 silly packumentCache full:https://registry.npmjs.org/fast-deep-equal set size:48634 disposed:false
595 silly fetch manifest buffer-crc32@^1.0.0
596 silly packumentCache full:https://registry.npmjs.org/buffer-crc32 cache-miss
597 http cache https://registry.npmjs.org/fast-uri 35ms (cache hit)
598 silly packumentCache full:https://registry.npmjs.org/fast-uri set size:68147 disposed:false
599 silly fetch manifest readdir-glob@^1.1.2
600 silly packumentCache full:https://registry.npmjs.org/readdir-glob cache-miss
601 http cache https://registry.npmjs.org/zod 40ms (cache hit)
602 silly packumentCache full:https://registry.npmjs.org/zod set size:3552562 disposed:false
603 silly fetch manifest archiver-utils@^5.0.2
604 silly packumentCache full:https://registry.npmjs.org/archiver-utils cache-miss
605 http cache https://registry.npmjs.org/json-schema-traverse 43ms (cache hit)
606 silly packumentCache full:https://registry.npmjs.org/json-schema-traverse set size:23537 disposed:false
607 silly fetch manifest readable-stream@^4.0.0
608 silly packumentCache full:https://registry.npmjs.org/readable-stream cache-miss
609 http cache https://registry.npmjs.org/event-target-shim 47ms (cache hit)
610 silly packumentCache full:https://registry.npmjs.org/event-target-shim set size:103601 disposed:false
611 silly fetch manifest bytes@~3.1.2
612 silly packumentCache full:https://registry.npmjs.org/bytes cache-miss
613 http cache https://registry.npmjs.org/require-from-string 22ms (cache hit)
614 silly packumentCache full:https://registry.npmjs.org/require-from-string set size:15128 disposed:false
615 silly fetch manifest content-type@~1.0.5
616 silly packumentCache full:https://registry.npmjs.org/content-type cache-hit
617 silly fetch manifest debug@2.6.9
618 silly packumentCache full:https://registry.npmjs.org/debug cache-miss
619 http cache https://registry.npmjs.org/async 17ms (cache hit)
620 silly packumentCache full:https://registry.npmjs.org/async set size:230496 disposed:false
621 silly fetch manifest depd@2.0.0
622 silly packumentCache full:https://registry.npmjs.org/depd cache-miss
623 http cache https://registry.npmjs.org/tar-stream 14ms (cache hit)
624 silly packumentCache full:https://registry.npmjs.org/tar-stream set size:137875 disposed:false
625 silly fetch manifest destroy@~1.2.0
626 silly packumentCache full:https://registry.npmjs.org/destroy cache-miss
627 http cache https://registry.npmjs.org/zip-stream 15ms (cache hit)
628 silly packumentCache full:https://registry.npmjs.org/zip-stream set size:109574 disposed:false
629 silly fetch manifest http-errors@~2.0.1
630 silly packumentCache full:https://registry.npmjs.org/http-errors cache-miss
631 http cache https://registry.npmjs.org/buffer-crc32 15ms (cache hit)
632 silly packumentCache full:https://registry.npmjs.org/buffer-crc32 set size:58100 disposed:false
633 silly fetch manifest iconv-lite@~0.4.24
634 silly packumentCache full:https://registry.npmjs.org/iconv-lite cache-miss
635 http cache https://registry.npmjs.org/readable-stream 5ms (cache hit)
636 silly packumentCache full:https://registry.npmjs.org/readable-stream set size:261096 disposed:false
637 silly fetch manifest on-finished@~2.4.1
638 silly packumentCache full:https://registry.npmjs.org/on-finished cache-miss
639 http cache https://registry.npmjs.org/debug 5ms (cache hit)
640 silly packumentCache full:https://registry.npmjs.org/debug set size:195840 disposed:false
641 silly fetch manifest qs@~6.15.1
642 silly packumentCache full:https://registry.npmjs.org/qs cache-miss
643 http cache https://registry.npmjs.org/readdir-glob 16ms (cache hit)
644 silly packumentCache full:https://registry.npmjs.org/readdir-glob set size:30196 disposed:false
645 silly fetch manifest raw-body@~2.5.3
646 silly packumentCache full:https://registry.npmjs.org/raw-body cache-hit
647 silly fetch manifest type-is@~1.6.18
648 silly packumentCache full:https://registry.npmjs.org/type-is cache-miss
649 http cache https://registry.npmjs.org/bytes 8ms (cache hit)
650 silly packumentCache full:https://registry.npmjs.org/bytes set size:37018 disposed:false
651 silly fetch manifest unpipe@~1.0.0
652 silly packumentCache full:https://registry.npmjs.org/unpipe cache-miss
653 http cache https://registry.npmjs.org/depd 6ms (cache hit)
654 silly packumentCache full:https://registry.npmjs.org/depd set size:40182 disposed:false
655 silly fetch manifest braces@~3.0.2
656 silly packumentCache full:https://registry.npmjs.org/braces cache-miss
657 http cache https://registry.npmjs.org/archiver-utils 9ms (cache hit)
658 silly packumentCache full:https://registry.npmjs.org/archiver-utils set size:31398 disposed:false
659 silly fetch manifest is-glob@~4.0.1
660 silly packumentCache full:https://registry.npmjs.org/is-glob cache-miss
661 http cache https://registry.npmjs.org/http-errors 6ms (cache hit)
662 silly packumentCache full:https://registry.npmjs.org/http-errors set size:71987 disposed:false
663 silly fetch manifest anymatch@~3.1.2
664 silly packumentCache full:https://registry.npmjs.org/anymatch cache-miss
665 http cache https://registry.npmjs.org/destroy 6ms (cache hit)
666 silly packumentCache full:https://registry.npmjs.org/destroy set size:15738 disposed:false
667 silly fetch manifest readdirp@~3.6.0
668 silly packumentCache full:https://registry.npmjs.org/readdirp cache-miss
669 http cache https://registry.npmjs.org/on-finished 5ms (cache hit)
670 silly packumentCache full:https://registry.npmjs.org/on-finished set size:23212 disposed:false
671 silly fetch manifest glob-parent@~5.1.2
672 silly packumentCache full:https://registry.npmjs.org/glob-parent cache-miss
673 http cache https://registry.npmjs.org/iconv-lite 6ms (cache hit)
674 silly packumentCache full:https://registry.npmjs.org/iconv-lite set size:120557 disposed:false
675 silly fetch manifest is-binary-path@~2.1.0
676 silly packumentCache full:https://registry.npmjs.org/is-binary-path cache-miss
677 http cache https://registry.npmjs.org/qs 5ms (cache hit)
678 silly packumentCache full:https://registry.npmjs.org/qs set size:356906 disposed:false
679 silly fetch manifest normalize-path@~3.0.0
680 silly packumentCache full:https://registry.npmjs.org/normalize-path cache-miss
681 http cache https://registry.npmjs.org/type-is 5ms (cache hit)
682 silly packumentCache full:https://registry.npmjs.org/type-is set size:88614 disposed:false
683 silly fetch manifest fsevents@~2.3.2
684 silly packumentCache full:https://registry.npmjs.org/fsevents cache-miss
685 http cache https://registry.npmjs.org/unpipe 6ms (cache hit)
686 silly packumentCache full:https://registry.npmjs.org/unpipe set size:3609 disposed:false
687 silly fetch manifest json-parse-helpfulerror@^1.0.3
688 silly packumentCache full:https://registry.npmjs.org/json-parse-helpfulerror cache-miss
689 http cache https://registry.npmjs.org/anymatch 5ms (cache hit)
690 silly packumentCache full:https://registry.npmjs.org/anymatch set size:42974 disposed:false
691 silly fetch manifest string-width@^4.2.0
692 silly packumentCache full:https://registry.npmjs.org/string-width cache-miss
693 http cache https://registry.npmjs.org/is-glob 5ms (cache hit)
694 silly packumentCache full:https://registry.npmjs.org/is-glob set size:40530 disposed:false
695 silly fetch manifest @colors/colors@1.5.0
696 silly packumentCache full:https://registry.npmjs.org/@colors%2fcolors cache-miss
697 http cache https://registry.npmjs.org/braces 7ms (cache hit)
698 silly packumentCache full:https://registry.npmjs.org/braces set size:114529 disposed:false
699 silly fetch manifest dot-prop@^5.2.0
700 silly packumentCache full:https://registry.npmjs.org/dot-prop cache-miss
701 http cache https://registry.npmjs.org/readdirp 6ms (cache hit)
702 silly packumentCache full:https://registry.npmjs.org/readdirp set size:107589 disposed:false
703 silly fetch manifest make-dir@^3.0.0
704 silly packumentCache full:https://registry.npmjs.org/make-dir cache-miss
705 http cache https://registry.npmjs.org/glob-parent 6ms (cache hit)
706 silly packumentCache full:https://registry.npmjs.org/glob-parent set size:42445 disposed:false
707 silly fetch manifest graceful-fs@^4.1.2
708 silly packumentCache full:https://registry.npmjs.org/graceful-fs cache-miss
709 http cache https://registry.npmjs.org/is-binary-path 5ms (cache hit)
710 silly packumentCache full:https://registry.npmjs.org/is-binary-path set size:13475 disposed:false
711 silly fetch manifest xdg-basedir@^4.0.0
712 silly packumentCache full:https://registry.npmjs.org/xdg-basedir cache-miss
713 http cache https://registry.npmjs.org/fsevents 4ms (cache hit)
714 silly packumentCache full:https://registry.npmjs.org/fsevents set size:182472 disposed:false
715 silly fetch manifest unique-string@^2.0.0
716 silly packumentCache full:https://registry.npmjs.org/unique-string cache-miss
717 http cache https://registry.npmjs.org/normalize-path 6ms (cache hit)
718 silly packumentCache full:https://registry.npmjs.org/normalize-path set size:28713 disposed:false
719 silly fetch manifest write-file-atomic@^3.0.0
720 silly packumentCache full:https://registry.npmjs.org/write-file-atomic cache-miss
721 http cache https://registry.npmjs.org/json-parse-helpfulerror 5ms (cache hit)
722 silly packumentCache full:https://registry.npmjs.org/json-parse-helpfulerror set size:6012 disposed:false
723 silly fetch manifest object-assign@^4
724 silly packumentCache full:https://registry.npmjs.org/object-assign cache-miss
725 http cache https://registry.npmjs.org/dot-prop 4ms (cache hit)
726 silly packumentCache full:https://registry.npmjs.org/dot-prop set size:74769 disposed:false
727 silly fetch manifest vary@^1
728 silly packumentCache full:https://registry.npmjs.org/vary cache-miss
729 http cache https://registry.npmjs.org/string-width 6ms (cache hit)
730 silly packumentCache full:https://registry.npmjs.org/string-width set size:70381 disposed:false
731 silly fetch manifest cross-spawn@^7.0.1
732 silly packumentCache full:https://registry.npmjs.org/cross-spawn cache-hit
733 silly fetch manifest which@^2.0.1
734 silly packumentCache full:https://registry.npmjs.org/which cache-miss
735 http cache https://registry.npmjs.org/@colors%2fcolors 5ms (cache hit)
736 silly packumentCache full:https://registry.npmjs.org/@colors%2fcolors set size:12042 disposed:false
737 silly fetch manifest path-key@^3.1.0
738 silly packumentCache full:https://registry.npmjs.org/path-key cache-miss
739 http cache https://registry.npmjs.org/make-dir 4ms (cache hit)
740 silly packumentCache full:https://registry.npmjs.org/make-dir set size:34889 disposed:false
741 silly fetch manifest shebang-command@^2.0.0
742 silly packumentCache full:https://registry.npmjs.org/shebang-command cache-miss
743 http cache https://registry.npmjs.org/graceful-fs 5ms (cache hit)
744 silly packumentCache full:https://registry.npmjs.org/graceful-fs set size:124285 disposed:false
745 silly fetch manifest sort-any@^4.0.0
746 silly packumentCache full:https://registry.npmjs.org/sort-any cache-miss
747 http cache https://registry.npmjs.org/xdg-basedir 5ms (cache hit)
748 silly packumentCache full:https://registry.npmjs.org/xdg-basedir set size:19771 disposed:false
749 silly fetch manifest @apidevtools/json-schema-ref-parser@^9.0.3
750 silly packumentCache full:https://registry.npmjs.org/@apidevtools%2fjson-schema-ref-parser cache-miss
751 http cache https://registry.npmjs.org/unique-string 4ms (cache hit)
752 silly packumentCache full:https://registry.npmjs.org/unique-string set size:8164 disposed:false
753 silly fetch manifest ajv-formats@^2.1.0
754 silly packumentCache full:https://registry.npmjs.org/ajv-formats cache-hit
755 silly fetch manifest content-type@^1.0.4
756 silly packumentCache full:https://registry.npmjs.org/content-type cache-hit
757 silly fetch manifest deep-freeze@0.0.1
758 silly packumentCache full:https://registry.npmjs.org/deep-freeze cache-miss
759 http cache https://registry.npmjs.org/write-file-atomic 4ms (cache hit)
760 silly packumentCache full:https://registry.npmjs.org/write-file-atomic set size:82777 disposed:false
761 silly fetch manifest events-listener@^1.1.0
762 silly packumentCache full:https://registry.npmjs.org/events-listener cache-miss
763 http cache https://registry.npmjs.org/object-assign 5ms (cache hit)
764 silly packumentCache full:https://registry.npmjs.org/object-assign set size:28988 disposed:false
765 silly fetch manifest glob@^10.3.10
766 silly packumentCache full:https://registry.npmjs.org/glob cache-hit
767 silly fetch manifest json-ptr@^3.0.1
768 silly packumentCache full:https://registry.npmjs.org/json-ptr cache-miss
769 http cache https://registry.npmjs.org/path-key 5ms (cache hit)
770 silly packumentCache full:https://registry.npmjs.org/path-key set size:16975 disposed:false
771 silly fetch manifest lodash@^4.17.11
772 silly packumentCache full:https://registry.npmjs.org/lodash cache-hit
773 silly fetch manifest openapi3-ts@^3.1.1
774 silly packumentCache full:https://registry.npmjs.org/openapi3-ts cache-miss
775 http cache https://registry.npmjs.org/vary 5ms (cache hit)
776 silly packumentCache full:https://registry.npmjs.org/vary set size:15994 disposed:false
777 silly fetch manifest promise-breaker@^6.0.0
778 silly packumentCache full:https://registry.npmjs.org/promise-breaker cache-miss
779 http cache https://registry.npmjs.org/which 5ms (cache hit)
780 silly packumentCache full:https://registry.npmjs.org/which set size:70143 disposed:false
781 silly fetch manifest qs@^6.6.0
782 silly packumentCache full:https://registry.npmjs.org/qs cache-hit
783 silly fetch manifest raw-body@^2.3.3
784 silly packumentCache full:https://registry.npmjs.org/raw-body cache-hit
785 silly fetch manifest semver@^7.0.0
786 silly packumentCache full:https://registry.npmjs.org/semver cache-hit
787 silly fetch manifest etag@~1.8.1
788 silly packumentCache full:https://registry.npmjs.org/etag cache-miss
789 http cache https://registry.npmjs.org/shebang-command 5ms (cache hit)
790 silly packumentCache full:https://registry.npmjs.org/shebang-command set size:8525 disposed:false
791 silly fetch manifest send@~0.19.0
792 silly packumentCache full:https://registry.npmjs.org/send cache-miss
793 http cache https://registry.npmjs.org/deep-freeze 5ms (cache hit)
794 silly packumentCache full:https://registry.npmjs.org/deep-freeze set size:3226 disposed:false
795 silly fetch manifest vary@~1.1.2
796 silly packumentCache full:https://registry.npmjs.org/vary cache-hit
797 silly fetch manifest fresh@~0.5.2
798 silly packumentCache full:https://registry.npmjs.org/fresh cache-miss
799 http cache https://registry.npmjs.org/events-listener 4ms (cache hit)
800 silly packumentCache full:https://registry.npmjs.org/events-listener set size:11001 disposed:false
801 silly fetch manifest cookie@~0.7.1
802 silly packumentCache full:https://registry.npmjs.org/cookie cache-miss
803 http cache https://registry.npmjs.org/@apidevtools%2fjson-schema-ref-parser 6ms (cache hit)
804 silly packumentCache full:https://registry.npmjs.org/@apidevtools%2fjson-schema-ref-parser set size:296986 disposed:false
805 silly fetch manifest accepts@~1.3.8
806 silly packumentCache full:https://registry.npmjs.org/accepts cache-miss
807 http cache https://registry.npmjs.org/sort-any 7ms (cache hit)
808 silly packumentCache full:https://registry.npmjs.org/sort-any set size:125469 disposed:false
809 silly fetch manifest methods@~1.1.2
810 silly packumentCache full:https://registry.npmjs.org/methods cache-miss
811 http cache https://registry.npmjs.org/json-ptr 7ms (cache hit)
812 silly packumentCache full:https://registry.npmjs.org/json-ptr set size:1448490 disposed:false
813 silly fetch manifest parseurl@~1.3.3
814 silly packumentCache full:https://registry.npmjs.org/parseurl cache-miss
815 http cache https://registry.npmjs.org/openapi3-ts 9ms (cache hit)
816 silly packumentCache full:https://registry.npmjs.org/openapi3-ts set size:156424 disposed:false
817 silly fetch manifest statuses@~2.0.1
818 silly packumentCache full:https://registry.npmjs.org/statuses cache-miss
819 http cache https://registry.npmjs.org/etag 9ms (cache hit)
820 silly packumentCache full:https://registry.npmjs.org/etag set size:30032 disposed:false
821 silly fetch manifest encodeurl@~2.0.0
822 silly packumentCache full:https://registry.npmjs.org/encodeurl cache-miss
823 http cache https://registry.npmjs.org/send 10ms (cache hit)
824 silly packumentCache full:https://registry.npmjs.org/send set size:152810 disposed:false
825 silly fetch manifest proxy-addr@~2.0.7
826 silly packumentCache full:https://registry.npmjs.org/proxy-addr cache-miss
827 http cache https://registry.npmjs.org/promise-breaker 11ms (cache hit)
828 silly packumentCache full:https://registry.npmjs.org/promise-breaker set size:69947 disposed:false
829 silly fetch manifest escape-html@~1.0.3
830 silly packumentCache full:https://registry.npmjs.org/escape-html cache-miss
831 http cache https://registry.npmjs.org/accepts 8ms (cache hit)
832 silly packumentCache full:https://registry.npmjs.org/accepts set size:77054 disposed:false
833 silly fetch manifest http-errors@~2.0.0
834 silly packumentCache full:https://registry.npmjs.org/http-errors cache-hit
835 silly fetch manifest safe-buffer@5.2.1
836 silly packumentCache full:https://registry.npmjs.org/safe-buffer cache-miss
837 http cache https://registry.npmjs.org/fresh 11ms (cache hit)
838 silly packumentCache full:https://registry.npmjs.org/fresh set size:25427 disposed:false
839 silly fetch manifest utils-merge@1.0.1
840 silly packumentCache full:https://registry.npmjs.org/utils-merge cache-miss
841 http cache https://registry.npmjs.org/cookie 10ms (cache hit)
842 silly packumentCache full:https://registry.npmjs.org/cookie set size:72891 disposed:false
843 silly fetch manifest content-type@~1.0.4
844 silly packumentCache full:https://registry.npmjs.org/content-type cache-hit
845 silly fetch manifest finalhandler@~1.3.1
846 silly packumentCache full:https://registry.npmjs.org/finalhandler cache-miss
847 http cache https://registry.npmjs.org/methods 9ms (cache hit)
848 silly packumentCache full:https://registry.npmjs.org/methods set size:12600 disposed:false
849 silly fetch manifest range-parser@~1.2.1
850 silly packumentCache full:https://registry.npmjs.org/range-parser cache-miss
851 http cache https://registry.npmjs.org/statuses 5ms (cache hit)
852 silly packumentCache full:https://registry.npmjs.org/statuses set size:37117 disposed:false
853 silly fetch manifest serve-static@~1.16.2
854 silly packumentCache full:https://registry.npmjs.org/serve-static cache-miss
855 http cache https://registry.npmjs.org/proxy-addr 4ms (cache hit)
856 silly packumentCache full:https://registry.npmjs.org/proxy-addr set size:61619 disposed:false
857 silly fetch manifest array-flatten@1.1.1
858 silly packumentCache full:https://registry.npmjs.org/array-flatten cache-miss
859 http cache https://registry.npmjs.org/parseurl 7ms (cache hit)
860 silly packumentCache full:https://registry.npmjs.org/parseurl set size:24148 disposed:false
861 silly fetch manifest path-to-regexp@~0.1.12
862 silly packumentCache full:https://registry.npmjs.org/path-to-regexp cache-miss
863 http cache https://registry.npmjs.org/escape-html 4ms (cache hit)
864 silly packumentCache full:https://registry.npmjs.org/escape-html set size:7345 disposed:false
865 silly fetch manifest setprototypeof@1.2.0
866 silly packumentCache full:https://registry.npmjs.org/setprototypeof cache-miss
867 http cache https://registry.npmjs.org/encodeurl 6ms (cache hit)
868 silly packumentCache full:https://registry.npmjs.org/encodeurl set size:12296 disposed:false
869 silly fetch manifest cookie-signature@~1.0.6
870 silly packumentCache full:https://registry.npmjs.org/cookie-signature cache-miss
871 http cache https://registry.npmjs.org/safe-buffer 5ms (cache hit)
872 silly packumentCache full:https://registry.npmjs.org/safe-buffer set size:41183 disposed:false
873 silly fetch manifest merge-descriptors@1.0.3
874 silly packumentCache full:https://registry.npmjs.org/merge-descriptors cache-miss
875 http cache https://registry.npmjs.org/finalhandler 4ms (cache hit)
876 silly packumentCache full:https://registry.npmjs.org/finalhandler set size:79291 disposed:false
877 silly fetch manifest content-disposition@~0.5.4
878 silly packumentCache full:https://registry.npmjs.org/content-disposition cache-miss
879 http cache https://registry.npmjs.org/utils-merge 5ms (cache hit)
880 silly packumentCache full:https://registry.npmjs.org/utils-merge set size:5237 disposed:false
881 silly fetch manifest asynckit@^0.4.0
882 silly packumentCache full:https://registry.npmjs.org/asynckit cache-miss
883 http cache https://registry.npmjs.org/range-parser 4ms (cache hit)
884 silly packumentCache full:https://registry.npmjs.org/range-parser set size:22228 disposed:false
885 silly fetch manifest combined-stream@^1.0.8
886 silly packumentCache full:https://registry.npmjs.org/combined-stream cache-miss
887 http cache https://registry.npmjs.org/serve-static 5ms (cache hit)
888 silly packumentCache full:https://registry.npmjs.org/serve-static set size:150391 disposed:false
889 silly fetch manifest es-set-tostringtag@^2.1.0
890 silly packumentCache full:https://registry.npmjs.org/es-set-tostringtag cache-miss
891 http cache https://registry.npmjs.org/array-flatten 5ms (cache hit)
892 silly packumentCache full:https://registry.npmjs.org/array-flatten set size:24005 disposed:false
893 silly fetch manifest hasown@^2.0.2
894 silly packumentCache full:https://registry.npmjs.org/hasown cache-miss
895 http cache https://registry.npmjs.org/cookie-signature 5ms (cache hit)
896 silly packumentCache full:https://registry.npmjs.org/cookie-signature set size:21777 disposed:false
897 silly fetch manifest mime-types@^2.1.12
898 silly packumentCache full:https://registry.npmjs.org/mime-types cache-miss
899 http cache https://registry.npmjs.org/path-to-regexp 5ms (cache hit)
900 silly packumentCache full:https://registry.npmjs.org/path-to-regexp set size:216334 disposed:false
901 silly fetch manifest jsonfile@^6.0.1
902 silly packumentCache full:https://registry.npmjs.org/jsonfile cache-miss
903 http cache https://registry.npmjs.org/setprototypeof 6ms (cache hit)
904 silly packumentCache full:https://registry.npmjs.org/setprototypeof set size:14532 disposed:false
905 silly fetch manifest graceful-fs@^4.2.0
906 silly packumentCache full:https://registry.npmjs.org/graceful-fs cache-hit
907 silly fetch manifest universalify@^2.0.0
908 silly packumentCache full:https://registry.npmjs.org/universalify cache-miss
909 http cache https://registry.npmjs.org/content-disposition 5ms (cache hit)
910 silly packumentCache full:https://registry.npmjs.org/content-disposition set size:42862 disposed:false
911 silly fetch manifest uuid@^9.0.1
912 silly packumentCache full:https://registry.npmjs.org/uuid cache-hit
913 silly fetch manifest is-stream@^2.0.0
914 silly packumentCache full:https://registry.npmjs.org/is-stream cache-miss
915 http cache https://registry.npmjs.org/merge-descriptors 6ms (cache hit)
916 silly packumentCache full:https://registry.npmjs.org/merge-descriptors set size:16527 disposed:false
917 silly fetch manifest node-fetch@^2.6.9
918 silly packumentCache full:https://registry.npmjs.org/node-fetch cache-hit
919 silly fetch manifest https-proxy-agent@^7.0.1
920 silly packumentCache full:https://registry.npmjs.org/https-proxy-agent cache-miss
921 http cache https://registry.npmjs.org/asynckit 6ms (cache hit)
922 silly packumentCache full:https://registry.npmjs.org/asynckit set size:18932 disposed:false
923 silly fetch manifest minipass@^7.1.2
924 silly packumentCache full:https://registry.npmjs.org/minipass cache-miss
925 http cache https://registry.npmjs.org/combined-stream 5ms (cache hit)
926 silly packumentCache full:https://registry.npmjs.org/combined-stream set size:40337 disposed:false
927 silly fetch manifest jackspeak@^3.1.2
928 silly packumentCache full:https://registry.npmjs.org/jackspeak cache-miss
929 http cache https://registry.npmjs.org/hasown 5ms (cache hit)
930 silly packumentCache full:https://registry.npmjs.org/hasown set size:18361 disposed:false
931 silly fetch manifest minimatch@^9.0.4
932 silly packumentCache full:https://registry.npmjs.org/minimatch cache-hit
933 silly fetch manifest path-scurry@^1.11.1
934 silly packumentCache full:https://registry.npmjs.org/path-scurry cache-miss
935 http cache https://registry.npmjs.org/es-set-tostringtag 6ms (cache hit)
936 silly packumentCache full:https://registry.npmjs.org/es-set-tostringtag set size:22094 disposed:false
937 silly fetch manifest foreground-child@^3.1.0
938 silly packumentCache full:https://registry.npmjs.org/foreground-child cache-miss
939 http cache https://registry.npmjs.org/jsonfile 5ms (cache hit)
940 silly packumentCache full:https://registry.npmjs.org/jsonfile set size:53210 disposed:false
941 silly fetch manifest package-json-from-dist@^1.0.0
942 silly packumentCache full:https://registry.npmjs.org/package-json-from-dist cache-miss
943 http cache https://registry.npmjs.org/mime-types 6ms (cache hit)
944 silly packumentCache full:https://registry.npmjs.org/mime-types set size:139110 disposed:false
945 silly fetch manifest jws@^4.0.0
946 silly packumentCache full:https://registry.npmjs.org/jws cache-miss
947 http cache https://registry.npmjs.org/universalify 5ms (cache hit)
948 silly packumentCache full:https://registry.npmjs.org/universalify set size:19431 disposed:false
949 silly fetch manifest gtoken@^7.0.0
950 silly packumentCache full:https://registry.npmjs.org/gtoken cache-miss
951 http cache https://registry.npmjs.org/is-stream 8ms (cache hit)
952 silly packumentCache full:https://registry.npmjs.org/is-stream set size:18582 disposed:false
953 silly fetch manifest base64-js@^1.3.0
954 silly packumentCache full:https://registry.npmjs.org/base64-js cache-miss
955 http cache https://registry.npmjs.org/jackspeak 8ms (cache hit)
956 silly packumentCache full:https://registry.npmjs.org/jackspeak set size:204267 disposed:false
957 silly fetch manifest gcp-metadata@^6.1.0
958 silly packumentCache full:https://registry.npmjs.org/gcp-metadata cache-miss
959 http cache https://registry.npmjs.org/https-proxy-agent 8ms (cache hit)
960 silly packumentCache full:https://registry.npmjs.org/https-proxy-agent set size:81258 disposed:false
961 silly fetch manifest ecdsa-sig-formatter@^1.0.11
962 silly packumentCache full:https://registry.npmjs.org/ecdsa-sig-formatter cache-miss
963 http cache https://registry.npmjs.org/path-scurry 8ms (cache hit)
964 silly packumentCache full:https://registry.npmjs.org/path-scurry set size:117612 disposed:false
965 silly fetch manifest esprima@^4.0.0
966 silly packumentCache full:https://registry.npmjs.org/esprima cache-miss
967 http cache https://registry.npmjs.org/foreground-child 8ms (cache hit)
968 silly packumentCache full:https://registry.npmjs.org/foreground-child set size:71503 disposed:false
969 silly fetch manifest argparse@^1.0.7
970 silly packumentCache full:https://registry.npmjs.org/argparse cache-miss
971 http cache https://registry.npmjs.org/minipass 10ms (cache hit)
972 silly packumentCache full:https://registry.npmjs.org/minipass set size:276925 disposed:false
973 silly fetch manifest ms@^2.1.1
974 silly packumentCache full:https://registry.npmjs.org/ms cache-miss
975 http cache https://registry.npmjs.org/package-json-from-dist 9ms (cache hit)
976 silly packumentCache full:https://registry.npmjs.org/package-json-from-dist set size:8854 disposed:false
977 silly fetch manifest jws@^4.0.1
978 silly packumentCache full:https://registry.npmjs.org/jws cache-miss
979 http cache https://registry.npmjs.org/jws 9ms (cache hit)
980 silly packumentCache full:https://registry.npmjs.org/jws set size:48919 disposed:false
981 silly fetch manifest semver@^7.5.4
982 silly packumentCache full:https://registry.npmjs.org/semver cache-hit
983 silly fetch manifest lodash.once@^4.0.0
984 silly packumentCache full:https://registry.npmjs.org/lodash.once cache-miss
985 http cache https://registry.npmjs.org/gtoken 9ms (cache hit)
986 silly packumentCache full:https://registry.npmjs.org/gtoken set size:155604 disposed:false
987 silly fetch manifest lodash.includes@^4.3.0
988 silly packumentCache full:https://registry.npmjs.org/lodash.includes cache-miss
989 http cache https://registry.npmjs.org/base64-js 7ms (cache hit)
990 silly packumentCache full:https://registry.npmjs.org/base64-js set size:41270 disposed:false
991 silly fetch manifest lodash.isnumber@^3.0.3
992 silly packumentCache full:https://registry.npmjs.org/lodash.isnumber cache-miss
993 http cache https://registry.npmjs.org/gcp-metadata 6ms (cache hit)
994 silly packumentCache full:https://registry.npmjs.org/gcp-metadata set size:191448 disposed:false
995 silly fetch manifest lodash.isstring@^4.0.1
996 silly packumentCache full:https://registry.npmjs.org/lodash.isstring cache-miss
997 http cache https://registry.npmjs.org/ecdsa-sig-formatter 6ms (cache hit)
998 silly packumentCache full:https://registry.npmjs.org/ecdsa-sig-formatter set size:23546 disposed:false
999 silly fetch manifest lodash.isboolean@^3.0.3
1000 silly packumentCache full:https://registry.npmjs.org/lodash.isboolean cache-miss
1001 http cache https://registry.npmjs.org/esprima 7ms (cache hit)
1002 silly packumentCache full:https://registry.npmjs.org/esprima set size:118410 disposed:false
1003 silly fetch manifest lodash.isinteger@^4.0.4
1004 silly packumentCache full:https://registry.npmjs.org/lodash.isinteger cache-miss
1005 http cache https://registry.npmjs.org/argparse 6ms (cache hit)
1006 silly packumentCache full:https://registry.npmjs.org/argparse set size:49266 disposed:false
1007 silly fetch manifest lodash.isplainobject@^4.0.6
1008 silly packumentCache full:https://registry.npmjs.org/lodash.isplainobject cache-miss
1009 http cache https://registry.npmjs.org/ms 6ms (cache hit)
1010 silly packumentCache full:https://registry.npmjs.org/ms set size:92208 disposed:false
1011 silly fetch manifest libsodium@^0.7.16
1012 silly packumentCache full:https://registry.npmjs.org/libsodium cache-miss
1013 http cache https://registry.npmjs.org/jws 6ms (cache hit)
1014 silly packumentCache full:https://registry.npmjs.org/jws set size:48919 disposed:false
1015 silly packumentCache full:https://registry.npmjs.org/jws dispose
1016 silly fetch manifest ansi-escapes@^7.0.0
1017 silly packumentCache full:https://registry.npmjs.org/ansi-escapes cache-miss
1018 http cache https://registry.npmjs.org/lodash.once 6ms (cache hit)
1019 silly packumentCache full:https://registry.npmjs.org/lodash.once set size:23407 disposed:false
1020 silly fetch manifest ansi-regex@^6.1.0
1021 silly packumentCache full:https://registry.npmjs.org/ansi-regex cache-miss
1022 http cache https://registry.npmjs.org/lodash.includes 5ms (cache hit)
1023 silly packumentCache full:https://registry.npmjs.org/lodash.includes set size:27594 disposed:false
1024 silly fetch manifest chalk@^5.4.1
1025 silly packumentCache full:https://registry.npmjs.org/chalk cache-miss
1026 http cache https://registry.npmjs.org/lodash.isnumber 5ms (cache hit)
1027 silly packumentCache full:https://registry.npmjs.org/lodash.isnumber set size:21368 disposed:false
1028 silly fetch manifest cli-highlight@^2.1.11
1029 silly packumentCache full:https://registry.npmjs.org/cli-highlight cache-miss
1030 http cache https://registry.npmjs.org/lodash.isboolean 5ms (cache hit)
1031 silly packumentCache full:https://registry.npmjs.org/lodash.isboolean set size:21437 disposed:false
1032 silly fetch manifest node-emoji@^2.2.0
1033 silly packumentCache full:https://registry.npmjs.org/node-emoji cache-miss
1034 http cache https://registry.npmjs.org/lodash.isinteger 4ms (cache hit)
1035 silly packumentCache full:https://registry.npmjs.org/lodash.isinteger set size:10827 disposed:false
1036 silly fetch manifest supports-hyperlinks@^3.1.0
1037 silly packumentCache full:https://registry.npmjs.org/supports-hyperlinks cache-miss
1038 http cache https://registry.npmjs.org/lodash.isplainobject 3ms (cache hit)
1039 silly packumentCache full:https://registry.npmjs.org/lodash.isplainobject set size:38531 disposed:false
1040 silly fetch manifest brace-expansion@^1.1.7
1041 silly packumentCache full:https://registry.npmjs.org/brace-expansion cache-miss
1042 http cache https://registry.npmjs.org/lodash.isstring 5ms (cache hit)
1043 silly packumentCache full:https://registry.npmjs.org/lodash.isstring set size:21368 disposed:false
1044 silly fetch manifest basic-auth@~2.0.1
1045 silly packumentCache full:https://registry.npmjs.org/basic-auth cache-miss
1046 http cache https://registry.npmjs.org/libsodium 4ms (cache hit)
1047 silly packumentCache full:https://registry.npmjs.org/libsodium set size:89062 disposed:false
1048 silly fetch manifest depd@~2.0.0
1049 silly packumentCache full:https://registry.npmjs.org/depd cache-hit
1050 silly fetch manifest on-headers@~1.1.0
1051 silly packumentCache full:https://registry.npmjs.org/on-headers cache-miss
1052 http cache https://registry.npmjs.org/ansi-escapes 3ms (cache hit)
1053 silly packumentCache full:https://registry.npmjs.org/ansi-escapes set size:70915 disposed:false
1054 silly fetch manifest whatwg-url@^5.0.0
1055 silly packumentCache full:https://registry.npmjs.org/whatwg-url cache-miss
1056 http cache https://registry.npmjs.org/ansi-regex 4ms (cache hit)
1057 silly packumentCache full:https://registry.npmjs.org/ansi-regex set size:43572 disposed:false
1058 silly fetch manifest is-wsl@^1.1.0
1059 silly packumentCache full:https://registry.npmjs.org/is-wsl cache-miss
1060 http cache https://registry.npmjs.org/chalk 4ms (cache hit)
1061 silly packumentCache full:https://registry.npmjs.org/chalk set size:117861 disposed:false
1062 silly fetch manifest bl@^4.1.0
1063 silly packumentCache full:https://registry.npmjs.org/bl cache-miss
1064 http cache https://registry.npmjs.org/cli-highlight 5ms (cache hit)
1065 silly packumentCache full:https://registry.npmjs.org/cli-highlight set size:82544 disposed:false
1066 silly fetch manifest chalk@^4.1.0
1067 silly packumentCache full:https://registry.npmjs.org/chalk cache-hit
1068 silly fetch manifest wcwidth@^1.0.1
1069 silly packumentCache full:https://registry.npmjs.org/wcwidth cache-miss
1070 http cache https://registry.npmjs.org/node-emoji 4ms (cache hit)
1071 silly packumentCache full:https://registry.npmjs.org/node-emoji set size:88366 disposed:false
1072 silly fetch manifest cli-cursor@^3.1.0
1073 silly packumentCache full:https://registry.npmjs.org/cli-cursor cache-miss
1074 http cache https://registry.npmjs.org/supports-hyperlinks 5ms (cache hit)
1075 silly packumentCache full:https://registry.npmjs.org/supports-hyperlinks set size:36220 disposed:false
1076 silly fetch manifest strip-ansi@^6.0.0
1077 silly packumentCache full:https://registry.npmjs.org/strip-ansi cache-miss
1078 http cache https://registry.npmjs.org/brace-expansion 5ms (cache hit)
1079 silly packumentCache full:https://registry.npmjs.org/brace-expansion set size:72152 disposed:false
1080 silly fetch manifest log-symbols@^4.1.0
1081 silly packumentCache full:https://registry.npmjs.org/log-symbols cache-miss
1082 http cache https://registry.npmjs.org/on-headers 5ms (cache hit)
1083 silly packumentCache full:https://registry.npmjs.org/on-headers set size:13226 disposed:false
1084 silly fetch manifest cli-spinners@^2.5.0
1085 silly packumentCache full:https://registry.npmjs.org/cli-spinners cache-miss
1086 http cache https://registry.npmjs.org/whatwg-url 4ms (cache hit)
1087 silly packumentCache full:https://registry.npmjs.org/whatwg-url set size:170765 disposed:false
1088 silly fetch manifest is-interactive@^1.0.0
1089 silly packumentCache full:https://registry.npmjs.org/is-interactive cache-miss
1090 http cache https://registry.npmjs.org/is-wsl 5ms (cache hit)
1091 silly packumentCache full:https://registry.npmjs.org/is-wsl set size:20683 disposed:false
1092 silly fetch manifest is-unicode-supported@^0.1.0
1093 silly packumentCache full:https://registry.npmjs.org/is-unicode-supported cache-miss
1094 http cache https://registry.npmjs.org/basic-auth 6ms (cache hit)
1095 silly packumentCache full:https://registry.npmjs.org/basic-auth set size:21757 disposed:false
1096 silly fetch manifest yocto-queue@^0.1.0
1097 silly packumentCache full:https://registry.npmjs.org/yocto-queue cache-miss
1098 http cache https://registry.npmjs.org/bl 5ms (cache hit)
1099 silly packumentCache full:https://registry.npmjs.org/bl set size:199280 disposed:false
1100 silly fetch manifest pg-connection-string@^2.13.0
1101 silly packumentCache full:https://registry.npmjs.org/pg-connection-string cache-miss
1102 http cache https://registry.npmjs.org/wcwidth 6ms (cache hit)
1103 silly packumentCache full:https://registry.npmjs.org/wcwidth set size:5904 disposed:false
1104 silly fetch manifest pg-pool@^3.14.0
1105 silly packumentCache full:https://registry.npmjs.org/pg-pool cache-miss
1106 http cache https://registry.npmjs.org/cli-cursor 5ms (cache hit)
1107 silly packumentCache full:https://registry.npmjs.org/cli-cursor set size:18913 disposed:false
1108 silly fetch manifest pg-protocol@^1.14.0
1109 silly packumentCache full:https://registry.npmjs.org/pg-protocol cache-miss
1110 http cache https://registry.npmjs.org/strip-ansi 5ms (cache hit)
1111 silly packumentCache full:https://registry.npmjs.org/strip-ansi set size:44998 disposed:false
1112 silly fetch manifest pg-types@2.2.0
1113 silly packumentCache full:https://registry.npmjs.org/pg-types cache-miss
1114 http cache https://registry.npmjs.org/log-symbols 5ms (cache hit)
1115 silly packumentCache full:https://registry.npmjs.org/log-symbols set size:31977 disposed:false
1116 silly fetch manifest pgpass@1.0.5
1117 silly packumentCache full:https://registry.npmjs.org/pgpass cache-miss
1118 http cache https://registry.npmjs.org/cli-spinners 5ms (cache hit)
1119 silly packumentCache full:https://registry.npmjs.org/cli-spinners set size:67473 disposed:false
1120 silly fetch manifest pg-cloudflare@^1.4.0
1121 silly packumentCache full:https://registry.npmjs.org/pg-cloudflare cache-miss
1122 http cache https://registry.npmjs.org/is-unicode-supported 5ms (cache hit)
1123 silly packumentCache full:https://registry.npmjs.org/is-unicode-supported set size:19461 disposed:false
1124 silly fetch manifest async@^3.2.6
1125 silly packumentCache full:https://registry.npmjs.org/async cache-hit
1126 silly fetch manifest debug@^4.3.6
1127 silly packumentCache full:https://registry.npmjs.org/debug cache-hit
1128 silly fetch manifest debug@^4.3.4
1129 silly packumentCache full:https://registry.npmjs.org/debug cache-hit
1130 silly fetch manifest lru-cache@^7.14.1
1131 silly packumentCache full:https://registry.npmjs.org/lru-cache cache-miss
1132 http cache https://registry.npmjs.org/is-interactive 5ms (cache hit)
1133 silly packumentCache full:https://registry.npmjs.org/is-interactive set size:10692 disposed:false
1134 silly fetch manifest agent-base@^7.1.2
1135 silly packumentCache full:https://registry.npmjs.org/agent-base cache-miss
1136 http cache https://registry.npmjs.org/yocto-queue 4ms (cache hit)
1137 silly packumentCache full:https://registry.npmjs.org/yocto-queue set size:20256 disposed:false
1138 silly fetch manifest proxy-from-env@^1.1.0
1139 silly packumentCache full:https://registry.npmjs.org/proxy-from-env cache-miss
1140 http cache https://registry.npmjs.org/pg-connection-string 4ms (cache hit)
1141 silly packumentCache full:https://registry.npmjs.org/pg-connection-string set size:76484 disposed:false
1142 silly fetch manifest pac-proxy-agent@^7.1.0
1143 silly packumentCache full:https://registry.npmjs.org/pac-proxy-agent cache-miss
1144 http cache https://registry.npmjs.org/pgpass 3ms (cache hit)
1145 silly packumentCache full:https://registry.npmjs.org/pgpass set size:26739 disposed:false
1146 silly fetch manifest http-proxy-agent@^7.0.1
1147 silly packumentCache full:https://registry.npmjs.org/http-proxy-agent cache-miss
1148 http cache https://registry.npmjs.org/pg-pool 5ms (cache hit)
1149 silly packumentCache full:https://registry.npmjs.org/pg-pool set size:132010 disposed:false
1150 silly fetch manifest https-proxy-agent@^7.0.6
1151 silly packumentCache full:https://registry.npmjs.org/https-proxy-agent cache-hit
1152 silly fetch manifest socks-proxy-agent@^8.0.5
1153 silly packumentCache full:https://registry.npmjs.org/socks-proxy-agent cache-miss
1154 http cache https://registry.npmjs.org/pg-types 5ms (cache hit)
1155 silly packumentCache full:https://registry.npmjs.org/pg-types set size:51397 disposed:false
1156 silly fetch manifest argparse@^2.0.1
1157 silly packumentCache full:https://registry.npmjs.org/argparse cache-hit
1158 silly fetch manifest nearley@^2.20.1
1159 silly packumentCache full:https://registry.npmjs.org/nearley cache-miss
1160 http cache https://registry.npmjs.org/pg-protocol 6ms (cache hit)
1161 silly packumentCache full:https://registry.npmjs.org/pg-protocol set size:53427 disposed:false
1162 silly fetch manifest basic-auth-connect@^1.1.0
1163 silly packumentCache full:https://registry.npmjs.org/basic-auth-connect cache-miss
1164 http cache https://registry.npmjs.org/pg-cloudflare 5ms (cache hit)
1165 silly packumentCache full:https://registry.npmjs.org/pg-cloudflare set size:22655 disposed:false
1166 silly fetch manifest commander@^10.0.0
1167 silly packumentCache full:https://registry.npmjs.org/commander cache-hit
1168 silly fetch manifest compression@^1.7.0
1169 silly packumentCache full:https://registry.npmjs.org/compression cache-miss
1170 http cache https://registry.npmjs.org/agent-base 5ms (cache hit)
1171 silly packumentCache full:https://registry.npmjs.org/agent-base set size:72085 disposed:false
1172 silly fetch manifest connect@^3.7.0
1173 silly packumentCache full:https://registry.npmjs.org/connect cache-miss
1174 http cache https://registry.npmjs.org/proxy-from-env 5ms (cache hit)
1175 silly packumentCache full:https://registry.npmjs.org/proxy-from-env set size:21422 disposed:false
1176 silly fetch manifest destroy@^1.0.4
1177 silly packumentCache full:https://registry.npmjs.org/destroy cache-hit
1178 silly fetch manifest glob-slasher@^1.0.1
1179 silly packumentCache full:https://registry.npmjs.org/glob-slasher cache-miss
1180 http cache https://registry.npmjs.org/lru-cache 6ms (cache hit)
1181 silly packumentCache full:https://registry.npmjs.org/lru-cache set size:456196 disposed:false
1182 silly fetch manifest is-url@^1.2.2
1183 silly packumentCache full:https://registry.npmjs.org/is-url cache-miss
1184 http cache https://registry.npmjs.org/pac-proxy-agent 7ms (cache hit)
1185 silly packumentCache full:https://registry.npmjs.org/pac-proxy-agent set size:67079 disposed:false
1186 silly fetch manifest join-path@^1.1.1
1187 silly packumentCache full:https://registry.npmjs.org/join-path cache-miss
1188 http cache https://registry.npmjs.org/http-proxy-agent 7ms (cache hit)
1189 silly packumentCache full:https://registry.npmjs.org/http-proxy-agent set size:54849 disposed:false
1190 silly fetch manifest mime-types@^2.1.35
1191 silly packumentCache full:https://registry.npmjs.org/mime-types cache-hit
1192 silly fetch manifest minimatch@^6.1.6
1193 silly packumentCache full:https://registry.npmjs.org/minimatch cache-hit
1194 silly fetch manifest on-finished@^2.2.0
1195 silly packumentCache full:https://registry.npmjs.org/on-finished cache-hit
1196 silly fetch manifest on-headers@^1.0.0
1197 silly packumentCache full:https://registry.npmjs.org/on-headers cache-hit
1198 silly fetch manifest path-to-regexp@^1.9.0
1199 silly packumentCache full:https://registry.npmjs.org/path-to-regexp cache-hit
1200 silly fetch manifest router@^2.0.0
1201 silly packumentCache full:https://registry.npmjs.org/router cache-miss
1202 http cache https://registry.npmjs.org/nearley 7ms (cache hit)
1203 silly packumentCache full:https://registry.npmjs.org/nearley set size:210822 disposed:false
1204 silly fetch manifest re2@^1.17.7
1205 silly packumentCache full:https://registry.npmjs.org/re2 cache-miss
1206 http cache https://registry.npmjs.org/socks-proxy-agent 8ms (cache hit)
1207 silly packumentCache full:https://registry.npmjs.org/socks-proxy-agent set size:104740 disposed:false
1208 silly fetch manifest @isaacs/fs-minipass@^4.0.0
1209 silly packumentCache full:https://registry.npmjs.org/@isaacs%2ffs-minipass cache-miss
1210 http cache https://registry.npmjs.org/compression 8ms (cache hit)
1211 silly packumentCache full:https://registry.npmjs.org/compression set size:98424 disposed:false
1212 silly fetch manifest chownr@^3.0.0
1213 silly packumentCache full:https://registry.npmjs.org/chownr cache-miss
1214 http cache https://registry.npmjs.org/basic-auth-connect 9ms (cache hit)
1215 silly packumentCache full:https://registry.npmjs.org/basic-auth-connect set size:5161 disposed:false
1216 silly fetch manifest minizlib@^3.1.0
1217 silly packumentCache full:https://registry.npmjs.org/minizlib cache-miss
1218 http cache https://registry.npmjs.org/glob-slasher 8ms (cache hit)
1219 silly packumentCache full:https://registry.npmjs.org/glob-slasher set size:4547 disposed:false
1220 silly fetch manifest yallist@^5.0.0
1221 silly packumentCache full:https://registry.npmjs.org/yallist cache-miss
1222 http cache https://registry.npmjs.org/connect 9ms (cache hit)
1223 silly packumentCache full:https://registry.npmjs.org/connect set size:438385 disposed:false
1224 silly fetch manifest debug@4.3.1
1225 silly packumentCache full:https://registry.npmjs.org/debug cache-hit
1226 silly fetch manifest is2@^2.0.6
1227 silly packumentCache full:https://registry.npmjs.org/is2 cache-miss
1228 http cache https://registry.npmjs.org/is-url 8ms (cache hit)
1229 silly packumentCache full:https://registry.npmjs.org/is-url set size:11343 disposed:false
1230 silly fetch manifest debug@^4.3.1
1231 silly packumentCache full:https://registry.npmjs.org/debug cache-hit
1232 silly fetch manifest uuid@^14.0.0
1233 silly packumentCache full:https://registry.npmjs.org/uuid cache-hit
1234 silly fetch manifest boxen@^5.0.0
1235 silly packumentCache full:https://registry.npmjs.org/boxen cache-miss
1236 http cache https://registry.npmjs.org/join-path 8ms (cache hit)
1237 silly packumentCache full:https://registry.npmjs.org/join-path set size:6792 disposed:false
1238 silly fetch manifest has-yarn@^2.1.0
1239 silly packumentCache full:https://registry.npmjs.org/has-yarn cache-miss
1240 http cache https://registry.npmjs.org/router 7ms (cache hit)
1241 silly packumentCache full:https://registry.npmjs.org/router set size:116499 disposed:false
1242 silly fetch manifest import-lazy@^2.1.0
1243 silly packumentCache full:https://registry.npmjs.org/import-lazy cache-miss
1244 http cache https://registry.npmjs.org/re2 7ms (cache hit)
1245 silly packumentCache full:https://registry.npmjs.org/re2 set size:230027 disposed:false
1246 silly fetch manifest is-ci@^2.0.0
1247 silly packumentCache full:https://registry.npmjs.org/is-ci cache-miss
1248 http cache https://registry.npmjs.org/@isaacs%2ffs-minipass 6ms (cache hit)
1249 silly packumentCache full:https://registry.npmjs.org/@isaacs%2ffs-minipass set size:7912 disposed:false
1250 silly fetch manifest is-installed-globally@^0.4.0
1251 silly packumentCache full:https://registry.npmjs.org/is-installed-globally cache-miss
1252 http cache https://registry.npmjs.org/chownr 7ms (cache hit)
1253 silly packumentCache full:https://registry.npmjs.org/chownr set size:22157 disposed:false
1254 silly fetch manifest is-npm@^5.0.0
1255 silly packumentCache full:https://registry.npmjs.org/is-npm cache-miss
1256 http cache https://registry.npmjs.org/minizlib 6ms (cache hit)
1257 silly packumentCache full:https://registry.npmjs.org/minizlib set size:62862 disposed:false
1258 silly fetch manifest is-yarn-global@^0.3.0
1259 silly packumentCache full:https://registry.npmjs.org/is-yarn-global cache-miss
1260 http cache https://registry.npmjs.org/yallist 10ms (cache hit)
1261 silly packumentCache full:https://registry.npmjs.org/yallist set size:34610 disposed:false
1262 silly fetch manifest isomorphic-fetch@^3.0.0
1263 silly packumentCache full:https://registry.npmjs.org/isomorphic-fetch cache-miss
1264 http cache https://registry.npmjs.org/has-yarn 8ms (cache hit)
1265 silly packumentCache full:https://registry.npmjs.org/has-yarn set size:12720 disposed:false
1266 silly fetch manifest pupa@^2.1.1
1267 silly packumentCache full:https://registry.npmjs.org/pupa cache-miss
1268 http cache https://registry.npmjs.org/is2 9ms (cache hit)
1269 silly packumentCache full:https://registry.npmjs.org/is2 set size:60262 disposed:false
1270 silly fetch manifest registry-auth-token@^5.0.1
1271 silly packumentCache full:https://registry.npmjs.org/registry-auth-token cache-miss
1272 http cache https://registry.npmjs.org/boxen 9ms (cache hit)
1273 silly packumentCache full:https://registry.npmjs.org/boxen set size:96237 disposed:false
1274 silly fetch manifest registry-url@^5.1.0
1275 silly packumentCache full:https://registry.npmjs.org/registry-url cache-miss
1276 http cache https://registry.npmjs.org/import-lazy 9ms (cache hit)
1277 silly packumentCache full:https://registry.npmjs.org/import-lazy set size:9891 disposed:false
1278 silly fetch manifest semver-diff@^3.1.1
1279 silly packumentCache full:https://registry.npmjs.org/semver-diff cache-miss
1280 http cache https://registry.npmjs.org/is-ci 8ms (cache hit)
1281 silly packumentCache full:https://registry.npmjs.org/is-ci set size:35380 disposed:false
1282 silly fetch manifest async@^3.2.3
1283 silly packumentCache full:https://registry.npmjs.org/async cache-hit
1284 silly fetch manifest logform@^2.7.0
1285 silly packumentCache full:https://registry.npmjs.org/logform cache-miss
1286 http cache https://registry.npmjs.org/is-installed-globally 8ms (cache hit)
1287 silly packumentCache full:https://registry.npmjs.org/is-installed-globally set size:19693 disposed:false
1288 silly fetch manifest one-time@^1.0.0
1289 silly packumentCache full:https://registry.npmjs.org/one-time cache-miss
1290 http cache https://registry.npmjs.org/is-npm 8ms (cache hit)
1291 silly packumentCache full:https://registry.npmjs.org/is-npm set size:19322 disposed:false
1292 silly fetch manifest stack-trace@0.0.x
1293 silly packumentCache full:https://registry.npmjs.org/stack-trace cache-miss
1294 http cache https://registry.npmjs.org/is-yarn-global 8ms (cache hit)
1295 silly packumentCache full:https://registry.npmjs.org/is-yarn-global set size:10545 disposed:false
1296 silly fetch manifest @colors/colors@^1.6.0
1297 silly packumentCache full:https://registry.npmjs.org/@colors%2fcolors cache-hit
1298 silly fetch manifest readable-stream@^3.4.0
1299 silly packumentCache full:https://registry.npmjs.org/readable-stream cache-hit
1300 silly fetch manifest @dabh/diagnostics@^2.0.8
1301 silly packumentCache full:https://registry.npmjs.org/@dabh%2fdiagnostics cache-miss
1302 http cache https://registry.npmjs.org/isomorphic-fetch 4ms (cache hit)
1303 silly packumentCache full:https://registry.npmjs.org/isomorphic-fetch set size:45618 disposed:false
1304 silly fetch manifest winston-transport@^4.9.0
1305 silly packumentCache full:https://registry.npmjs.org/winston-transport cache-hit
1306 silly fetch manifest safe-stable-stringify@^2.3.1
1307 silly packumentCache full:https://registry.npmjs.org/safe-stable-stringify cache-miss
1308 http cache https://registry.npmjs.org/pupa 5ms (cache hit)
1309 silly packumentCache full:https://registry.npmjs.org/pupa set size:27054 disposed:false
1310 silly fetch manifest logform@^2.7.0
1311 silly packumentCache full:https://registry.npmjs.org/logform cache-miss
1312 http cache https://registry.npmjs.org/registry-url 4ms (cache hit)
1313 silly packumentCache full:https://registry.npmjs.org/registry-url set size:35136 disposed:false
1314 silly fetch manifest readable-stream@^3.6.2
1315 silly packumentCache full:https://registry.npmjs.org/readable-stream cache-hit
1316 http cache https://registry.npmjs.org/registry-auth-token 5ms (cache hit)
1317 silly packumentCache full:https://registry.npmjs.org/registry-auth-token set size:64303 disposed:false
1318 http cache https://registry.npmjs.org/@dabh%2fdiagnostics 2ms (cache hit)
1319 silly packumentCache full:https://registry.npmjs.org/@dabh%2fdiagnostics set size:34310 disposed:false
1320 http cache https://registry.npmjs.org/stack-trace 4ms (cache hit)
1321 silly packumentCache full:https://registry.npmjs.org/stack-trace set size:26231 disposed:false
1322 http cache https://registry.npmjs.org/semver-diff 5ms (cache hit)
1323 silly packumentCache full:https://registry.npmjs.org/semver-diff set size:20386 disposed:false
1324 http cache https://registry.npmjs.org/logform 5ms (cache hit)
1325 silly packumentCache full:https://registry.npmjs.org/logform set size:101534 disposed:false
1326 http cache https://registry.npmjs.org/one-time 5ms (cache hit)
1327 silly packumentCache full:https://registry.npmjs.org/one-time set size:12254 disposed:false
1328 http cache https://registry.npmjs.org/safe-stable-stringify 4ms (cache hit)
1329 silly packumentCache full:https://registry.npmjs.org/safe-stable-stringify set size:45091 disposed:false
1330 http cache https://registry.npmjs.org/logform 3ms (cache hit)
1331 silly packumentCache full:https://registry.npmjs.org/logform set size:101534 disposed:false
1332 silly packumentCache full:https://registry.npmjs.org/logform dispose
1333 silly placeDep ROOT @googleapis/sqladmin@35.2.0 OK for: @google-cloud/cloud-sql-connector@1.11.1 want: ^35.2.0
1334 silly placeDep node_modules/@google-cloud/cloud-sql-connector gaxios@7.1.4 OK for: @google-cloud/cloud-sql-connector@1.11.1 want: ^7.1.4
1335 silly placeDep node_modules/@google-cloud/cloud-sql-connector google-auth-library@10.6.2 OK for: @google-cloud/cloud-sql-connector@1.11.1 want: ^10.6.2
1336 silly placeDep ROOT p-throttle@7.0.0 OK for: @google-cloud/cloud-sql-connector@1.11.1 want: ^7.0.0
1337 silly fetch manifest googleapis-common@^8.0.0
1338 silly packumentCache full:https://registry.npmjs.org/googleapis-common cache-miss
1339 silly fetch manifest node-fetch@^3.3.2
1340 silly packumentCache full:https://registry.npmjs.org/node-fetch cache-hit
1341 silly fetch manifest gcp-metadata@8.1.2
1342 silly packumentCache full:https://registry.npmjs.org/gcp-metadata cache-hit
1343 silly fetch manifest google-logging-utils@1.1.3
1344 silly packumentCache full:https://registry.npmjs.org/google-logging-utils cache-miss
1345 http cache https://registry.npmjs.org/google-logging-utils 1ms (cache hit)
1346 silly packumentCache full:https://registry.npmjs.org/google-logging-utils set size:21694 disposed:false
1347 http cache https://registry.npmjs.org/googleapis-common 1ms (cache hit)
1348 silly packumentCache full:https://registry.npmjs.org/googleapis-common set size:226933 disposed:false
1349 silly placeDep ROOT @google-cloud/paginator@6.0.0 OK for: @google-cloud/pubsub@5.3.0 want: ^6.0.0
1350 silly placeDep ROOT @google-cloud/precise-date@5.0.0 OK for: @google-cloud/pubsub@5.3.0 want: ^5.0.0
1351 silly placeDep ROOT @google-cloud/projectify@5.0.0 OK for: @google-cloud/pubsub@5.3.0 want: ^5.0.0
1352 silly placeDep ROOT @google-cloud/promisify@5.0.0 OK for: @google-cloud/pubsub@5.3.0 want: ^5.0.0
1353 silly placeDep ROOT @opentelemetry/api@1.9.1 OK for: @google-cloud/pubsub@5.3.0 want: ~1.9.0
1354 silly placeDep ROOT @opentelemetry/core@1.30.1 OK for: @google-cloud/pubsub@5.3.0 want: ^1.30.1
1355 silly placeDep ROOT @opentelemetry/semantic-conventions@1.39.0 OK for: @google-cloud/pubsub@5.3.0 want: ~1.39.0
1356 silly placeDep ROOT arrify@2.0.1 OK for: @google-cloud/pubsub@5.3.0 want: ^2.0.0
1357 silly placeDep ROOT extend@3.0.2 OK for: @google-cloud/pubsub@5.3.0 want: ^3.0.2
1358 silly placeDep node_modules/@google-cloud/pubsub google-auth-library@10.6.2 OK for: @google-cloud/pubsub@5.3.0 want: ^10.5.0
1359 silly placeDep ROOT google-gax@5.0.6 OK for: @google-cloud/pubsub@5.3.0 want: ^5.0.5
1360 silly placeDep ROOT heap-js@2.7.1 OK for: @google-cloud/pubsub@5.3.0 want: ^2.6.0
1361 silly placeDep ROOT is-stream-ended@0.1.4 OK for: @google-cloud/pubsub@5.3.0 want: ^0.1.4
1362 silly placeDep ROOT lodash.snakecase@4.1.1 OK for: @google-cloud/pubsub@5.3.0 want: ^4.1.1
1363 silly placeDep ROOT p-defer@3.0.0 OK for: @google-cloud/pubsub@5.3.0 want: ^3.0.0
1364 silly fetch manifest @opentelemetry/semantic-conventions@1.28.0
1365 silly packumentCache full:https://registry.npmjs.org/@opentelemetry%2fsemantic-conventions cache-hit
1366 silly fetch manifest @grpc/grpc-js@^1.12.6
1367 silly packumentCache full:https://registry.npmjs.org/@grpc%2fgrpc-js cache-miss
1368 silly fetch manifest @grpc/proto-loader@^0.8.0
1369 silly packumentCache full:https://registry.npmjs.org/@grpc%2fproto-loader cache-miss
1370 silly fetch manifest duplexify@^4.1.3
1371 silly packumentCache full:https://registry.npmjs.org/duplexify cache-miss
1372 silly fetch manifest google-auth-library@^10.1.0
1373 silly packumentCache full:https://registry.npmjs.org/google-auth-library cache-hit
1374 silly fetch manifest google-logging-utils@^1.1.1
1375 silly packumentCache full:https://registry.npmjs.org/google-logging-utils cache-hit
1376 silly fetch manifest object-hash@^3.0.0
1377 silly packumentCache full:https://registry.npmjs.org/object-hash cache-miss
1378 silly fetch manifest proto3-json-serializer@^3.0.0
1379 silly packumentCache full:https://registry.npmjs.org/proto3-json-serializer cache-miss
1380 silly fetch manifest protobufjs@^7.5.3
1381 silly packumentCache full:https://registry.npmjs.org/protobufjs cache-miss
1382 silly fetch manifest retry-request@^8.0.0
1383 silly packumentCache full:https://registry.npmjs.org/retry-request cache-miss
1384 silly fetch manifest rimraf@^5.0.1
1385 silly packumentCache full:https://registry.npmjs.org/rimraf cache-miss
1386 http cache https://registry.npmjs.org/@grpc%2fproto-loader 2ms (cache hit)
1387 silly packumentCache full:https://registry.npmjs.org/@grpc%2fproto-loader set size:218355 disposed:false
1388 http cache https://registry.npmjs.org/proto3-json-serializer 2ms (cache hit)
1389 silly packumentCache full:https://registry.npmjs.org/proto3-json-serializer set size:83221 disposed:false
1390 http cache https://registry.npmjs.org/duplexify 3ms (cache hit)
1391 silly packumentCache full:https://registry.npmjs.org/duplexify set size:73064 disposed:false
1392 http cache https://registry.npmjs.org/@grpc%2fgrpc-js 3ms (cache hit)
1393 silly packumentCache full:https://registry.npmjs.org/@grpc%2fgrpc-js set size:674221 disposed:false
1394 http cache https://registry.npmjs.org/object-hash 5ms (cache hit)
1395 silly packumentCache full:https://registry.npmjs.org/object-hash set size:100564 disposed:false
1396 http cache https://registry.npmjs.org/protobufjs 6ms (cache hit)
1397 silly packumentCache full:https://registry.npmjs.org/protobufjs set size:693986 disposed:false
1398 http cache https://registry.npmjs.org/rimraf 8ms (cache hit)
1399 silly packumentCache full:https://registry.npmjs.org/rimraf set size:212626 disposed:false
1400 http cache https://registry.npmjs.org/retry-request 9ms (cache hit)
1401 silly packumentCache full:https://registry.npmjs.org/retry-request set size:88328 disposed:false
1402 silly placeDep ROOT googleapis-common@8.0.1 OK for: @googleapis/sqladmin@35.2.0 want: ^8.0.0
1403 silly fetch manifest gaxios@^7.0.0-rc.4
1404 silly packumentCache full:https://registry.npmjs.org/gaxios cache-hit
1405 silly fetch manifest qs@^6.7.0
1406 silly packumentCache full:https://registry.npmjs.org/qs cache-hit
1407 silly fetch manifest url-template@^2.0.8
1408 silly packumentCache full:https://registry.npmjs.org/url-template cache-miss
1409 http cache https://registry.npmjs.org/url-template 0ms (cache hit)
1410 silly packumentCache full:https://registry.npmjs.org/url-template set size:25205 disposed:false
1411 silly placeDep ROOT @inquirer/checkbox@4.3.2 OK for: @inquirer/prompts@7.10.1 want: ^4.3.2
1412 silly placeDep ROOT @inquirer/confirm@5.1.21 OK for: @inquirer/prompts@7.10.1 want: ^5.1.21
1413 silly placeDep ROOT @inquirer/editor@4.2.23 OK for: @inquirer/prompts@7.10.1 want: ^4.2.23
1414 silly placeDep ROOT @inquirer/expand@4.0.23 OK for: @inquirer/prompts@7.10.1 want: ^4.0.23
1415 silly placeDep ROOT @inquirer/input@4.3.1 OK for: @inquirer/prompts@7.10.1 want: ^4.3.1
1416 silly placeDep ROOT @inquirer/number@3.0.23 OK for: @inquirer/prompts@7.10.1 want: ^3.0.23
1417 silly placeDep ROOT @inquirer/password@4.0.23 OK for: @inquirer/prompts@7.10.1 want: ^4.0.23
1418 silly placeDep ROOT @inquirer/rawlist@4.1.11 OK for: @inquirer/prompts@7.10.1 want: ^4.1.11
1419 silly placeDep ROOT @inquirer/search@3.2.2 OK for: @inquirer/prompts@7.10.1 want: ^3.2.2
1420 silly placeDep ROOT @inquirer/select@4.4.2 OK for: @inquirer/prompts@7.10.1 want: ^4.4.2
1421 silly fetch manifest @inquirer/ansi@^1.0.2
1422 silly packumentCache full:https://registry.npmjs.org/@inquirer%2fansi cache-miss
1423 silly fetch manifest @inquirer/core@^10.3.2
1424 silly packumentCache full:https://registry.npmjs.org/@inquirer%2fcore cache-miss
1425 silly fetch manifest @inquirer/type@^3.0.10
1426 silly packumentCache full:https://registry.npmjs.org/@inquirer%2ftype cache-miss
1427 silly fetch manifest yoctocolors-cjs@^2.1.3
1428 silly packumentCache full:https://registry.npmjs.org/yoctocolors-cjs cache-miss
1429 silly fetch manifest @inquirer/figures@^1.0.15
1430 silly packumentCache full:https://registry.npmjs.org/@inquirer%2ffigures cache-miss
1431 silly fetch manifest @inquirer/core@^10.3.2
1432 silly packumentCache full:https://registry.npmjs.org/@inquirer%2fcore cache-miss
1433 silly fetch manifest @inquirer/type@^3.0.10
1434 silly packumentCache full:https://registry.npmjs.org/@inquirer%2ftype cache-miss
1435 silly fetch manifest @inquirer/core@^10.3.2
1436 silly packumentCache full:https://registry.npmjs.org/@inquirer%2fcore cache-miss
1437 silly fetch manifest @inquirer/type@^3.0.10
1438 silly packumentCache full:https://registry.npmjs.org/@inquirer%2ftype cache-miss
1439 http cache https://registry.npmjs.org/@inquirer%2fansi 2ms (cache hit)
1440 silly packumentCache full:https://registry.npmjs.org/@inquirer%2fansi set size:29199 disposed:false
1441 silly fetch manifest @inquirer/external-editor@^1.0.3
1442 silly packumentCache full:https://registry.npmjs.org/@inquirer%2fexternal-editor cache-miss
1443 http cache https://registry.npmjs.org/@inquirer%2ftype 2ms (cache hit)
1444 silly packumentCache full:https://registry.npmjs.org/@inquirer%2ftype set size:119899 disposed:false
1445 silly fetch manifest @inquirer/core@^10.3.2
1446 silly packumentCache full:https://registry.npmjs.org/@inquirer%2fcore cache-miss
1447 http cache https://registry.npmjs.org/@inquirer%2fcore 3ms (cache hit)
1448 silly packumentCache full:https://registry.npmjs.org/@inquirer%2fcore set size:353358 disposed:false
1449 silly fetch manifest yoctocolors-cjs@^2.1.3
1450 silly packumentCache full:https://registry.npmjs.org/yoctocolors-cjs cache-miss
1451 http cache https://registry.npmjs.org/yoctocolors-cjs 4ms (cache hit)
1452 silly packumentCache full:https://registry.npmjs.org/yoctocolors-cjs set size:12865 disposed:false
1453 silly fetch manifest @inquirer/figures@^1.0.15
1454 silly packumentCache full:https://registry.npmjs.org/@inquirer%2ffigures cache-miss
1455 http cache https://registry.npmjs.org/@inquirer%2ftype 4ms (cache hit)
1456 silly packumentCache full:https://registry.npmjs.org/@inquirer%2ftype set size:119899 disposed:false
1457 silly packumentCache full:https://registry.npmjs.org/@inquirer%2ftype dispose
1458 silly fetch manifest @inquirer/figures@^1.0.15
1459 silly packumentCache full:https://registry.npmjs.org/@inquirer%2ffigures cache-miss
1460 http cache https://registry.npmjs.org/@inquirer%2fcore 5ms (cache hit)
1461 silly packumentCache full:https://registry.npmjs.org/@inquirer%2fcore set size:353358 disposed:false
1462 silly packumentCache full:https://registry.npmjs.org/@inquirer%2fcore dispose
1463 http cache https://registry.npmjs.org/@inquirer%2ftype 6ms (cache hit)
1464 silly packumentCache full:https://registry.npmjs.org/@inquirer%2ftype set size:119899 disposed:true
1465 silly packumentCache full:https://registry.npmjs.org/@inquirer%2ftype dispose
1466 http cache https://registry.npmjs.org/@inquirer%2ffigures 7ms (cache hit)
1467 silly packumentCache full:https://registry.npmjs.org/@inquirer%2ffigures set size:57318 disposed:false
1468 http cache https://registry.npmjs.org/@inquirer%2fcore 7ms (cache hit)
1469 silly packumentCache full:https://registry.npmjs.org/@inquirer%2fcore set size:353358 disposed:true
1470 silly packumentCache full:https://registry.npmjs.org/@inquirer%2fcore dispose
1471 http cache https://registry.npmjs.org/yoctocolors-cjs 5ms (cache hit)
1472 silly packumentCache full:https://registry.npmjs.org/yoctocolors-cjs set size:12865 disposed:false
1473 silly packumentCache full:https://registry.npmjs.org/yoctocolors-cjs dispose
1474 http cache https://registry.npmjs.org/@inquirer%2ffigures 5ms (cache hit)
1475 silly packumentCache full:https://registry.npmjs.org/@inquirer%2ffigures set size:57318 disposed:false
1476 silly packumentCache full:https://registry.npmjs.org/@inquirer%2ffigures dispose
1477 http cache https://registry.npmjs.org/@inquirer%2fcore 8ms (cache hit)
1478 silly packumentCache full:https://registry.npmjs.org/@inquirer%2fcore set size:353358 disposed:true
1479 silly packumentCache full:https://registry.npmjs.org/@inquirer%2fcore dispose
1480 http cache https://registry.npmjs.org/@inquirer%2fexternal-editor 9ms (cache hit)
1481 silly packumentCache full:https://registry.npmjs.org/@inquirer%2fexternal-editor set size:41046 disposed:false
1482 http cache https://registry.npmjs.org/@inquirer%2ffigures 6ms (cache hit)
1483 silly packumentCache full:https://registry.npmjs.org/@inquirer%2ffigures set size:57318 disposed:true
1484 silly packumentCache full:https://registry.npmjs.org/@inquirer%2ffigures dispose
1485 silly placeDep ROOT @inquirer/ansi@1.0.2 OK for: @inquirer/checkbox@4.3.2 want: ^1.0.2
1486 silly placeDep ROOT @inquirer/core@10.3.2 OK for: @inquirer/checkbox@4.3.2 want: ^10.3.2
1487 silly placeDep ROOT @inquirer/figures@1.0.15 OK for: @inquirer/checkbox@4.3.2 want: ^1.0.15
1488 silly placeDep ROOT @inquirer/type@3.0.10 OK for: @inquirer/checkbox@4.3.2 want: ^3.0.10
1489 silly placeDep ROOT yoctocolors-cjs@2.1.3 OK for: @inquirer/checkbox@4.3.2 want: ^2.1.3
1490 silly fetch manifest cli-width@^4.1.0
1491 silly packumentCache full:https://registry.npmjs.org/cli-width cache-miss
1492 silly fetch manifest wrap-ansi@^6.2.0
1493 silly packumentCache full:https://registry.npmjs.org/wrap-ansi cache-miss
1494 silly fetch manifest mute-stream@^2.0.0
1495 silly packumentCache full:https://registry.npmjs.org/mute-stream cache-miss
1496 silly fetch manifest signal-exit@^4.1.0
1497 silly packumentCache full:https://registry.npmjs.org/signal-exit cache-miss
1498 http cache https://registry.npmjs.org/mute-stream 1ms (cache hit)
1499 silly packumentCache full:https://registry.npmjs.org/mute-stream set size:24469 disposed:false
1500 http cache https://registry.npmjs.org/wrap-ansi 2ms (cache hit)
1501 silly packumentCache full:https://registry.npmjs.org/wrap-ansi set size:55299 disposed:false
1502 http cache https://registry.npmjs.org/signal-exit 2ms (cache hit)
1503 silly packumentCache full:https://registry.npmjs.org/signal-exit set size:53489 disposed:false
1504 http cache https://registry.npmjs.org/cli-width 2ms (cache hit)
1505 silly packumentCache full:https://registry.npmjs.org/cli-width set size:24976 disposed:false
1506 silly placeDep ROOT cli-width@4.1.0 OK for: @inquirer/core@10.3.2 want: ^4.1.0
1507 silly placeDep ROOT mute-stream@2.0.0 OK for: @inquirer/core@10.3.2 want: ^2.0.0
1508 silly placeDep ROOT signal-exit@4.1.0 OK for: @inquirer/core@10.3.2 want: ^4.1.0
1509 silly placeDep ROOT wrap-ansi@6.2.0 OK for: @inquirer/core@10.3.2 want: ^6.2.0
1510 silly fetch manifest ansi-styles@^4.0.0
1511 silly packumentCache full:https://registry.npmjs.org/ansi-styles cache-miss
1512 silly fetch manifest string-width@^4.1.0
1513 silly packumentCache full:https://registry.npmjs.org/string-width cache-hit
1514 http cache https://registry.npmjs.org/ansi-styles 1ms (cache hit)
1515 silly packumentCache full:https://registry.npmjs.org/ansi-styles set size:63233 disposed:false
1516 silly placeDep ROOT @inquirer/external-editor@1.0.3 OK for: @inquirer/editor@4.2.23 want: ^1.0.3
1517 silly fetch manifest chardet@^2.1.1
1518 silly packumentCache full:https://registry.npmjs.org/chardet cache-miss
1519 silly fetch manifest iconv-lite@^0.7.0
1520 silly packumentCache full:https://registry.npmjs.org/iconv-lite cache-hit
1521 http cache https://registry.npmjs.org/chardet 1ms (cache hit)
1522 silly packumentCache full:https://registry.npmjs.org/chardet set size:70553 disposed:false
1523 silly placeDep ROOT chardet@2.1.1 OK for: @inquirer/external-editor@1.0.3 want: ^2.1.1
1524 silly placeDep ROOT iconv-lite@0.7.2 OK for: @inquirer/external-editor@1.0.3 want: ^0.7.0
1525 silly fetch manifest safer-buffer@>= 2.1.2 < 3.0.0
1526 silly packumentCache full:https://registry.npmjs.org/safer-buffer cache-miss
1527 http cache https://registry.npmjs.org/safer-buffer 0ms (cache hit)
1528 silly packumentCache full:https://registry.npmjs.org/safer-buffer set size:18521 disposed:false
1529 silly placeDep ROOT @hono/node-server@1.19.14 OK for: @modelcontextprotocol/sdk@1.29.0 want: ^1.19.9
1530 silly placeDep ROOT hono@4.12.23 OK for: @hono/node-server@1.19.14 want: ^4
1531 silly placeDep ROOT content-type@1.0.5 OK for: @modelcontextprotocol/sdk@1.29.0 want: ^1.0.5
1532 silly placeDep ROOT eventsource@3.0.7 OK for: @modelcontextprotocol/sdk@1.29.0 want: ^3.0.2
1533 silly placeDep ROOT eventsource-parser@3.1.0 OK for: @modelcontextprotocol/sdk@1.29.0 want: ^3.0.0
1534 silly placeDep node_modules/@modelcontextprotocol/sdk express@5.2.1 OK for: @modelcontextprotocol/sdk@1.29.0 want: ^5.2.1
1535 silly placeDep ROOT express-rate-limit@8.5.2 OK for: @modelcontextprotocol/sdk@1.29.0 want: ^8.2.1
1536 silly placeDep ROOT jose@6.2.3 OK for: @modelcontextprotocol/sdk@1.29.0 want: ^6.1.3
1537 silly placeDep ROOT json-schema-typed@8.0.2 OK for: @modelcontextprotocol/sdk@1.29.0 want: ^8.0.2
1538 silly placeDep ROOT pkce-challenge@5.0.1 OK for: @modelcontextprotocol/sdk@1.29.0 want: ^5.0.0
1539 silly placeDep ROOT raw-body@3.0.2 OK for: @modelcontextprotocol/sdk@1.29.0 want: ^3.0.0
1540 silly fetch manifest eventsource-parser@^3.0.1
1541 silly packumentCache full:https://registry.npmjs.org/eventsource-parser cache-hit
1542 silly fetch manifest qs@^6.14.0
1543 silly packumentCache full:https://registry.npmjs.org/qs cache-hit
1544 silly fetch manifest depd@^2.0.0
1545 silly packumentCache full:https://registry.npmjs.org/depd cache-hit
1546 silly fetch manifest etag@^1.8.1
1547 silly packumentCache full:https://registry.npmjs.org/etag cache-hit
1548 silly fetch manifest once@^1.4.0
1549 silly packumentCache full:https://registry.npmjs.org/once cache-miss
1550 silly fetch manifest send@^1.1.0
1551 silly packumentCache full:https://registry.npmjs.org/send cache-hit
1552 silly fetch manifest vary@^1.1.2
1553 silly packumentCache full:https://registry.npmjs.org/vary cache-hit
1554 silly fetch manifest debug@^4.4.0
1555 silly packumentCache full:https://registry.npmjs.org/debug cache-hit
1556 silly fetch manifest fresh@^2.0.0
1557 silly packumentCache full:https://registry.npmjs.org/fresh cache-hit
1558 silly fetch manifest cookie@^0.7.1
1559 silly packumentCache full:https://registry.npmjs.org/cookie cache-hit
1560 silly fetch manifest router@^2.2.0
1561 silly packumentCache full:https://registry.npmjs.org/router cache-hit
1562 silly fetch manifest accepts@^2.0.0
1563 silly packumentCache full:https://registry.npmjs.org/accepts cache-hit
1564 silly fetch manifest type-is@^2.0.1
1565 silly packumentCache full:https://registry.npmjs.org/type-is cache-hit
1566 silly fetch manifest parseurl@^1.3.3
1567 silly packumentCache full:https://registry.npmjs.org/parseurl cache-hit
1568 silly fetch manifest statuses@^2.0.1
1569 silly packumentCache full:https://registry.npmjs.org/statuses cache-hit
1570 silly fetch manifest encodeurl@^2.0.0
1571 silly packumentCache full:https://registry.npmjs.org/encodeurl cache-hit
1572 silly fetch manifest mime-types@^3.0.0
1573 silly packumentCache full:https://registry.npmjs.org/mime-types cache-hit
1574 silly fetch manifest proxy-addr@^2.0.7
1575 silly packumentCache full:https://registry.npmjs.org/proxy-addr cache-hit
1576 silly fetch manifest body-parser@^2.2.1
1577 silly packumentCache full:https://registry.npmjs.org/body-parser cache-hit
1578 silly fetch manifest escape-html@^1.0.3
1579 silly packumentCache full:https://registry.npmjs.org/escape-html cache-hit
1580 silly fetch manifest http-errors@^2.0.0
1581 silly packumentCache full:https://registry.npmjs.org/http-errors cache-hit
1582 silly fetch manifest on-finished@^2.4.1
1583 silly packumentCache full:https://registry.npmjs.org/on-finished cache-hit
1584 silly fetch manifest finalhandler@^2.1.0
1585 silly packumentCache full:https://registry.npmjs.org/finalhandler cache-hit
1586 silly fetch manifest range-parser@^1.2.1
1587 silly packumentCache full:https://registry.npmjs.org/range-parser cache-hit
1588 silly fetch manifest serve-static@^2.2.0
1589 silly packumentCache full:https://registry.npmjs.org/serve-static cache-hit
1590 silly fetch manifest cookie-signature@^1.2.1
1591 silly packumentCache full:https://registry.npmjs.org/cookie-signature cache-hit
1592 silly fetch manifest merge-descriptors@^2.0.0
1593 silly packumentCache full:https://registry.npmjs.org/merge-descriptors cache-hit
1594 silly fetch manifest content-disposition@^1.0.0
1595 silly packumentCache full:https://registry.npmjs.org/content-disposition cache-hit
1596 silly fetch manifest ip-address@^10.2.0
1597 silly packumentCache full:https://registry.npmjs.org/ip-address cache-miss
1598 http cache https://registry.npmjs.org/once 2ms (cache hit)
1599 silly packumentCache full:https://registry.npmjs.org/once set size:11752 disposed:false
1600 http cache https://registry.npmjs.org/ip-address 1ms (cache hit)
1601 silly packumentCache full:https://registry.npmjs.org/ip-address set size:171530 disposed:false
1602 silly placeDep node_modules/@opentelemetry/core @opentelemetry/semantic-conventions@1.28.0 OK for: @opentelemetry/core@1.30.1 want: 1.28.0
1603 silly placeDep ROOT event-target-shim@5.0.1 OK for: abort-controller@3.0.0 want: ^5.0.0
1604 silly placeDep ROOT fast-deep-equal@3.1.3 OK for: ajv@8.20.0 want: ^3.1.3
1605 silly placeDep ROOT fast-uri@3.1.2 OK for: ajv@8.20.0 want: ^3.0.1
1606 silly placeDep ROOT json-schema-traverse@1.0.0 OK for: ajv@8.20.0 want: ^1.0.0
1607 silly placeDep ROOT require-from-string@2.0.2 OK for: ajv@8.20.0 want: ^2.0.2
1608 silly placeDep ROOT archiver-utils@5.0.2 OK for: archiver@7.0.1 want: ^5.0.2
1609 silly placeDep ROOT async@3.2.6 OK for: archiver@7.0.1 want: ^3.2.4
1610 silly placeDep ROOT buffer-crc32@1.0.0 OK for: archiver@7.0.1 want: ^1.0.0
1611 silly placeDep ROOT readable-stream@4.7.0 OK for: archiver@7.0.1 want: ^4.0.0
1612 silly placeDep ROOT readdir-glob@1.1.3 OK for: archiver@7.0.1 want: ^1.1.2
1613 silly placeDep ROOT tar-stream@3.2.0 OK for: archiver@7.0.1 want: ^3.0.0
1614 silly placeDep ROOT zip-stream@6.0.1 OK for: archiver@7.0.1 want: ^6.0.1
1615 silly fetch manifest is-stream@^2.0.1
1616 silly packumentCache full:https://registry.npmjs.org/is-stream cache-hit
1617 silly fetch manifest lazystream@^1.0.0
1618 silly packumentCache full:https://registry.npmjs.org/lazystream cache-miss
1619 silly fetch manifest normalize-path@^3.0.0
1620 silly packumentCache full:https://registry.npmjs.org/normalize-path cache-hit
1621 silly fetch manifest buffer@^6.0.3
1622 silly packumentCache full:https://registry.npmjs.org/buffer cache-miss
1623 silly fetch manifest events@^3.3.0
1624 silly packumentCache full:https://registry.npmjs.org/events cache-miss
1625 silly fetch manifest process@^0.11.10
1626 silly packumentCache full:https://registry.npmjs.org/process cache-miss
1627 silly fetch manifest string_decoder@^1.3.0
1628 silly packumentCache full:https://registry.npmjs.org/string_decoder cache-miss
1629 silly fetch manifest minimatch@^5.1.0
1630 silly packumentCache full:https://registry.npmjs.org/minimatch cache-hit
1631 silly fetch manifest b4a@^1.6.4
1632 silly packumentCache full:https://registry.npmjs.org/b4a cache-miss
1633 silly fetch manifest bare-fs@^4.5.5
1634 silly packumentCache full:https://registry.npmjs.org/bare-fs cache-miss
1635 silly fetch manifest fast-fifo@^1.2.0
1636 silly packumentCache full:https://registry.npmjs.org/fast-fifo cache-miss
1637 silly fetch manifest streamx@^2.15.0
1638 silly packumentCache full:https://registry.npmjs.org/streamx cache-miss
1639 http cache https://registry.npmjs.org/process 5ms (cache hit)
1640 silly packumentCache full:https://registry.npmjs.org/process set size:31260 disposed:false
1641 silly fetch manifest compress-commons@^6.0.2
1642 silly packumentCache full:https://registry.npmjs.org/compress-commons cache-miss
1643 http cache https://registry.npmjs.org/events 6ms (cache hit)
1644 silly packumentCache full:https://registry.npmjs.org/events set size:35240 disposed:false
1645 http cache https://registry.npmjs.org/lazystream 7ms (cache hit)
1646 silly packumentCache full:https://registry.npmjs.org/lazystream set size:14342 disposed:false
1647 http cache https://registry.npmjs.org/string_decoder 6ms (cache hit)
1648 silly packumentCache full:https://registry.npmjs.org/string_decoder set size:28441 disposed:false
1649 http cache https://registry.npmjs.org/streamx 7ms (cache hit)
1650 silly packumentCache full:https://registry.npmjs.org/streamx set size:163686 disposed:false
1651 http cache https://registry.npmjs.org/buffer 7ms (cache hit)
1652 silly packumentCache full:https://registry.npmjs.org/buffer set size:280480 disposed:false
1653 http cache https://registry.npmjs.org/b4a 8ms (cache hit)
1654 silly packumentCache full:https://registry.npmjs.org/b4a set size:71632 disposed:false
1655 http cache https://registry.npmjs.org/bare-fs 8ms (cache hit)
1656 silly packumentCache full:https://registry.npmjs.org/bare-fs set size:178881 disposed:false
1657 http cache https://registry.npmjs.org/fast-fifo 9ms (cache hit)
1658 silly packumentCache full:https://registry.npmjs.org/fast-fifo set size:13855 disposed:false
1659 http cache https://registry.npmjs.org/compress-commons 4ms (cache hit)
1660 silly packumentCache full:https://registry.npmjs.org/compress-commons set size:91385 disposed:false
1661 silly placeDep ROOT graceful-fs@4.2.11 OK for: archiver-utils@5.0.2 want: ^4.2.0
1662 silly placeDep ROOT is-stream@2.0.1 OK for: archiver-utils@5.0.2 want: ^2.0.1
1663 silly placeDep ROOT lazystream@1.0.1 OK for: archiver-utils@5.0.2 want: ^1.0.0
1664 silly placeDep ROOT normalize-path@3.0.0 OK for: archiver-utils@5.0.2 want: ^3.0.0
1665 silly fetch manifest readable-stream@^2.0.5
1666 silly packumentCache full:https://registry.npmjs.org/readable-stream cache-hit
1667 silly placeDep ROOT bytes@3.1.2 OK for: body-parser@1.20.5 want: ~3.1.2
1668 silly placeDep ROOT debug@2.6.9 OK for: body-parser@1.20.5 want: 2.6.9
1669 silly placeDep ROOT depd@2.0.0 OK for: body-parser@1.20.5 want: 2.0.0
1670 silly placeDep ROOT destroy@1.2.0 OK for: body-parser@1.20.5 want: ~1.2.0
1671 silly placeDep ROOT http-errors@2.0.1 OK for: body-parser@1.20.5 want: ~2.0.1
1672 silly placeDep node_modules/body-parser iconv-lite@0.4.24 OK for: body-parser@1.20.5 want: ~0.4.24
1673 silly placeDep ROOT on-finished@2.4.1 OK for: body-parser@1.20.5 want: ~2.4.1
1674 silly placeDep ROOT qs@6.15.2 OK for: body-parser@1.20.5 want: ~6.15.1
1675 silly placeDep node_modules/body-parser raw-body@2.5.3 OK for: body-parser@1.20.5 want: ~2.5.3
1676 silly placeDep ROOT type-is@1.6.18 OK for: body-parser@1.20.5 want: ~1.6.18
1677 silly placeDep ROOT unpipe@1.0.0 OK for: body-parser@1.20.5 want: ~1.0.0
1678 silly fetch manifest ms@2.0.0
1679 silly packumentCache full:https://registry.npmjs.org/ms cache-hit
1680 silly fetch manifest inherits@~2.0.4
1681 silly packumentCache full:https://registry.npmjs.org/inherits cache-miss
1682 silly fetch manifest setprototypeof@~1.2.0
1683 silly packumentCache full:https://registry.npmjs.org/setprototypeof cache-hit
1684 silly fetch manifest statuses@~2.0.2
1685 silly packumentCache full:https://registry.npmjs.org/statuses cache-hit
1686 silly fetch manifest toidentifier@~1.0.1
1687 silly packumentCache full:https://registry.npmjs.org/toidentifier cache-miss
1688 silly fetch manifest safer-buffer@>= 2.1.2 < 3
1689 silly packumentCache full:https://registry.npmjs.org/safer-buffer cache-hit
1690 silly fetch manifest ee-first@1.1.1
1691 silly packumentCache full:https://registry.npmjs.org/ee-first cache-miss
1692 silly fetch manifest side-channel@^1.1.0
1693 silly packumentCache full:https://registry.npmjs.org/side-channel cache-miss
1694 silly fetch manifest mime-types@~2.1.24
1695 silly packumentCache full:https://registry.npmjs.org/mime-types cache-hit
1696 silly fetch manifest media-typer@0.3.0
1697 silly packumentCache full:https://registry.npmjs.org/media-typer cache-miss
1698 http cache https://registry.npmjs.org/toidentifier 2ms (cache hit)
1699 silly packumentCache full:https://registry.npmjs.org/toidentifier set size:12006 disposed:false
1700 http cache https://registry.npmjs.org/side-channel 2ms (cache hit)
1701 silly packumentCache full:https://registry.npmjs.org/side-channel set size:24660 disposed:false
1702 http cache https://registry.npmjs.org/inherits 2ms (cache hit)
1703 silly packumentCache full:https://registry.npmjs.org/inherits set size:12925 disposed:false
1704 http cache https://registry.npmjs.org/ee-first 3ms (cache hit)
1705 silly packumentCache full:https://registry.npmjs.org/ee-first set size:15327 disposed:false
1706 http cache https://registry.npmjs.org/media-typer 2ms (cache hit)
1707 silly packumentCache full:https://registry.npmjs.org/media-typer set size:22678 disposed:false
1708 silly placeDep ROOT anymatch@3.1.3 OK for: chokidar@3.6.0 want: ~3.1.2
1709 silly placeDep ROOT braces@3.0.3 OK for: chokidar@3.6.0 want: ~3.0.2
1710 silly placeDep ROOT fsevents@2.3.3 OK for: chokidar@3.6.0 want: ~2.3.2
1711 silly placeDep ROOT glob-parent@5.1.2 OK for: chokidar@3.6.0 want: ~5.1.2
1712 silly placeDep ROOT is-binary-path@2.1.0 OK for: chokidar@3.6.0 want: ~2.1.0
1713 silly placeDep ROOT is-glob@4.0.3 OK for: chokidar@3.6.0 want: ~4.0.1
1714 silly placeDep ROOT readdirp@3.6.0 OK for: chokidar@3.6.0 want: ~3.6.0
1715 silly fetch manifest picomatch@^2.0.4
1716 silly packumentCache full:https://registry.npmjs.org/picomatch cache-miss
1717 silly fetch manifest fill-range@^7.1.1
1718 silly packumentCache full:https://registry.npmjs.org/fill-range cache-miss
1719 silly fetch manifest is-glob@^4.0.1
1720 silly packumentCache full:https://registry.npmjs.org/is-glob cache-hit
1721 silly fetch manifest binary-extensions@^2.0.0
1722 silly packumentCache full:https://registry.npmjs.org/binary-extensions cache-miss
1723 silly fetch manifest is-extglob@^2.1.1
1724 silly packumentCache full:https://registry.npmjs.org/is-extglob cache-miss
1725 silly fetch manifest picomatch@^2.2.1
1726 silly packumentCache full:https://registry.npmjs.org/picomatch cache-miss
1727 http cache https://registry.npmjs.org/picomatch 1ms (cache hit)
1728 silly packumentCache full:https://registry.npmjs.org/picomatch set size:126376 disposed:false
1729 http cache https://registry.npmjs.org/binary-extensions 1ms (cache hit)
1730 silly packumentCache full:https://registry.npmjs.org/binary-extensions set size:51551 disposed:false
1731 http cache https://registry.npmjs.org/is-extglob 1ms (cache hit)
1732 silly packumentCache full:https://registry.npmjs.org/is-extglob set size:11766 disposed:false
1733 http cache https://registry.npmjs.org/fill-range 3ms (cache hit)
1734 silly packumentCache full:https://registry.npmjs.org/fill-range set size:90162 disposed:false
1735 http cache https://registry.npmjs.org/picomatch 3ms (cache hit)
1736 silly packumentCache full:https://registry.npmjs.org/picomatch set size:126376 disposed:false
1737 silly packumentCache full:https://registry.npmjs.org/picomatch dispose
1738 silly placeDep ROOT picomatch@2.3.2 OK for: anymatch@3.1.3 want: ^2.0.4
1739 silly placeDep ROOT fill-range@7.1.1 OK for: braces@3.0.3 want: ^7.1.1
1740 silly fetch manifest to-regex-range@^5.0.1
1741 silly packumentCache full:https://registry.npmjs.org/to-regex-range cache-miss
1742 http cache https://registry.npmjs.org/to-regex-range 1ms (cache hit)
1743 silly packumentCache full:https://registry.npmjs.org/to-regex-range set size:61569 disposed:false
1744 silly placeDep ROOT json-parse-helpfulerror@1.0.3 OK for: cjson@0.3.3 want: ^1.0.3
1745 silly fetch manifest jju@^1.1.0
1746 silly packumentCache full:https://registry.npmjs.org/jju cache-miss
1747 http cache https://registry.npmjs.org/jju 1ms (cache hit)
1748 silly packumentCache full:https://registry.npmjs.org/jju set size:37375 disposed:false
1749 silly placeDep ROOT @colors/colors@1.5.0 OK for: cli-table3@0.6.5 want: 1.5.0
1750 silly placeDep ROOT string-width@4.2.3 OK for: cli-table3@0.6.5 want: ^4.2.0
1751 silly fetch manifest strip-ansi@^6.0.1
1752 silly packumentCache full:https://registry.npmjs.org/strip-ansi cache-hit
1753 silly fetch manifest emoji-regex@^8.0.0
1754 silly packumentCache full:https://registry.npmjs.org/emoji-regex cache-miss
1755 silly fetch manifest is-fullwidth-code-point@^3.0.0
1756 silly packumentCache full:https://registry.npmjs.org/is-fullwidth-code-point cache-miss
1757 http cache https://registry.npmjs.org/emoji-regex 1ms (cache hit)
1758 silly packumentCache full:https://registry.npmjs.org/emoji-regex set size:89064 disposed:false
1759 http cache https://registry.npmjs.org/is-fullwidth-code-point 1ms (cache hit)
1760 silly packumentCache full:https://registry.npmjs.org/is-fullwidth-code-point set size:14578 disposed:false
1761 silly placeDep ROOT dot-prop@5.3.0 OK for: configstore@5.0.1 want: ^5.2.0
1762 silly placeDep ROOT make-dir@3.1.0 OK for: configstore@5.0.1 want: ^3.0.0
1763 silly placeDep ROOT unique-string@2.0.0 OK for: configstore@5.0.1 want: ^2.0.0
1764 silly placeDep ROOT write-file-atomic@3.0.3 OK for: configstore@5.0.1 want: ^3.0.0
1765 silly placeDep ROOT xdg-basedir@4.0.0 OK for: configstore@5.0.1 want: ^4.0.0
1766 silly fetch manifest is-obj@^2.0.0
1767 silly packumentCache full:https://registry.npmjs.org/is-obj cache-miss
1768 silly fetch manifest semver@^6.0.0
1769 silly packumentCache full:https://registry.npmjs.org/semver cache-hit
1770 silly fetch manifest crypto-random-string@^2.0.0
1771 silly packumentCache full:https://registry.npmjs.org/crypto-random-string cache-miss
1772 silly fetch manifest imurmurhash@^0.1.4
1773 silly packumentCache full:https://registry.npmjs.org/imurmurhash cache-miss
1774 silly fetch manifest signal-exit@^3.0.2
1775 silly packumentCache full:https://registry.npmjs.org/signal-exit cache-hit
1776 silly fetch manifest is-typedarray@^1.0.0
1777 silly packumentCache full:https://registry.npmjs.org/is-typedarray cache-miss
1778 silly fetch manifest typedarray-to-buffer@^3.1.5
1779 silly packumentCache full:https://registry.npmjs.org/typedarray-to-buffer cache-miss
1780 http cache https://registry.npmjs.org/crypto-random-string 1ms (cache hit)
1781 silly packumentCache full:https://registry.npmjs.org/crypto-random-string set size:31541 disposed:false
1782 http cache https://registry.npmjs.org/imurmurhash 2ms (cache hit)
1783 silly packumentCache full:https://registry.npmjs.org/imurmurhash set size:35819 disposed:false
1784 http cache https://registry.npmjs.org/is-typedarray 2ms (cache hit)
1785 silly packumentCache full:https://registry.npmjs.org/is-typedarray set size:3992 disposed:false
1786 http cache https://registry.npmjs.org/typedarray-to-buffer 2ms (cache hit)
1787 silly packumentCache full:https://registry.npmjs.org/typedarray-to-buffer set size:38803 disposed:false
1788 http cache https://registry.npmjs.org/is-obj 2ms (cache hit)
1789 silly packumentCache full:https://registry.npmjs.org/is-obj set size:9560 disposed:false
1790 silly placeDep ROOT object-assign@4.1.1 OK for: cors@2.8.6 want: ^4
1791 silly placeDep ROOT vary@1.1.2 OK for: cors@2.8.6 want: ^1
1792 silly placeDep ROOT path-key@3.1.1 OK for: cross-spawn@7.0.6 want: ^3.1.0
1793 silly placeDep ROOT shebang-command@2.0.0 OK for: cross-spawn@7.0.6 want: ^2.0.0
1794 silly placeDep ROOT which@2.0.2 OK for: cross-spawn@7.0.6 want: ^2.0.1
1795 silly fetch manifest shebang-regex@^3.0.0
1796 silly packumentCache full:https://registry.npmjs.org/shebang-regex cache-miss
1797 silly fetch manifest isexe@^2.0.0
1798 silly packumentCache full:https://registry.npmjs.org/isexe cache-miss
1799 http cache https://registry.npmjs.org/shebang-regex 0ms (cache hit)
1800 silly packumentCache full:https://registry.npmjs.org/shebang-regex set size:9763 disposed:false
1801 http cache https://registry.npmjs.org/isexe 0ms (cache hit)
1802 silly packumentCache full:https://registry.npmjs.org/isexe set size:31756 disposed:false
1803 silly placeDep ROOT ms@2.0.0 OK for: debug@2.6.9 want: 2.0.0
1804 silly placeDep ROOT sort-any@4.0.7 OK for: deep-equal-in-any-order@2.2.0 want: ^4.0.0
1805 silly placeDep ROOT is-obj@2.0.0 OK for: dot-prop@5.3.0 want: ^2.0.0
1806 silly placeDep ROOT @apidevtools/json-schema-ref-parser@9.1.2 OK for: exegesis@4.3.0 want: ^9.0.3
1807 silly placeDep node_modules/exegesis ajv-formats@2.1.1 OK for: exegesis@4.3.0 want: ^2.1.0
1808 silly placeDep ROOT deep-freeze@0.0.1 OK for: exegesis@4.3.0 want: 0.0.1
1809 silly placeDep ROOT events-listener@1.1.0 OK for: exegesis@4.3.0 want: ^1.1.0
1810 silly placeDep ROOT json-ptr@3.1.1 OK for: exegesis@4.3.0 want: ^3.0.1
1811 silly placeDep ROOT openapi3-ts@3.2.0 OK for: exegesis@4.3.0 want: ^3.1.1
1812 silly placeDep ROOT promise-breaker@6.0.0 OK for: exegesis@4.3.0 want: ^6.0.0
1813 silly placeDep node_modules/exegesis raw-body@2.5.3 OK for: exegesis@4.3.0 want: ^2.3.3
1814 silly fetch manifest js-yaml@^4.1.0
1815 silly packumentCache full:https://registry.npmjs.org/js-yaml cache-hit
1816 silly fetch manifest call-me-maybe@^1.0.1
1817 silly packumentCache full:https://registry.npmjs.org/call-me-maybe cache-miss
1818 silly fetch manifest @jsdevtools/ono@^7.1.3
1819 silly packumentCache full:https://registry.npmjs.org/@jsdevtools%2fono cache-miss
1820 silly fetch manifest @types/json-schema@^7.0.6
1821 silly packumentCache full:https://registry.npmjs.org/@types%2fjson-schema cache-miss
1822 http cache https://registry.npmjs.org/call-me-maybe 1ms (cache hit)
1823 silly packumentCache full:https://registry.npmjs.org/call-me-maybe set size:11485 disposed:false
1824 http cache https://registry.npmjs.org/@jsdevtools%2fono 1ms (cache hit)
1825 silly packumentCache full:https://registry.npmjs.org/@jsdevtools%2fono set size:45695 disposed:false
1826 http cache https://registry.npmjs.org/@types%2fjson-schema 1ms (cache hit)
1827 silly packumentCache full:https://registry.npmjs.org/@types%2fjson-schema set size:44704 disposed:false
1828 silly placeDep ROOT @jsdevtools/ono@7.1.3 OK for: @apidevtools/json-schema-ref-parser@9.1.2 want: ^7.1.3
1829 silly placeDep ROOT @types/json-schema@7.0.15 OK for: @apidevtools/json-schema-ref-parser@9.1.2 want: ^7.0.6
1830 silly placeDep ROOT call-me-maybe@1.0.2 OK for: @apidevtools/json-schema-ref-parser@9.1.2 want: ^1.0.1
1831 silly placeDep node_modules/@apidevtools/json-schema-ref-parser js-yaml@4.2.0 OK for: @apidevtools/json-schema-ref-parser@9.1.2 want: ^4.1.0
1832 silly placeDep ROOT accepts@1.3.8 OK for: express@4.22.2 want: ~1.3.8
1833 silly placeDep ROOT array-flatten@1.1.1 OK for: express@4.22.2 want: 1.1.1
1834 silly placeDep ROOT content-disposition@0.5.4 OK for: express@4.22.2 want: ~0.5.4
1835 silly placeDep ROOT cookie@0.7.2 OK for: express@4.22.2 want: ~0.7.1
1836 silly placeDep ROOT cookie-signature@1.0.7 OK for: express@4.22.2 want: ~1.0.6
1837 silly placeDep ROOT encodeurl@2.0.0 OK for: express@4.22.2 want: ~2.0.0
1838 silly placeDep ROOT escape-html@1.0.3 OK for: express@4.22.2 want: ~1.0.3
1839 silly placeDep ROOT etag@1.8.1 OK for: express@4.22.2 want: ~1.8.1
1840 silly placeDep ROOT finalhandler@1.3.2 OK for: express@4.22.2 want: ~1.3.1
1841 silly placeDep ROOT fresh@0.5.2 OK for: express@4.22.2 want: ~0.5.2
1842 silly placeDep ROOT merge-descriptors@1.0.3 OK for: express@4.22.2 want: 1.0.3
1843 silly placeDep ROOT methods@1.1.2 OK for: express@4.22.2 want: ~1.1.2
1844 silly placeDep ROOT parseurl@1.3.3 OK for: express@4.22.2 want: ~1.3.3
1845 silly placeDep ROOT path-to-regexp@0.1.13 OK for: express@4.22.2 want: ~0.1.12
1846 silly placeDep ROOT proxy-addr@2.0.7 OK for: express@4.22.2 want: ~2.0.7
1847 silly placeDep ROOT range-parser@1.2.1 OK for: express@4.22.2 want: ~1.2.1
1848 silly placeDep ROOT safe-buffer@5.2.1 OK for: express@4.22.2 want: 5.2.1
1849 silly placeDep ROOT send@0.19.2 OK for: express@4.22.2 want: ~0.19.0
1850 silly placeDep ROOT serve-static@1.16.3 OK for: express@4.22.2 want: ~1.16.2
1851 silly placeDep ROOT setprototypeof@1.2.0 OK for: express@4.22.2 want: 1.2.0
1852 silly placeDep ROOT statuses@2.0.2 OK for: express@4.22.2 want: ~2.0.1
1853 silly placeDep ROOT utils-merge@1.0.1 OK for: express@4.22.2 want: 1.0.1
1854 silly fetch manifest mime-types@~2.1.34
1855 silly packumentCache full:https://registry.npmjs.org/mime-types cache-hit
1856 silly fetch manifest negotiator@0.6.3
1857 silly packumentCache full:https://registry.npmjs.org/negotiator cache-miss
1858 silly fetch manifest forwarded@0.2.0
1859 silly packumentCache full:https://registry.npmjs.org/forwarded cache-miss
1860 silly fetch manifest ipaddr.js@1.9.1
1861 silly packumentCache full:https://registry.npmjs.org/ipaddr.js cache-miss
1862 silly fetch manifest ms@2.1.3
1863 silly packumentCache full:https://registry.npmjs.org/ms cache-hit
1864 silly fetch manifest mime@1.6.0
1865 silly packumentCache full:https://registry.npmjs.org/mime cache-hit
1866 http cache https://registry.npmjs.org/forwarded 1ms (cache hit)
1867 silly packumentCache full:https://registry.npmjs.org/forwarded set size:11229 disposed:false
1868 http cache https://registry.npmjs.org/negotiator 1ms (cache hit)
1869 silly packumentCache full:https://registry.npmjs.org/negotiator set size:48046 disposed:false
1870 http cache https://registry.npmjs.org/ipaddr.js 2ms (cache hit)
1871 silly packumentCache full:https://registry.npmjs.org/ipaddr.js set size:69563 disposed:false
1872 silly placeDep ROOT mime-types@2.1.35 OK for: accepts@1.3.8 want: ~2.1.34
1873 silly placeDep ROOT negotiator@0.6.3 OK for: accepts@1.3.8 want: 0.6.3
1874 silly fetch manifest mime-db@1.52.0
1875 silly packumentCache full:https://registry.npmjs.org/mime-db cache-miss
1876 http cache https://registry.npmjs.org/mime-db 1ms (cache hit)
1877 silly packumentCache full:https://registry.npmjs.org/mime-db set size:164953 disposed:false
1878 silly placeDep ROOT ip-address@10.2.0 OK for: express-rate-limit@8.5.2 want: ^10.2.0
1879 silly placeDep ROOT to-regex-range@5.0.1 OK for: fill-range@7.1.1 want: ^5.0.1
1880 silly fetch manifest is-number@^7.0.0
1881 silly packumentCache full:https://registry.npmjs.org/is-number cache-miss
1882 http cache https://registry.npmjs.org/is-number 1ms (cache hit)
1883 silly packumentCache full:https://registry.npmjs.org/is-number set size:36183 disposed:false
1884 silly placeDep ROOT asynckit@0.4.0 OK for: form-data@4.0.5 want: ^0.4.0
1885 silly placeDep ROOT combined-stream@1.0.8 OK for: form-data@4.0.5 want: ^1.0.8
1886 silly placeDep ROOT es-set-tostringtag@2.1.0 OK for: form-data@4.0.5 want: ^2.1.0
1887 silly placeDep ROOT hasown@2.0.4 OK for: form-data@4.0.5 want: ^2.0.2
1888 silly fetch manifest delayed-stream@~1.0.0
1889 silly packumentCache full:https://registry.npmjs.org/delayed-stream cache-miss
1890 silly fetch manifest es-errors@^1.3.0
1891 silly packumentCache full:https://registry.npmjs.org/es-errors cache-miss
1892 silly fetch manifest get-intrinsic@^1.2.6
1893 silly packumentCache full:https://registry.npmjs.org/get-intrinsic cache-miss
1894 silly fetch manifest has-tostringtag@^1.0.2
1895 silly packumentCache full:https://registry.npmjs.org/has-tostringtag cache-miss
1896 silly fetch manifest function-bind@^1.1.2
1897 silly packumentCache full:https://registry.npmjs.org/function-bind cache-miss
1898 http cache https://registry.npmjs.org/es-errors 1ms (cache hit)
1899 silly packumentCache full:https://registry.npmjs.org/es-errors set size:16918 disposed:false
1900 http cache https://registry.npmjs.org/delayed-stream 1ms (cache hit)
1901 silly packumentCache full:https://registry.npmjs.org/delayed-stream set size:15820 disposed:false
1902 http cache https://registry.npmjs.org/has-tostringtag 2ms (cache hit)
1903 silly packumentCache full:https://registry.npmjs.org/has-tostringtag set size:13945 disposed:false
1904 http cache https://registry.npmjs.org/get-intrinsic 2ms (cache hit)
1905 silly packumentCache full:https://registry.npmjs.org/get-intrinsic set size:60985 disposed:false
1906 http cache https://registry.npmjs.org/function-bind 2ms (cache hit)
1907 silly packumentCache full:https://registry.npmjs.org/function-bind set size:15733 disposed:false
1908 silly placeDep ROOT delayed-stream@1.0.0 OK for: combined-stream@1.0.8 want: ~1.0.0
1909 silly placeDep ROOT es-errors@1.3.0 OK for: es-set-tostringtag@2.1.0 want: ^1.3.0
1910 silly placeDep ROOT get-intrinsic@1.3.0 OK for: es-set-tostringtag@2.1.0 want: ^1.2.6
1911 silly placeDep ROOT has-tostringtag@1.0.2 OK for: es-set-tostringtag@2.1.0 want: ^1.0.2
1912 silly fetch manifest gopd@^1.2.0
1913 silly packumentCache full:https://registry.npmjs.org/gopd cache-miss
1914 silly fetch manifest get-proto@^1.0.1
1915 silly packumentCache full:https://registry.npmjs.org/get-proto cache-miss
1916 silly fetch manifest has-symbols@^1.1.0
1917 silly packumentCache full:https://registry.npmjs.org/has-symbols cache-miss
1918 silly fetch manifest es-object-atoms@^1.1.1
1919 silly packumentCache full:https://registry.npmjs.org/es-object-atoms cache-miss
1920 silly fetch manifest math-intrinsics@^1.1.0
1921 silly packumentCache full:https://registry.npmjs.org/math-intrinsics cache-miss
1922 silly fetch manifest es-define-property@^1.0.1
1923 silly packumentCache full:https://registry.npmjs.org/es-define-property cache-miss
1924 silly fetch manifest call-bind-apply-helpers@^1.0.2
1925 silly packumentCache full:https://registry.npmjs.org/call-bind-apply-helpers cache-miss
1926 silly fetch manifest has-symbols@^1.0.3
1927 silly packumentCache full:https://registry.npmjs.org/has-symbols cache-miss
1928 http cache https://registry.npmjs.org/gopd 2ms (cache hit)
1929 silly packumentCache full:https://registry.npmjs.org/gopd set size:11458 disposed:false
1930 http cache https://registry.npmjs.org/call-bind-apply-helpers 2ms (cache hit)
1931 silly packumentCache full:https://registry.npmjs.org/call-bind-apply-helpers set size:12744 disposed:false
1932 http cache https://registry.npmjs.org/es-object-atoms 2ms (cache hit)
1933 silly packumentCache full:https://registry.npmjs.org/es-object-atoms set size:18278 disposed:false
1934 http cache https://registry.npmjs.org/has-symbols 3ms (cache hit)
1935 silly packumentCache full:https://registry.npmjs.org/has-symbols set size:21550 disposed:false
1936 http cache https://registry.npmjs.org/get-proto 3ms (cache hit)
1937 silly packumentCache full:https://registry.npmjs.org/get-proto set size:8300 disposed:false
1938 http cache https://registry.npmjs.org/math-intrinsics 3ms (cache hit)
1939 silly packumentCache full:https://registry.npmjs.org/math-intrinsics set size:9265 disposed:false
1940 http cache https://registry.npmjs.org/es-define-property 3ms (cache hit)
1941 silly packumentCache full:https://registry.npmjs.org/es-define-property set size:8542 disposed:false
1942 http cache https://registry.npmjs.org/has-symbols 2ms (cache hit)
1943 silly packumentCache full:https://registry.npmjs.org/has-symbols set size:21550 disposed:false
1944 silly packumentCache full:https://registry.npmjs.org/has-symbols dispose
1945 silly placeDep ROOT jsonfile@6.2.1 OK for: fs-extra@10.1.0 want: ^6.0.1
1946 silly placeDep ROOT universalify@2.0.1 OK for: fs-extra@10.1.0 want: ^2.0.0
1947 silly placeDep ROOT https-proxy-agent@7.0.6 OK for: gaxios@6.7.1 want: ^7.0.1
1948 silly placeDep node_modules/gaxios uuid@9.0.1 OK for: gaxios@6.7.1 want: ^9.0.1
1949 silly fetch manifest debug@4
1950 silly packumentCache full:https://registry.npmjs.org/debug cache-hit
1951 silly placeDep ROOT call-bind-apply-helpers@1.0.2 OK for: get-intrinsic@1.3.0 want: ^1.0.2
1952 silly placeDep ROOT es-define-property@1.0.1 OK for: get-intrinsic@1.3.0 want: ^1.0.1
1953 silly placeDep ROOT es-object-atoms@1.1.2 OK for: get-intrinsic@1.3.0 want: ^1.1.1
1954 silly placeDep ROOT function-bind@1.1.2 OK for: get-intrinsic@1.3.0 want: ^1.1.2
1955 silly placeDep ROOT get-proto@1.0.1 OK for: get-intrinsic@1.3.0 want: ^1.0.1
1956 silly placeDep ROOT gopd@1.2.0 OK for: get-intrinsic@1.3.0 want: ^1.2.0
1957 silly placeDep ROOT has-symbols@1.1.0 OK for: get-intrinsic@1.3.0 want: ^1.1.0
1958 silly placeDep ROOT math-intrinsics@1.1.0 OK for: get-intrinsic@1.3.0 want: ^1.1.0
1959 silly fetch manifest dunder-proto@^1.0.1
1960 silly packumentCache full:https://registry.npmjs.org/dunder-proto cache-miss
1961 http cache https://registry.npmjs.org/dunder-proto 1ms (cache hit)
1962 silly packumentCache full:https://registry.npmjs.org/dunder-proto set size:8256 disposed:false
1963 silly placeDep ROOT dunder-proto@1.0.1 OK for: get-proto@1.0.1 want: ^1.0.1
1964 silly placeDep ROOT foreground-child@3.3.1 OK for: glob@10.5.0 want: ^3.1.0
1965 silly placeDep ROOT jackspeak@3.4.3 OK for: glob@10.5.0 want: ^3.1.2
1966 silly placeDep node_modules/glob minimatch@9.0.9 OK for: glob@10.5.0 want: ^9.0.4
1967 silly placeDep ROOT minipass@7.1.3 OK for: glob@10.5.0 want: ^7.1.2
1968 silly placeDep ROOT package-json-from-dist@1.0.1 OK for: glob@10.5.0 want: ^1.0.0
1969 silly placeDep ROOT path-scurry@1.11.1 OK for: glob@10.5.0 want: ^1.11.1
1970 silly fetch manifest @isaacs/cliui@^8.0.2
1971 silly packumentCache full:https://registry.npmjs.org/@isaacs%2fcliui cache-miss
1972 silly fetch manifest @pkgjs/parseargs@^0.11.0
1973 silly packumentCache full:https://registry.npmjs.org/@pkgjs%2fparseargs cache-miss
1974 silly fetch manifest brace-expansion@^2.0.2
1975 silly packumentCache full:https://registry.npmjs.org/brace-expansion cache-hit
1976 silly fetch manifest lru-cache@^10.2.0
1977 silly packumentCache full:https://registry.npmjs.org/lru-cache cache-hit
1978 http cache https://registry.npmjs.org/@isaacs%2fcliui 2ms (cache hit)
1979 silly packumentCache full:https://registry.npmjs.org/@isaacs%2fcliui set size:12263 disposed:false
1980 http cache https://registry.npmjs.org/@pkgjs%2fparseargs 2ms (cache hit)
1981 silly packumentCache full:https://registry.npmjs.org/@pkgjs%2fparseargs set size:51085 disposed:false
1982 silly placeDep ROOT base64-js@1.5.1 OK for: google-auth-library@9.15.1 want: ^1.3.0
1983 silly placeDep ROOT ecdsa-sig-formatter@1.0.11 OK for: google-auth-library@9.15.1 want: ^1.0.11
1984 silly placeDep ROOT gcp-metadata@6.1.1 OK for: google-auth-library@9.15.1 want: ^6.1.0
1985 silly placeDep ROOT gtoken@7.1.0 OK for: google-auth-library@9.15.1 want: ^7.0.0
1986 silly placeDep ROOT jws@4.0.1 OK for: google-auth-library@9.15.1 want: ^4.0.0
1987 silly fetch manifest json-bigint@^1.0.0
1988 silly packumentCache full:https://registry.npmjs.org/json-bigint cache-miss
1989 silly fetch manifest google-logging-utils@^0.0.2
1990 silly packumentCache full:https://registry.npmjs.org/google-logging-utils cache-hit
1991 silly fetch manifest jwa@^2.0.1
1992 silly packumentCache full:https://registry.npmjs.org/jwa cache-miss
1993 http cache https://registry.npmjs.org/json-bigint 1ms (cache hit)
1994 silly packumentCache full:https://registry.npmjs.org/json-bigint set size:36963 disposed:false
1995 http cache https://registry.npmjs.org/jwa 1ms (cache hit)
1996 silly packumentCache full:https://registry.npmjs.org/jwa set size:39956 disposed:false
1997 silly placeDep ROOT google-logging-utils@0.0.2 OK for: gcp-metadata@6.1.1 want: ^0.0.2
1998 silly placeDep ROOT json-bigint@1.0.0 OK for: gcp-metadata@6.1.1 want: ^1.0.0
1999 silly fetch manifest bignumber.js@^9.0.0
2000 silly packumentCache full:https://registry.npmjs.org/bignumber.js cache-miss
2001 http cache https://registry.npmjs.org/bignumber.js 1ms (cache hit)
2002 silly packumentCache full:https://registry.npmjs.org/bignumber.js set size:141972 disposed:false
2003 silly placeDep ROOT @grpc/grpc-js@1.14.4 OK for: google-gax@5.0.6 want: ^1.12.6
2004 silly placeDep ROOT @grpc/proto-loader@0.8.1 OK for: google-gax@5.0.6 want: ^0.8.0
2005 silly placeDep ROOT duplexify@4.1.3 OK for: google-gax@5.0.6 want: ^4.1.3
2006 silly placeDep node_modules/google-gax google-auth-library@10.6.2 OK for: google-gax@5.0.6 want: ^10.1.0
2007 silly placeDep node_modules/google-gax google-logging-utils@1.1.3 OK for: google-gax@5.0.6 want: ^1.1.1
2008 silly placeDep node_modules/google-gax node-fetch@3.3.2 OK for: google-gax@5.0.6 want: ^3.3.2
2009 silly placeDep ROOT object-hash@3.0.0 OK for: google-gax@5.0.6 want: ^3.0.0
2010 silly placeDep ROOT proto3-json-serializer@3.0.4 OK for: google-gax@5.0.6 want: ^3.0.0
2011 silly placeDep ROOT protobufjs@7.6.2 OK for: google-gax@5.0.6 want: ^7.5.3
2012 silly placeDep ROOT retry-request@8.0.2 OK for: google-gax@5.0.6 want: ^8.0.0
2013 silly placeDep ROOT rimraf@5.0.10 OK for: google-gax@5.0.6 want: ^5.0.1
2014 silly fetch manifest @js-sdsl/ordered-map@^4.4.2
2015 silly packumentCache full:https://registry.npmjs.org/@js-sdsl%2fordered-map cache-miss
2016 silly fetch manifest lodash.camelcase@^4.3.0
2017 silly packumentCache full:https://registry.npmjs.org/lodash.camelcase cache-miss
2018 silly fetch manifest long@^5.0.0
2019 silly packumentCache full:https://registry.npmjs.org/long cache-miss
2020 silly fetch manifest protobufjs@^7.5.5
2021 silly packumentCache full:https://registry.npmjs.org/protobufjs cache-hit
2022 silly fetch manifest yargs@^17.7.2
2023 silly packumentCache full:https://registry.npmjs.org/yargs cache-miss
2024 silly fetch manifest end-of-stream@^1.4.1
2025 silly packumentCache full:https://registry.npmjs.org/end-of-stream cache-miss
2026 silly fetch manifest inherits@^2.0.3
2027 silly packumentCache full:https://registry.npmjs.org/inherits cache-hit
2028 silly fetch manifest readable-stream@^3.1.1
2029 silly packumentCache full:https://registry.npmjs.org/readable-stream cache-hit
2030 silly fetch manifest stream-shift@^1.0.2
2031 silly packumentCache full:https://registry.npmjs.org/stream-shift cache-miss
2032 silly fetch manifest data-uri-to-buffer@^4.0.0
2033 silly packumentCache full:https://registry.npmjs.org/data-uri-to-buffer cache-miss
2034 silly fetch manifest fetch-blob@^3.1.4
2035 silly packumentCache full:https://registry.npmjs.org/fetch-blob cache-miss
2036 silly fetch manifest formdata-polyfill@^4.0.10
2037 silly packumentCache full:https://registry.npmjs.org/formdata-polyfill cache-miss
2038 http cache https://registry.npmjs.org/long 5ms (cache hit)
2039 silly packumentCache full:https://registry.npmjs.org/long set size:80704 disposed:false
2040 silly fetch manifest protobufjs@^7.4.0
2041 silly packumentCache full:https://registry.npmjs.org/protobufjs cache-hit
2042 silly fetch manifest @protobufjs/aspromise@^1.1.2
2043 silly packumentCache full:https://registry.npmjs.org/@protobufjs%2faspromise cache-miss
2044 http cache https://registry.npmjs.org/end-of-stream 5ms (cache hit)
2045 silly packumentCache full:https://registry.npmjs.org/end-of-stream set size:27842 disposed:false
2046 silly fetch manifest @protobufjs/base64@^1.1.2
2047 silly packumentCache full:https://registry.npmjs.org/@protobufjs%2fbase64 cache-miss
2048 http cache https://registry.npmjs.org/yargs 6ms (cache hit)
2049 silly packumentCache full:https://registry.npmjs.org/yargs set size:743056 disposed:false
2050 silly fetch manifest @protobufjs/codegen@^2.0.5
2051 silly packumentCache full:https://registry.npmjs.org/@protobufjs%2fcodegen cache-miss
2052 http cache https://registry.npmjs.org/lodash.camelcase 10ms (cache hit)
2053 silly packumentCache full:https://registry.npmjs.org/lodash.camelcase set size:16993 disposed:false
2054 silly fetch manifest @protobufjs/eventemitter@^1.1.1
2055 silly packumentCache full:https://registry.npmjs.org/@protobufjs%2feventemitter cache-miss
2056 http cache https://registry.npmjs.org/@js-sdsl%2fordered-map 11ms (cache hit)
2057 silly packumentCache full:https://registry.npmjs.org/@js-sdsl%2fordered-map set size:63788 disposed:false
2058 silly fetch manifest @protobufjs/fetch@^1.1.1
2059 silly packumentCache full:https://registry.npmjs.org/@protobufjs%2ffetch cache-miss
2060 http cache https://registry.npmjs.org/formdata-polyfill 9ms (cache hit)
2061 silly packumentCache full:https://registry.npmjs.org/formdata-polyfill set size:94446 disposed:false
2062 silly fetch manifest @protobufjs/float@^1.0.2
2063 silly packumentCache full:https://registry.npmjs.org/@protobufjs%2ffloat cache-miss
2064 http cache https://registry.npmjs.org/fetch-blob 10ms (cache hit)
2065 silly packumentCache full:https://registry.npmjs.org/fetch-blob set size:73704 disposed:false
2066 silly fetch manifest @protobufjs/inquire@^1.1.2
2067 silly packumentCache full:https://registry.npmjs.org/@protobufjs%2finquire cache-miss
2068 http cache https://registry.npmjs.org/stream-shift 11ms (cache hit)
2069 silly packumentCache full:https://registry.npmjs.org/stream-shift set size:8066 disposed:false
2070 silly fetch manifest @protobufjs/path@^1.1.2
2071 silly packumentCache full:https://registry.npmjs.org/@protobufjs%2fpath cache-miss
2072 http cache https://registry.npmjs.org/data-uri-to-buffer 11ms (cache hit)
2073 silly packumentCache full:https://registry.npmjs.org/data-uri-to-buffer set size:48018 disposed:false
2074 silly fetch manifest @protobufjs/pool@^1.1.0
2075 silly packumentCache full:https://registry.npmjs.org/@protobufjs%2fpool cache-miss
2076 http cache https://registry.npmjs.org/@protobufjs%2faspromise 8ms (cache hit)
2077 silly packumentCache full:https://registry.npmjs.org/@protobufjs%2faspromise set size:11438 disposed:false
2078 silly fetch manifest @protobufjs/utf8@^1.1.1
2079 silly packumentCache full:https://registry.npmjs.org/@protobufjs%2futf8 cache-miss
2080 http cache https://registry.npmjs.org/@protobufjs%2feventemitter 4ms (cache hit)
2081 silly packumentCache full:https://registry.npmjs.org/@protobufjs%2feventemitter set size:13173 disposed:false
2082 silly fetch manifest @types/node@>=13.7.0
2083 silly packumentCache full:https://registry.npmjs.org/@types%2fnode cache-miss
2084 http cache https://registry.npmjs.org/@protobufjs%2fbase64 8ms (cache hit)
2085 silly packumentCache full:https://registry.npmjs.org/@protobufjs%2fbase64 set size:14176 disposed:false
2086 silly fetch manifest long@^5.3.2
2087 silly packumentCache full:https://registry.npmjs.org/long cache-hit
2088 silly fetch manifest teeny-request@^10.0.0
2089 silly packumentCache full:https://registry.npmjs.org/teeny-request cache-miss
2090 http cache https://registry.npmjs.org/@protobufjs%2fcodegen 6ms (cache hit)
2091 silly packumentCache full:https://registry.npmjs.org/@protobufjs%2fcodegen set size:23820 disposed:false
2092 http cache https://registry.npmjs.org/@protobufjs%2ffetch 4ms (cache hit)
2093 silly packumentCache full:https://registry.npmjs.org/@protobufjs%2ffetch set size:12023 disposed:false
2094 http cache https://registry.npmjs.org/@protobufjs%2ffloat 4ms (cache hit)
2095 silly packumentCache full:https://registry.npmjs.org/@protobufjs%2ffloat set size:9957 disposed:false
2096 http cache https://registry.npmjs.org/@protobufjs%2finquire 3ms (cache hit)
2097 silly packumentCache full:https://registry.npmjs.org/@protobufjs%2finquire set size:10538 disposed:false
2098 http cache https://registry.npmjs.org/@protobufjs%2fpool 2ms (cache hit)
2099 silly packumentCache full:https://registry.npmjs.org/@protobufjs%2fpool set size:10727 disposed:false
2100 http cache https://registry.npmjs.org/@protobufjs%2fpath 3ms (cache hit)
2101 silly packumentCache full:https://registry.npmjs.org/@protobufjs%2fpath set size:10241 disposed:false
2102 http cache https://registry.npmjs.org/@protobufjs%2futf8 2ms (cache hit)
2103 silly packumentCache full:https://registry.npmjs.org/@protobufjs%2futf8 set size:15634 disposed:false
2104 http cache https://registry.npmjs.org/teeny-request 1ms (cache hit)
2105 silly packumentCache full:https://registry.npmjs.org/teeny-request set size:173040 disposed:false
2106 http cache https://registry.npmjs.org/@types%2fnode 10ms (cache hit)
2107 silly packumentCache full:https://registry.npmjs.org/@types%2fnode set size:11015753 disposed:false
2108 silly placeDep ROOT @js-sdsl/ordered-map@4.4.2 OK for: @grpc/grpc-js@1.14.4 want: ^4.4.2
2109 silly placeDep ROOT lodash.camelcase@4.3.0 OK for: @grpc/proto-loader@0.8.1 want: ^4.3.0
2110 silly placeDep ROOT long@5.3.2 OK for: @grpc/proto-loader@0.8.1 want: ^5.0.0
2111 silly placeDep ROOT yargs@17.7.2 OK for: @grpc/proto-loader@0.8.1 want: ^17.7.2
2112 silly fetch manifest y18n@^5.0.5
2113 silly packumentCache full:https://registry.npmjs.org/y18n cache-miss
2114 silly fetch manifest cliui@^8.0.1
2115 silly packumentCache full:https://registry.npmjs.org/cliui cache-miss
2116 silly fetch manifest escalade@^3.1.1
2117 silly packumentCache full:https://registry.npmjs.org/escalade cache-miss
2118 silly fetch manifest yargs-parser@^21.1.1
2119 silly packumentCache full:https://registry.npmjs.org/yargs-parser cache-miss
2120 silly fetch manifest get-caller-file@^2.0.5
2121 silly packumentCache full:https://registry.npmjs.org/get-caller-file cache-miss
2122 silly fetch manifest require-directory@^2.1.1
2123 silly packumentCache full:https://registry.npmjs.org/require-directory cache-miss
2124 http cache https://registry.npmjs.org/cliui 2ms (cache hit)
2125 silly packumentCache full:https://registry.npmjs.org/cliui set size:69089 disposed:false
2126 http cache https://registry.npmjs.org/require-directory 1ms (cache hit)
2127 silly packumentCache full:https://registry.npmjs.org/require-directory set size:26866 disposed:false
2128 http cache https://registry.npmjs.org/get-caller-file 2ms (cache hit)
2129 silly packumentCache full:https://registry.npmjs.org/get-caller-file set size:26456 disposed:false
2130 http cache https://registry.npmjs.org/y18n 3ms (cache hit)
2131 silly packumentCache full:https://registry.npmjs.org/y18n set size:76155 disposed:false
2132 http cache https://registry.npmjs.org/escalade 3ms (cache hit)
2133 silly packumentCache full:https://registry.npmjs.org/escalade set size:33724 disposed:false
2134 http cache https://registry.npmjs.org/yargs-parser 4ms (cache hit)
2135 silly packumentCache full:https://registry.npmjs.org/yargs-parser set size:238630 disposed:false
2136 silly placeDep ROOT end-of-stream@1.4.5 OK for: duplexify@4.1.3 want: ^1.4.1
2137 silly placeDep ROOT inherits@2.0.4 OK for: duplexify@4.1.3 want: ^2.0.3
2138 silly placeDep node_modules/duplexify readable-stream@3.6.2 OK for: duplexify@4.1.3 want: ^3.1.1
2139 silly placeDep ROOT stream-shift@1.0.3 OK for: duplexify@4.1.3 want: ^1.0.2
2140 silly fetch manifest string_decoder@^1.1.1
2141 silly packumentCache full:https://registry.npmjs.org/string_decoder cache-hit
2142 silly fetch manifest util-deprecate@^1.0.1
2143 silly packumentCache full:https://registry.npmjs.org/util-deprecate cache-miss
2144 http cache https://registry.npmjs.org/util-deprecate 0ms (cache hit)
2145 silly packumentCache full:https://registry.npmjs.org/util-deprecate set size:6674 disposed:false
2146 silly placeDep ROOT once@1.4.0 OK for: end-of-stream@1.4.5 want: ^1.4.0
2147 silly fetch manifest wrappy@1
2148 silly packumentCache full:https://registry.npmjs.org/wrappy cache-miss
2149 http cache https://registry.npmjs.org/wrappy 0ms (cache hit)
2150 silly packumentCache full:https://registry.npmjs.org/wrappy set size:7682 disposed:false
2151 silly placeDep node_modules/googleapis-common gaxios@7.1.4 OK for: googleapis-common@8.0.1 want: ^7.0.0-rc.4
2152 silly placeDep node_modules/googleapis-common google-auth-library@10.6.2 OK for: googleapis-common@8.0.1 want: ^10.1.0
2153 silly placeDep ROOT url-template@2.0.8 OK for: googleapis-common@8.0.1 want: ^2.0.8
2154 silly placeDep ROOT toidentifier@1.0.1 OK for: http-errors@2.0.1 want: ~1.0.1
2155 silly placeDep ROOT agent-base@7.1.4 OK for: https-proxy-agent@7.0.6 want: ^7.1.2
2156 silly placeDep node_modules/https-proxy-agent debug@4.4.3 OK for: https-proxy-agent@7.0.6 want: 4
2157 silly fetch manifest ms@^2.1.3
2158 silly packumentCache full:https://registry.npmjs.org/ms cache-hit
2159 silly placeDep ROOT safer-buffer@2.1.2 OK for: iconv-lite@0.7.2 want: >= 2.1.2 < 3.0.0
2160 silly placeDep ROOT binary-extensions@2.3.0 OK for: is-binary-path@2.1.0 want: ^2.0.0
2161 silly placeDep ROOT is-extglob@2.1.1 OK for: is-glob@4.0.3 want: ^2.1.1
2162 silly placeDep ROOT @isaacs/cliui@8.0.2 OK for: jackspeak@3.4.3 want: ^8.0.2
2163 silly placeDep ROOT @pkgjs/parseargs@0.11.0 OK for: jackspeak@3.4.3 want: ^0.11.0
2164 silly fetch manifest wrap-ansi@^8.1.0
2165 silly packumentCache full:https://registry.npmjs.org/wrap-ansi cache-hit
2166 silly fetch manifest strip-ansi@^7.0.1
2167 silly packumentCache full:https://registry.npmjs.org/strip-ansi cache-hit
2168 silly fetch manifest string-width@^5.1.2
2169 silly packumentCache full:https://registry.npmjs.org/string-width cache-hit
2170 silly fetch manifest wrap-ansi-cjs@npm:wrap-ansi@^7.0.0
2171 silly packumentCache full:https://registry.npmjs.org/wrap-ansi cache-hit
2172 silly fetch manifest strip-ansi-cjs@npm:strip-ansi@^6.0.1
2173 silly packumentCache full:https://registry.npmjs.org/strip-ansi cache-hit
2174 silly fetch manifest string-width-cjs@npm:string-width@^4.2.0
2175 silly packumentCache full:https://registry.npmjs.org/string-width cache-hit
2176 silly placeDep node_modules/@isaacs/cliui string-width@5.1.2 OK for: @isaacs/cliui@8.0.2 want: ^5.1.2
2177 silly placeDep ROOT string-width-cjs@4.2.3 OK for: @isaacs/cliui@8.0.2 want: npm:string-width@^4.2.0
2178 silly placeDep ROOT strip-ansi@7.2.0 OK for: @isaacs/cliui@8.0.2 want: ^7.0.1
2179 silly placeDep ROOT strip-ansi-cjs@6.0.1 OK for: @isaacs/cliui@8.0.2 want: npm:strip-ansi@^6.0.1
2180 silly placeDep node_modules/@isaacs/cliui wrap-ansi@8.1.0 OK for: @isaacs/cliui@8.0.2 want: ^8.1.0
2181 silly placeDep ROOT wrap-ansi-cjs@7.0.0 OK for: @isaacs/cliui@8.0.2 want: npm:wrap-ansi@^7.0.0
2182 silly fetch manifest emoji-regex@^9.2.2
2183 silly packumentCache full:https://registry.npmjs.org/emoji-regex cache-hit
2184 silly fetch manifest eastasianwidth@^0.2.0
2185 silly packumentCache full:https://registry.npmjs.org/eastasianwidth cache-miss
2186 silly fetch manifest ansi-regex@^6.2.2
2187 silly packumentCache full:https://registry.npmjs.org/ansi-regex cache-hit
2188 silly fetch manifest ansi-regex@^5.0.1
2189 silly packumentCache full:https://registry.npmjs.org/ansi-regex cache-hit
2190 silly fetch manifest ansi-styles@^6.1.0
2191 silly packumentCache full:https://registry.npmjs.org/ansi-styles cache-hit
2192 http cache https://registry.npmjs.org/eastasianwidth 0ms (cache hit)
2193 silly packumentCache full:https://registry.npmjs.org/eastasianwidth set size:7890 disposed:false
2194 silly placeDep ROOT argparse@1.0.10 OK for: js-yaml@3.14.2 want: ^1.0.7
2195 silly placeDep ROOT esprima@4.0.1 OK for: js-yaml@3.14.2 want: ^4.0.0
2196 silly fetch manifest sprintf-js@~1.0.2
2197 silly packumentCache full:https://registry.npmjs.org/sprintf-js cache-miss
2198 http cache https://registry.npmjs.org/sprintf-js 1ms (cache hit)
2199 silly packumentCache full:https://registry.npmjs.org/sprintf-js set size:20495 disposed:false
2200 silly placeDep ROOT sprintf-js@1.0.3 OK for: argparse@1.0.10 want: ~1.0.2
2201 silly placeDep ROOT bignumber.js@9.3.1 OK for: json-bigint@1.0.0 want: ^9.0.0
2202 silly placeDep ROOT jju@1.4.0 OK for: json-parse-helpfulerror@1.0.3 want: ^1.1.0
2203 silly placeDep ROOT lodash.includes@4.3.0 OK for: jsonwebtoken@9.0.3 want: ^4.3.0
2204 silly placeDep ROOT lodash.isboolean@3.0.3 OK for: jsonwebtoken@9.0.3 want: ^3.0.3
2205 silly placeDep ROOT lodash.isinteger@4.0.4 OK for: jsonwebtoken@9.0.3 want: ^4.0.4
2206 silly placeDep ROOT lodash.isnumber@3.0.3 OK for: jsonwebtoken@9.0.3 want: ^3.0.3
2207 silly placeDep ROOT lodash.isplainobject@4.0.6 OK for: jsonwebtoken@9.0.3 want: ^4.0.6
2208 silly placeDep ROOT lodash.isstring@4.0.1 OK for: jsonwebtoken@9.0.3 want: ^4.0.1
2209 silly placeDep ROOT lodash.once@4.1.1 OK for: jsonwebtoken@9.0.3 want: ^4.0.0
2210 silly placeDep node_modules/jsonwebtoken ms@2.1.3 OK for: jsonwebtoken@9.0.3 want: ^2.1.1
2211 silly placeDep ROOT jwa@2.0.1 OK for: jws@4.0.1 want: ^2.0.1
2212 silly fetch manifest buffer-equal-constant-time@^1.0.1
2213 silly packumentCache full:https://registry.npmjs.org/buffer-equal-constant-time cache-miss
2214 http cache https://registry.npmjs.org/buffer-equal-constant-time 1ms (cache hit)
2215 silly packumentCache full:https://registry.npmjs.org/buffer-equal-constant-time set size:4390 disposed:false
2216 silly placeDep ROOT buffer-equal-constant-time@1.0.1 OK for: jwa@2.0.1 want: ^1.0.1
2217 silly placeDep node_modules/lazystream readable-stream@2.3.8 OK for: lazystream@1.0.1 want: ^2.0.5
2218 silly fetch manifest isarray@~1.0.0
2219 silly packumentCache full:https://registry.npmjs.org/isarray cache-miss
2220 silly fetch manifest safe-buffer@~5.1.1
2221 silly packumentCache full:https://registry.npmjs.org/safe-buffer cache-hit
2222 silly fetch manifest core-util-is@~1.0.0
2223 silly packumentCache full:https://registry.npmjs.org/core-util-is cache-miss
2224 silly fetch manifest string_decoder@~1.1.1
2225 silly packumentCache full:https://registry.npmjs.org/string_decoder cache-hit
2226 silly fetch manifest util-deprecate@~1.0.1
2227 silly packumentCache full:https://registry.npmjs.org/util-deprecate cache-hit
2228 silly fetch manifest process-nextick-args@~2.0.0
2229 silly packumentCache full:https://registry.npmjs.org/process-nextick-args cache-miss
2230 http cache https://registry.npmjs.org/core-util-is 1ms (cache hit)
2231 silly packumentCache full:https://registry.npmjs.org/core-util-is set size:7163 disposed:false
2232 http cache https://registry.npmjs.org/process-nextick-args 1ms (cache hit)
2233 silly packumentCache full:https://registry.npmjs.org/process-nextick-args set size:15428 disposed:false
2234 http cache https://registry.npmjs.org/isarray 1ms (cache hit)
2235 silly packumentCache full:https://registry.npmjs.org/isarray set size:17392 disposed:false
2236 silly placeDep ROOT libsodium@0.7.16 OK for: libsodium-wrappers@0.7.16 want: ^0.7.16
2237 silly placeDep node_modules/make-dir semver@6.3.1 OK for: make-dir@3.1.0 want: ^6.0.0
2238 silly placeDep ROOT ansi-escapes@7.3.0 OK for: marked-terminal@7.3.0 want: ^7.0.0
2239 silly placeDep ROOT ansi-regex@6.2.2 OK for: marked-terminal@7.3.0 want: ^6.1.0
2240 silly placeDep ROOT chalk@5.6.2 OK for: marked-terminal@7.3.0 want: ^5.4.1
2241 silly placeDep ROOT cli-highlight@2.1.11 OK for: marked-terminal@7.3.0 want: ^2.1.11
2242 silly placeDep ROOT node-emoji@2.2.0 OK for: marked-terminal@7.3.0 want: ^2.2.0
2243 silly placeDep ROOT supports-hyperlinks@3.2.0 OK for: marked-terminal@7.3.0 want: ^3.1.0
2244 silly fetch manifest environment@^1.0.0
2245 silly packumentCache full:https://registry.npmjs.org/environment cache-miss
2246 silly fetch manifest chalk@^4.0.0
2247 silly packumentCache full:https://registry.npmjs.org/chalk cache-hit
2248 silly fetch manifest highlight.js@^10.7.1
2249 silly packumentCache full:https://registry.npmjs.org/highlight.js cache-miss
2250 silly fetch manifest mz@^2.4.0
2251 silly packumentCache full:https://registry.npmjs.org/mz cache-miss
2252 silly fetch manifest parse5@^5.1.1
2253 silly packumentCache full:https://registry.npmjs.org/parse5 cache-miss
2254 silly fetch manifest parse5-htmlparser2-tree-adapter@^6.0.0
2255 silly packumentCache full:https://registry.npmjs.org/parse5-htmlparser2-tree-adapter cache-miss
2256 silly fetch manifest yargs@^16.0.0
2257 silly packumentCache full:https://registry.npmjs.org/yargs cache-hit
2258 silly fetch manifest @sindresorhus/is@^4.6.0
2259 silly packumentCache full:https://registry.npmjs.org/@sindresorhus%2fis cache-miss
2260 silly fetch manifest char-regex@^1.0.2
2261 silly packumentCache full:https://registry.npmjs.org/char-regex cache-miss
2262 silly fetch manifest emojilib@^2.4.0
2263 silly packumentCache full:https://registry.npmjs.org/emojilib cache-miss
2264 silly fetch manifest skin-tone@^2.0.0
2265 silly packumentCache full:https://registry.npmjs.org/skin-tone cache-miss
2266 http cache https://registry.npmjs.org/mz 3ms (cache hit)
2267 silly packumentCache full:https://registry.npmjs.org/mz set size:42731 disposed:false
2268 silly fetch manifest has-flag@^4.0.0
2269 silly packumentCache full:https://registry.npmjs.org/has-flag cache-miss
2270 http cache https://registry.npmjs.org/parse5 3ms (cache hit)
2271 silly packumentCache full:https://registry.npmjs.org/parse5 set size:123116 disposed:false
2272 silly fetch manifest supports-color@^7.0.0
2273 silly packumentCache full:https://registry.npmjs.org/supports-color cache-miss
2274 http cache https://registry.npmjs.org/parse5-htmlparser2-tree-adapter 6ms (cache hit)
2275 silly packumentCache full:https://registry.npmjs.org/parse5-htmlparser2-tree-adapter set size:24244 disposed:false
2276 http cache https://registry.npmjs.org/environment 6ms (cache hit)
2277 silly packumentCache full:https://registry.npmjs.org/environment set size:13915 disposed:false
2278 http cache https://registry.npmjs.org/highlight.js 7ms (cache hit)
2279 silly packumentCache full:https://registry.npmjs.org/highlight.js set size:1244415 disposed:false
2280 http cache https://registry.npmjs.org/char-regex 10ms (cache hit)
2281 silly packumentCache full:https://registry.npmjs.org/char-regex set size:20509 disposed:false
2282 http cache https://registry.npmjs.org/emojilib 10ms (cache hit)
2283 silly packumentCache full:https://registry.npmjs.org/emojilib set size:85905 disposed:false
2284 http cache https://registry.npmjs.org/skin-tone 10ms (cache hit)
2285 silly packumentCache full:https://registry.npmjs.org/skin-tone set size:16099 disposed:false
2286 http cache https://registry.npmjs.org/@sindresorhus%2fis 11ms (cache hit)
2287 silly packumentCache full:https://registry.npmjs.org/@sindresorhus%2fis set size:202184 disposed:false
2288 http cache https://registry.npmjs.org/has-flag 10ms (cache hit)
2289 silly packumentCache full:https://registry.npmjs.org/has-flag set size:15180 disposed:false
2290 http cache https://registry.npmjs.org/supports-color 9ms (cache hit)
2291 silly packumentCache full:https://registry.npmjs.org/supports-color set size:118680 disposed:false
2292 silly placeDep ROOT environment@1.1.0 OK for: ansi-escapes@7.3.0 want: ^1.0.0
2293 silly placeDep node_modules/cli-highlight chalk@4.1.2 OK for: cli-highlight@2.1.11 want: ^4.0.0
2294 silly placeDep ROOT highlight.js@10.7.3 OK for: cli-highlight@2.1.11 want: ^10.7.1
2295 silly placeDep ROOT mz@2.7.0 OK for: cli-highlight@2.1.11 want: ^2.4.0
2296 silly placeDep ROOT parse5@5.1.1 OK for: cli-highlight@2.1.11 want: ^5.1.1
2297 silly placeDep ROOT parse5-htmlparser2-tree-adapter@6.0.1 OK for: cli-highlight@2.1.11 want: ^6.0.0
2298 silly placeDep node_modules/cli-highlight yargs@16.2.0 OK for: cli-highlight@2.1.11 want: ^16.0.0
2299 silly fetch manifest ansi-styles@^4.1.0
2300 silly packumentCache full:https://registry.npmjs.org/ansi-styles cache-hit
2301 silly fetch manifest supports-color@^7.1.0
2302 silly packumentCache full:https://registry.npmjs.org/supports-color cache-hit
2303 silly fetch manifest any-promise@^1.0.0
2304 silly packumentCache full:https://registry.npmjs.org/any-promise cache-miss
2305 silly fetch manifest thenify-all@^1.0.0
2306 silly packumentCache full:https://registry.npmjs.org/thenify-all cache-miss
2307 silly fetch manifest parse5@^6.0.1
2308 silly packumentCache full:https://registry.npmjs.org/parse5 cache-hit
2309 silly fetch manifest cliui@^7.0.2
2310 silly packumentCache full:https://registry.npmjs.org/cliui cache-hit
2311 silly fetch manifest yargs-parser@^20.2.2
2312 silly packumentCache full:https://registry.npmjs.org/yargs-parser cache-hit
2313 http cache https://registry.npmjs.org/thenify-all 2ms (cache hit)
2314 silly packumentCache full:https://registry.npmjs.org/thenify-all set size:18488 disposed:false
2315 http cache https://registry.npmjs.org/any-promise 2ms (cache hit)
2316 silly packumentCache full:https://registry.npmjs.org/any-promise set size:20233 disposed:false
2317 silly placeDep ROOT mime-db@1.52.0 OK for: mime-types@2.1.35 want: 1.52.0
2318 silly placeDep ROOT brace-expansion@1.1.15 OK for: minimatch@3.1.5 want: ^1.1.7
2319 silly fetch manifest balanced-match@^1.0.0
2320 silly packumentCache full:https://registry.npmjs.org/balanced-match cache-miss
2321 silly fetch manifest concat-map@0.0.1
2322 silly packumentCache full:https://registry.npmjs.org/concat-map cache-miss
2323 http cache https://registry.npmjs.org/balanced-match 0ms (cache hit)
2324 silly packumentCache full:https://registry.npmjs.org/balanced-match set size:39082 disposed:false
2325 http cache https://registry.npmjs.org/concat-map 1ms (cache hit)
2326 silly packumentCache full:https://registry.npmjs.org/concat-map set size:9290 disposed:false
2327 silly placeDep ROOT balanced-match@1.0.2 OK for: brace-expansion@1.1.15 want: ^1.0.0
2328 silly placeDep ROOT concat-map@0.0.1 OK for: brace-expansion@1.1.15 want: 0.0.1
2329 silly placeDep ROOT basic-auth@2.0.1 OK for: morgan@1.11.0 want: ~2.0.1
2330 silly placeDep ROOT on-headers@1.1.0 OK for: morgan@1.11.0 want: ~1.1.0
2331 silly fetch manifest safe-buffer@5.1.2
2332 silly packumentCache full:https://registry.npmjs.org/safe-buffer cache-hit
2333 silly placeDep node_modules/basic-auth safe-buffer@5.1.2 OK for: basic-auth@2.0.1 want: 5.1.2
2334 silly placeDep ROOT any-promise@1.3.0 OK for: mz@2.7.0 want: ^1.0.0
2335 silly placeDep ROOT thenify-all@1.6.0 OK for: mz@2.7.0 want: ^1.0.0
2336 silly fetch manifest thenify@>= 3.1.0 < 4
2337 silly packumentCache full:https://registry.npmjs.org/thenify cache-miss
2338 http cache https://registry.npmjs.org/thenify 1ms (cache hit)
2339 silly packumentCache full:https://registry.npmjs.org/thenify set size:21379 disposed:false
2340 silly placeDep ROOT @sindresorhus/is@4.6.0 OK for: node-emoji@2.2.0 want: ^4.6.0
2341 silly placeDep ROOT char-regex@1.0.2 OK for: node-emoji@2.2.0 want: ^1.0.2
2342 silly placeDep ROOT emojilib@2.4.0 OK for: node-emoji@2.2.0 want: ^2.4.0
2343 silly placeDep ROOT skin-tone@2.0.0 OK for: node-emoji@2.2.0 want: ^2.0.0
2344 silly fetch manifest unicode-emoji-modifier-base@^1.0.0
2345 silly packumentCache full:https://registry.npmjs.org/unicode-emoji-modifier-base cache-miss
2346 http cache https://registry.npmjs.org/unicode-emoji-modifier-base 0ms (cache hit)
2347 silly packumentCache full:https://registry.npmjs.org/unicode-emoji-modifier-base set size:4638 disposed:false
2348 silly placeDep ROOT whatwg-url@5.0.0 OK for: node-fetch@2.7.0 want: ^5.0.0
2349 silly fetch manifest tr46@~0.0.3
2350 silly packumentCache full:https://registry.npmjs.org/tr46 cache-miss
2351 silly fetch manifest webidl-conversions@^3.0.0
2352 silly packumentCache full:https://registry.npmjs.org/webidl-conversions cache-miss
2353 http cache https://registry.npmjs.org/webidl-conversions 0ms (cache hit)
2354 silly packumentCache full:https://registry.npmjs.org/webidl-conversions set size:46073 disposed:false
2355 http cache https://registry.npmjs.org/tr46 1ms (cache hit)
2356 silly packumentCache full:https://registry.npmjs.org/tr46 set size:47377 disposed:false
2357 silly placeDep ROOT ee-first@1.1.1 OK for: on-finished@2.4.1 want: 1.1.1
2358 silly placeDep ROOT wrappy@1.0.2 OK for: once@1.4.0 want: 1
2359 silly placeDep ROOT is-wsl@1.1.0 OK for: open@6.4.0 want: ^1.1.0
2360 silly placeDep ROOT bl@4.1.0 OK for: ora@5.4.1 want: ^4.1.0
2361 silly placeDep node_modules/ora chalk@4.1.2 OK for: ora@5.4.1 want: ^4.1.0
2362 silly placeDep ROOT cli-cursor@3.1.0 OK for: ora@5.4.1 want: ^3.1.0
2363 silly placeDep ROOT cli-spinners@2.9.2 OK for: ora@5.4.1 want: ^2.5.0
2364 silly placeDep ROOT is-interactive@1.0.0 OK for: ora@5.4.1 want: ^1.0.0
2365 silly placeDep ROOT is-unicode-supported@0.1.0 OK for: ora@5.4.1 want: ^0.1.0
2366 silly placeDep ROOT log-symbols@4.1.0 OK for: ora@5.4.1 want: ^4.1.0
2367 silly placeDep node_modules/ora strip-ansi@6.0.1 OK for: ora@5.4.1 want: ^6.0.0
2368 silly placeDep ROOT wcwidth@1.0.1 OK for: ora@5.4.1 want: ^1.0.1
2369 silly fetch manifest buffer@^5.5.0
2370 silly packumentCache full:https://registry.npmjs.org/buffer cache-hit
2371 silly fetch manifest restore-cursor@^3.1.0
2372 silly packumentCache full:https://registry.npmjs.org/restore-cursor cache-miss
2373 silly fetch manifest defaults@^1.0.3
2374 silly packumentCache full:https://registry.npmjs.org/defaults cache-miss
2375 http cache https://registry.npmjs.org/restore-cursor 1ms (cache hit)
2376 silly packumentCache full:https://registry.npmjs.org/restore-cursor set size:17895 disposed:false
2377 http cache https://registry.npmjs.org/defaults 0ms (cache hit)
2378 silly packumentCache full:https://registry.npmjs.org/defaults set size:18134 disposed:false
2379 silly placeDep ROOT buffer@5.7.1 OK for: bl@4.1.0 want: ^5.5.0
2380 silly placeDep node_modules/bl readable-stream@3.6.2 OK for: bl@4.1.0 want: ^3.4.0
2381 silly fetch manifest ieee754@^1.1.13
2382 silly packumentCache full:https://registry.npmjs.org/ieee754 cache-miss
2383 http cache https://registry.npmjs.org/ieee754 1ms (cache hit)
2384 silly packumentCache full:https://registry.npmjs.org/ieee754 set size:34910 disposed:false
2385 silly placeDep ROOT ieee754@1.2.1 OK for: buffer@5.7.1 want: ^1.1.13
2386 silly placeDep ROOT restore-cursor@3.1.0 OK for: cli-cursor@3.1.0 want: ^3.1.0
2387 silly fetch manifest onetime@^5.1.0
2388 silly packumentCache full:https://registry.npmjs.org/onetime cache-miss
2389 http cache https://registry.npmjs.org/onetime 1ms (cache hit)
2390 silly packumentCache full:https://registry.npmjs.org/onetime set size:32314 disposed:false
2391 silly placeDep node_modules/log-symbols chalk@4.1.2 OK for: log-symbols@4.1.0 want: ^4.1.0
2392 silly placeDep ROOT yocto-queue@0.1.0 OK for: p-limit@3.1.0 want: ^0.1.0
2393 silly placeDep node_modules/parse5-htmlparser2-tree-adapter parse5@6.0.1 OK for: parse5-htmlparser2-tree-adapter@6.0.1 want: ^6.0.1
2394 silly placeDep ROOT lru-cache@10.4.3 OK for: path-scurry@1.11.1 want: ^10.2.0
2395 silly fetch manifest pg@>=8.0
2396 silly packumentCache full:https://registry.npmjs.org/pg cache-hit
2397 silly placeDep ROOT pg-cloudflare@1.4.0 OK for: pg@8.21.0 want: ^1.4.0
2398 silly placeDep ROOT pg-connection-string@2.13.0 OK for: pg@8.21.0 want: ^2.13.0
2399 silly placeDep ROOT pg-pool@3.14.0 OK for: pg@8.21.0 want: ^3.14.0
2400 silly placeDep ROOT pg-protocol@1.14.0 OK for: pg@8.21.0 want: ^1.14.0
2401 silly placeDep ROOT pg-types@2.2.0 OK for: pg@8.21.0 want: 2.2.0
2402 silly placeDep ROOT pgpass@1.0.5 OK for: pg@8.21.0 want: 1.0.5
2403 silly fetch manifest pg-int8@1.0.1
2404 silly packumentCache full:https://registry.npmjs.org/pg-int8 cache-miss
2405 silly fetch manifest postgres-date@~1.0.4
2406 silly packumentCache full:https://registry.npmjs.org/postgres-date cache-miss
2407 silly fetch manifest postgres-array@~2.0.0
2408 silly packumentCache full:https://registry.npmjs.org/postgres-array cache-miss
2409 silly fetch manifest postgres-bytea@~1.0.0
2410 silly packumentCache full:https://registry.npmjs.org/postgres-bytea cache-miss
2411 silly fetch manifest postgres-interval@^1.1.0
2412 silly packumentCache full:https://registry.npmjs.org/postgres-interval cache-miss
2413 silly fetch manifest split2@^4.1.0
2414 silly packumentCache full:https://registry.npmjs.org/split2 cache-miss
2415 http cache https://registry.npmjs.org/postgres-date 1ms (cache hit)
2416 silly packumentCache full:https://registry.npmjs.org/postgres-date set size:27126 disposed:false
2417 http cache https://registry.npmjs.org/pg-int8 2ms (cache hit)
2418 silly packumentCache full:https://registry.npmjs.org/pg-int8 set size:3652 disposed:false
2419 http cache https://registry.npmjs.org/split2 1ms (cache hit)
2420 silly packumentCache full:https://registry.npmjs.org/split2 set size:47438 disposed:false
2421 http cache https://registry.npmjs.org/postgres-array 2ms (cache hit)
2422 silly packumentCache full:https://registry.npmjs.org/postgres-array set size:21967 disposed:false
2423 http cache https://registry.npmjs.org/postgres-bytea 2ms (cache hit)
2424 silly packumentCache full:https://registry.npmjs.org/postgres-bytea set size:8854 disposed:false
2425 http cache https://registry.npmjs.org/postgres-interval 2ms (cache hit)
2426 silly packumentCache full:https://registry.npmjs.org/postgres-interval set size:30514 disposed:false
2427 silly placeDep ROOT pg-int8@1.0.1 OK for: pg-types@2.2.0 want: 1.0.1
2428 silly placeDep ROOT postgres-array@2.0.0 OK for: pg-types@2.2.0 want: ~2.0.0
2429 silly placeDep ROOT postgres-bytea@1.0.1 OK for: pg-types@2.2.0 want: ~1.0.0
2430 silly placeDep ROOT postgres-date@1.0.7 OK for: pg-types@2.2.0 want: ~1.0.4
2431 silly placeDep ROOT postgres-interval@1.2.0 OK for: pg-types@2.2.0 want: ^1.1.0
2432 silly fetch manifest xtend@^4.0.0
2433 silly packumentCache full:https://registry.npmjs.org/xtend cache-miss
2434 http cache https://registry.npmjs.org/xtend 1ms (cache hit)
2435 silly packumentCache full:https://registry.npmjs.org/xtend set size:28314 disposed:false
2436 silly placeDep ROOT split2@4.2.0 OK for: pgpass@1.0.5 want: ^4.1.0
2437 silly placeDep node_modules/portfinder debug@4.4.3 OK for: portfinder@1.0.38 want: ^4.3.6
2438 silly placeDep ROOT xtend@4.0.2 OK for: postgres-interval@1.2.0 want: ^4.0.0
2439 silly placeDep ROOT @protobufjs/aspromise@1.1.2 OK for: protobufjs@7.6.2 want: ^1.1.2
2440 silly placeDep ROOT @protobufjs/base64@1.1.2 OK for: protobufjs@7.6.2 want: ^1.1.2
2441 silly placeDep ROOT @protobufjs/codegen@2.0.5 OK for: protobufjs@7.6.2 want: ^2.0.5
2442 silly placeDep ROOT @protobufjs/eventemitter@1.1.1 OK for: protobufjs@7.6.2 want: ^1.1.1
2443 silly placeDep ROOT @protobufjs/fetch@1.1.1 OK for: protobufjs@7.6.2 want: ^1.1.1
2444 silly placeDep ROOT @protobufjs/float@1.0.2 OK for: protobufjs@7.6.2 want: ^1.0.2
2445 silly placeDep ROOT @protobufjs/inquire@1.1.2 OK for: protobufjs@7.6.2 want: ^1.1.2
2446 silly placeDep ROOT @protobufjs/path@1.1.2 OK for: protobufjs@7.6.2 want: ^1.1.2
2447 silly placeDep ROOT @protobufjs/pool@1.1.0 OK for: protobufjs@7.6.2 want: ^1.1.0
2448 silly placeDep ROOT @protobufjs/utf8@1.1.1 OK for: protobufjs@7.6.2 want: ^1.1.1
2449 silly placeDep ROOT @types/node@25.9.1 OK for: protobufjs@7.6.2 want: >=13.7.0
2450 silly fetch manifest undici-types@>=7.24.0 <7.24.7
2451 silly packumentCache full:https://registry.npmjs.org/undici-types cache-miss
2452 http cache https://registry.npmjs.org/undici-types 1ms (cache hit)
2453 silly packumentCache full:https://registry.npmjs.org/undici-types set size:220473 disposed:false
2454 silly placeDep ROOT undici-types@7.24.6 OK for: @types/node@25.9.1 want: >=7.24.0 <7.24.7
2455 silly placeDep ROOT forwarded@0.2.0 OK for: proxy-addr@2.0.7 want: 0.2.0
2456 silly placeDep ROOT ipaddr.js@1.9.1 OK for: proxy-addr@2.0.7 want: 1.9.1
2457 silly placeDep node_modules/proxy-agent debug@4.4.3 OK for: proxy-agent@6.5.0 want: ^4.3.4
2458 silly placeDep ROOT http-proxy-agent@7.0.2 OK for: proxy-agent@6.5.0 want: ^7.0.1
2459 silly placeDep node_modules/proxy-agent lru-cache@7.18.3 OK for: proxy-agent@6.5.0 want: ^7.14.1
2460 silly placeDep ROOT pac-proxy-agent@7.2.0 OK for: proxy-agent@6.5.0 want: ^7.1.0
2461 silly placeDep ROOT proxy-from-env@1.1.0 OK for: proxy-agent@6.5.0 want: ^1.1.0
2462 silly placeDep ROOT socks-proxy-agent@8.0.5 OK for: proxy-agent@6.5.0 want: ^8.0.5
2463 silly fetch manifest get-uri@^6.0.1
2464 silly packumentCache full:https://registry.npmjs.org/get-uri cache-miss
2465 silly fetch manifest pac-resolver@^7.0.1
2466 silly packumentCache full:https://registry.npmjs.org/pac-resolver cache-miss
2467 silly fetch manifest @tootallnate/quickjs-emscripten@^0.23.0
2468 silly packumentCache full:https://registry.npmjs.org/@tootallnate%2fquickjs-emscripten cache-miss
2469 silly fetch manifest socks@^2.8.3
2470 silly packumentCache full:https://registry.npmjs.org/socks cache-miss
2471 http cache https://registry.npmjs.org/get-uri 1ms (cache hit)
2472 silly packumentCache full:https://registry.npmjs.org/get-uri set size:62423 disposed:false
2473 http cache https://registry.npmjs.org/pac-resolver 1ms (cache hit)
2474 silly packumentCache full:https://registry.npmjs.org/pac-resolver set size:61269 disposed:false
2475 http cache https://registry.npmjs.org/@tootallnate%2fquickjs-emscripten 2ms (cache hit)
2476 silly packumentCache full:https://registry.npmjs.org/@tootallnate%2fquickjs-emscripten set size:27622 disposed:false
2477 http cache https://registry.npmjs.org/socks 2ms (cache hit)
2478 silly packumentCache full:https://registry.npmjs.org/socks set size:173143 disposed:false
2479 silly placeDep node_modules/http-proxy-agent debug@4.4.3 OK for: http-proxy-agent@7.0.2 want: ^4.3.4
2480 silly placeDep ROOT @tootallnate/quickjs-emscripten@0.23.0 OK for: pac-proxy-agent@7.2.0 want: ^0.23.0
2481 silly placeDep node_modules/pac-proxy-agent debug@4.4.3 OK for: pac-proxy-agent@7.2.0 want: ^4.3.4
2482 silly placeDep ROOT get-uri@6.0.5 OK for: pac-proxy-agent@7.2.0 want: ^6.0.1
2483 silly placeDep ROOT pac-resolver@7.0.1 OK for: pac-proxy-agent@7.2.0 want: ^7.0.1
2484 silly fetch manifest basic-ftp@^5.0.2
2485 silly packumentCache full:https://registry.npmjs.org/basic-ftp cache-miss
2486 silly fetch manifest data-uri-to-buffer@^6.0.2
2487 silly packumentCache full:https://registry.npmjs.org/data-uri-to-buffer cache-hit
2488 silly fetch manifest netmask@^2.0.2
2489 silly packumentCache full:https://registry.npmjs.org/netmask cache-miss
2490 silly fetch manifest degenerator@^5.0.0
2491 silly packumentCache full:https://registry.npmjs.org/degenerator cache-miss
2492 http cache https://registry.npmjs.org/netmask 1ms (cache hit)
2493 silly packumentCache full:https://registry.npmjs.org/netmask set size:25703 disposed:false
2494 http cache https://registry.npmjs.org/basic-ftp 1ms (cache hit)
2495 silly packumentCache full:https://registry.npmjs.org/basic-ftp set size:297552 disposed:false
2496 http cache https://registry.npmjs.org/degenerator 2ms (cache hit)
2497 silly packumentCache full:https://registry.npmjs.org/degenerator set size:77133 disposed:false
2498 silly placeDep ROOT basic-ftp@5.3.1 OK for: get-uri@6.0.5 want: ^5.0.2
2499 silly placeDep ROOT data-uri-to-buffer@6.0.2 OK for: get-uri@6.0.5 want: ^6.0.2
2500 silly placeDep node_modules/get-uri debug@4.4.3 OK for: get-uri@6.0.5 want: ^4.3.4
2501 silly placeDep ROOT degenerator@5.0.1 OK for: pac-resolver@7.0.1 want: ^5.0.0
2502 silly placeDep ROOT netmask@2.1.1 OK for: pac-resolver@7.0.1 want: ^2.0.2
2503 silly fetch manifest ast-types@^0.13.4
2504 silly packumentCache full:https://registry.npmjs.org/ast-types cache-miss
2505 silly fetch manifest escodegen@^2.1.0
2506 silly packumentCache full:https://registry.npmjs.org/escodegen cache-miss
2507 http cache https://registry.npmjs.org/escodegen 0ms (cache hit)
2508 silly packumentCache full:https://registry.npmjs.org/escodegen set size:119723 disposed:false
2509 http cache https://registry.npmjs.org/ast-types 1ms (cache hit)
2510 silly packumentCache full:https://registry.npmjs.org/ast-types set size:443020 disposed:false
2511 silly placeDep ROOT ast-types@0.13.4 OK for: degenerator@5.0.1 want: ^0.13.4
2512 silly placeDep ROOT escodegen@2.1.0 OK for: degenerator@5.0.1 want: ^2.1.0
2513 silly fetch manifest tslib@^2.0.1
2514 silly packumentCache full:https://registry.npmjs.org/tslib cache-miss
2515 silly fetch manifest estraverse@^5.2.0
2516 silly packumentCache full:https://registry.npmjs.org/estraverse cache-miss
2517 silly fetch manifest esutils@^2.0.2
2518 silly packumentCache full:https://registry.npmjs.org/esutils cache-miss
2519 silly fetch manifest source-map@~0.6.1
2520 silly packumentCache full:https://registry.npmjs.org/source-map cache-miss
2521 http cache https://registry.npmjs.org/esutils 1ms (cache hit)
2522 silly packumentCache full:https://registry.npmjs.org/esutils set size:29522 disposed:false
2523 http cache https://registry.npmjs.org/tslib 1ms (cache hit)
2524 silly packumentCache full:https://registry.npmjs.org/tslib set size:108760 disposed:false
2525 http cache https://registry.npmjs.org/estraverse 1ms (cache hit)
2526 silly packumentCache full:https://registry.npmjs.org/estraverse set size:62412 disposed:false
2527 http cache https://registry.npmjs.org/source-map 2ms (cache hit)
2528 silly packumentCache full:https://registry.npmjs.org/source-map set size:226212 disposed:false
2529 silly placeDep ROOT tslib@2.8.1 OK for: ast-types@0.13.4 want: ^2.0.1
2530 silly placeDep ROOT estraverse@5.3.0 OK for: escodegen@2.1.0 want: ^5.2.0
2531 silly placeDep ROOT esutils@2.0.3 OK for: escodegen@2.1.0 want: ^2.0.2
2532 silly placeDep ROOT source-map@0.6.1 OK for: escodegen@2.1.0 want: ~0.6.1
2533 silly placeDep ROOT side-channel@1.1.0 OK for: qs@6.15.2 want: ^1.1.0
2534 silly fetch manifest object-inspect@^1.13.3
2535 silly packumentCache full:https://registry.npmjs.org/object-inspect cache-miss
2536 silly fetch manifest side-channel-list@^1.0.0
2537 silly packumentCache full:https://registry.npmjs.org/side-channel-list cache-miss
2538 silly fetch manifest side-channel-map@^1.0.1
2539 silly packumentCache full:https://registry.npmjs.org/side-channel-map cache-miss
2540 silly fetch manifest side-channel-weakmap@^1.0.2
2541 silly packumentCache full:https://registry.npmjs.org/side-channel-weakmap cache-miss
2542 http cache https://registry.npmjs.org/side-channel-list 1ms (cache hit)
2543 silly packumentCache full:https://registry.npmjs.org/side-channel-list set size:9021 disposed:false
2544 http cache https://registry.npmjs.org/side-channel-weakmap 1ms (cache hit)
2545 silly packumentCache full:https://registry.npmjs.org/side-channel-weakmap set size:12620 disposed:false
2546 http cache https://registry.npmjs.org/object-inspect 2ms (cache hit)
2547 silly packumentCache full:https://registry.npmjs.org/object-inspect set size:101912 disposed:false
2548 http cache https://registry.npmjs.org/side-channel-map 2ms (cache hit)
2549 silly packumentCache full:https://registry.npmjs.org/side-channel-map set size:9126 disposed:false
2550 silly placeDep node_modules/readable-stream buffer@6.0.3 OK for: readable-stream@4.7.0 want: ^6.0.3
2551 silly placeDep ROOT events@3.3.0 OK for: readable-stream@4.7.0 want: ^3.3.0
2552 silly placeDep ROOT process@0.11.10 OK for: readable-stream@4.7.0 want: ^0.11.10
2553 silly placeDep ROOT string_decoder@1.3.0 OK for: readable-stream@4.7.0 want: ^1.3.0
2554 silly placeDep node_modules/readdir-glob minimatch@5.1.9 OK for: readdir-glob@1.1.3 want: ^5.1.0
2555 silly fetch manifest brace-expansion@^2.0.1
2556 silly packumentCache full:https://registry.npmjs.org/brace-expansion cache-hit
2557 silly placeDep ROOT onetime@5.1.2 OK for: restore-cursor@3.1.0 want: ^5.1.0
2558 silly placeDep node_modules/restore-cursor signal-exit@3.0.7 OK for: restore-cursor@3.1.0 want: ^3.0.2
2559 silly fetch manifest mimic-fn@^2.1.0
2560 silly packumentCache full:https://registry.npmjs.org/mimic-fn cache-miss
2561 http cache https://registry.npmjs.org/mimic-fn 1ms (cache hit)
2562 silly packumentCache full:https://registry.npmjs.org/mimic-fn set size:22257 disposed:false
2563 silly placeDep ROOT mimic-fn@2.1.0 OK for: onetime@5.1.2 want: ^2.1.0
2564 silly placeDep ROOT teeny-request@10.1.2 OK for: retry-request@8.0.2 want: ^10.0.0
2565 silly fetch manifest stream-events@^1.0.5
2566 silly packumentCache full:https://registry.npmjs.org/stream-events cache-miss
2567 http cache https://registry.npmjs.org/stream-events 0ms (cache hit)
2568 silly packumentCache full:https://registry.npmjs.org/stream-events set size:12460 disposed:false
2569 silly placeDep node_modules/send mime@1.6.0 OK for: send@0.19.2 want: 1.6.0
2570 silly placeDep node_modules/send ms@2.1.3 OK for: send@0.19.2 want: 2.1.3
2571 silly placeDep ROOT shebang-regex@3.0.0 OK for: shebang-command@2.0.0 want: ^3.0.0
2572 silly placeDep ROOT object-inspect@1.13.4 OK for: side-channel@1.1.0 want: ^1.13.3
2573 silly placeDep ROOT side-channel-list@1.0.1 OK for: side-channel@1.1.0 want: ^1.0.0
2574 silly placeDep ROOT side-channel-map@1.0.1 OK for: side-channel@1.1.0 want: ^1.0.1
2575 silly placeDep ROOT side-channel-weakmap@1.0.2 OK for: side-channel@1.1.0 want: ^1.0.2
2576 silly fetch manifest call-bound@^1.0.2
2577 silly packumentCache full:https://registry.npmjs.org/call-bound cache-miss
2578 silly fetch manifest call-bound@^1.0.2
2579 silly packumentCache full:https://registry.npmjs.org/call-bound cache-miss
2580 http cache https://registry.npmjs.org/call-bound 1ms (cache hit)
2581 silly packumentCache full:https://registry.npmjs.org/call-bound set size:15317 disposed:false
2582 http cache https://registry.npmjs.org/call-bound 1ms (cache hit)
2583 silly packumentCache full:https://registry.npmjs.org/call-bound set size:15317 disposed:false
2584 silly packumentCache full:https://registry.npmjs.org/call-bound dispose
2585 silly placeDep ROOT call-bound@1.0.4 OK for: side-channel-map@1.0.1 want: ^1.0.2
2586 silly placeDep ROOT unicode-emoji-modifier-base@1.0.0 OK for: skin-tone@2.0.0 want: ^1.0.0
2587 silly placeDep node_modules/socks-proxy-agent debug@4.4.3 OK for: socks-proxy-agent@8.0.5 want: ^4.3.4
2588 silly placeDep ROOT socks@2.8.9 OK for: socks-proxy-agent@8.0.5 want: ^2.8.3
2589 silly fetch manifest smart-buffer@^4.2.0
2590 silly packumentCache full:https://registry.npmjs.org/smart-buffer cache-miss
2591 http cache https://registry.npmjs.org/smart-buffer 1ms (cache hit)
2592 silly packumentCache full:https://registry.npmjs.org/smart-buffer set size:87065 disposed:false
2593 silly placeDep ROOT smart-buffer@4.2.0 OK for: socks@2.8.9 want: ^4.2.0
2594 silly placeDep node_modules/sql-formatter argparse@2.0.1 OK for: sql-formatter@15.8.0 want: ^2.0.1
2595 silly placeDep ROOT nearley@2.20.1 OK for: sql-formatter@15.8.0 want: ^2.20.1
2596 silly fetch manifest commander@^2.19.0
2597 silly packumentCache full:https://registry.npmjs.org/commander cache-hit
2598 silly fetch manifest moo@^0.5.0
2599 silly packumentCache full:https://registry.npmjs.org/moo cache-miss
2600 silly fetch manifest railroad-diagrams@^1.0.0
2601 silly packumentCache full:https://registry.npmjs.org/railroad-diagrams cache-miss
2602 silly fetch manifest randexp@0.4.6
2603 silly packumentCache full:https://registry.npmjs.org/randexp cache-miss
2604 http cache https://registry.npmjs.org/moo 1ms (cache hit)
2605 silly packumentCache full:https://registry.npmjs.org/moo set size:41090 disposed:false
2606 http cache https://registry.npmjs.org/railroad-diagrams 1ms (cache hit)
2607 silly packumentCache full:https://registry.npmjs.org/railroad-diagrams set size:8398 disposed:false
2608 http cache https://registry.npmjs.org/randexp 1ms (cache hit)
2609 silly packumentCache full:https://registry.npmjs.org/randexp set size:39459 disposed:false
2610 silly placeDep node_modules/nearley commander@2.20.3 OK for: nearley@2.20.1 want: ^2.19.0
2611 silly placeDep ROOT moo@0.5.3 OK for: nearley@2.20.1 want: ^0.5.0
2612 silly placeDep ROOT railroad-diagrams@1.0.0 OK for: nearley@2.20.1 want: ^1.0.0
2613 silly placeDep ROOT randexp@0.4.6 OK for: nearley@2.20.1 want: 0.4.6
2614 silly fetch manifest discontinuous-range@1.0.0
2615 silly packumentCache full:https://registry.npmjs.org/discontinuous-range cache-miss
2616 silly fetch manifest ret@~0.1.10
2617 silly packumentCache full:https://registry.npmjs.org/ret cache-miss
2618 http cache https://registry.npmjs.org/ret 1ms (cache hit)
2619 silly packumentCache full:https://registry.npmjs.org/ret set size:59258 disposed:false
2620 http cache https://registry.npmjs.org/discontinuous-range 1ms (cache hit)
2621 silly packumentCache full:https://registry.npmjs.org/discontinuous-range set size:7648 disposed:false
2622 silly placeDep ROOT discontinuous-range@1.0.0 OK for: randexp@0.4.6 want: 1.0.0
2623 silly placeDep ROOT ret@0.1.15 OK for: randexp@0.4.6 want: ~0.1.10
2624 silly placeDep ROOT emoji-regex@8.0.0 OK for: string-width@4.2.3 want: ^8.0.0
2625 silly placeDep ROOT is-fullwidth-code-point@3.0.0 OK for: string-width@4.2.3 want: ^3.0.0
2626 silly placeDep node_modules/string-width strip-ansi@6.0.1 OK for: string-width@4.2.3 want: ^6.0.1
2627 silly placeDep node_modules/string-width-cjs strip-ansi@6.0.1 OK for: string-width@4.2.3 want: ^6.0.1
2628 silly placeDep node_modules/strip-ansi-cjs ansi-regex@5.0.1 OK for: strip-ansi@6.0.1 want: ^5.0.1
2629 silly placeDep ROOT basic-auth-connect@1.1.0 OK for: superstatic@10.0.0 want: ^1.1.0
2630 silly placeDep node_modules/superstatic commander@10.0.1 OK for: superstatic@10.0.0 want: ^10.0.0
2631 silly placeDep ROOT compression@1.8.1 OK for: superstatic@10.0.0 want: ^1.7.0
2632 silly placeDep ROOT connect@3.7.0 OK for: superstatic@10.0.0 want: ^3.7.0
2633 silly placeDep ROOT glob-slasher@1.0.1 OK for: superstatic@10.0.0 want: ^1.0.1
2634 silly placeDep ROOT is-url@1.2.4 OK for: superstatic@10.0.0 want: ^1.2.2
2635 silly placeDep ROOT join-path@1.1.1 OK for: superstatic@10.0.0 want: ^1.1.1
2636 silly placeDep node_modules/superstatic minimatch@6.2.3 OK for: superstatic@10.0.0 want: ^6.1.6
2637 silly placeDep node_modules/superstatic path-to-regexp@1.9.0 OK for: superstatic@10.0.0 want: ^1.9.0
2638 silly placeDep ROOT re2@1.24.1 OK for: superstatic@10.0.0 want: ^1.17.7
2639 silly placeDep ROOT router@2.2.0 OK for: superstatic@10.0.0 want: ^2.0.0
2640 silly fetch manifest tsscmp@^1.0.6
2641 silly packumentCache full:https://registry.npmjs.org/tsscmp cache-miss
2642 silly fetch manifest negotiator@~0.6.4
2643 silly packumentCache full:https://registry.npmjs.org/negotiator cache-hit
2644 silly fetch manifest compressible@~2.0.18
2645 silly packumentCache full:https://registry.npmjs.org/compressible cache-miss
2646 silly fetch manifest finalhandler@1.1.2
2647 silly packumentCache full:https://registry.npmjs.org/finalhandler cache-hit
2648 silly fetch manifest glob-slash@^1.0.0
2649 silly packumentCache full:https://registry.npmjs.org/glob-slash cache-miss
2650 silly fetch manifest lodash.isobject@^2.4.1
2651 silly packumentCache full:https://registry.npmjs.org/lodash.isobject cache-miss
2652 silly fetch manifest toxic@^1.0.0
2653 silly packumentCache full:https://registry.npmjs.org/toxic cache-miss
2654 silly fetch manifest as-array@^2.0.0
2655 silly packumentCache full:https://registry.npmjs.org/as-array cache-miss
2656 silly fetch manifest valid-url@^1
2657 silly packumentCache full:https://registry.npmjs.org/valid-url cache-miss
2658 silly fetch manifest url-join@0.0.1
2659 silly packumentCache full:https://registry.npmjs.org/url-join cache-miss
2660 silly fetch manifest isarray@0.0.1
2661 silly packumentCache full:https://registry.npmjs.org/isarray cache-hit
2662 silly fetch manifest install-artifact-from-github@^1.6.0
2663 silly packumentCache full:https://registry.npmjs.org/install-artifact-from-github cache-miss
2664 http cache https://registry.npmjs.org/lodash.isobject 4ms (cache hit)
2665 silly packumentCache full:https://registry.npmjs.org/lodash.isobject set size:20426 disposed:false
2666 silly fetch manifest nan@^2.27.0
2667 silly packumentCache full:https://registry.npmjs.org/nan cache-miss
2668 http cache https://registry.npmjs.org/as-array 5ms (cache hit)
2669 silly packumentCache full:https://registry.npmjs.org/as-array set size:7293 disposed:false
2670 silly fetch manifest node-gyp@^12.3.0
2671 silly packumentCache full:https://registry.npmjs.org/node-gyp cache-miss
2672 http cache https://registry.npmjs.org/toxic 5ms (cache hit)
2673 silly packumentCache full:https://registry.npmjs.org/toxic set size:5327 disposed:false
2674 silly fetch manifest is-promise@^4.0.0
2675 silly packumentCache full:https://registry.npmjs.org/is-promise cache-miss
2676 http cache https://registry.npmjs.org/valid-url 5ms (cache hit)
2677 silly packumentCache full:https://registry.npmjs.org/valid-url set size:40090 disposed:false
2678 silly fetch manifest path-to-regexp@^8.0.0
2679 silly packumentCache full:https://registry.npmjs.org/path-to-regexp cache-hit
2680 http cache https://registry.npmjs.org/tsscmp 6ms (cache hit)
2681 silly packumentCache full:https://registry.npmjs.org/tsscmp set size:13313 disposed:false
2682 http cache https://registry.npmjs.org/compressible 6ms (cache hit)
2683 silly packumentCache full:https://registry.npmjs.org/compressible set size:61733 disposed:false
2684 http cache https://registry.npmjs.org/url-join 6ms (cache hit)
2685 silly packumentCache full:https://registry.npmjs.org/url-join set size:22958 disposed:false
2686 http cache https://registry.npmjs.org/glob-slash 6ms (cache hit)
2687 silly packumentCache full:https://registry.npmjs.org/glob-slash set size:2455 disposed:false
2688 http cache https://registry.npmjs.org/install-artifact-from-github 5ms (cache hit)
2689 silly packumentCache full:https://registry.npmjs.org/install-artifact-from-github set size:46400 disposed:false
2690 http cache https://registry.npmjs.org/nan 3ms (cache hit)
2691 silly packumentCache full:https://registry.npmjs.org/nan set size:243188 disposed:false
2692 http cache https://registry.npmjs.org/node-gyp 3ms (cache hit)
2693 silly packumentCache full:https://registry.npmjs.org/node-gyp set size:317909 disposed:false
2694 http cache https://registry.npmjs.org/is-promise 4ms (cache hit)
2695 silly packumentCache full:https://registry.npmjs.org/is-promise set size:18599 disposed:false
2696 silly placeDep ROOT tsscmp@1.0.6 OK for: basic-auth-connect@1.1.0 want: ^1.0.6
2697 silly placeDep ROOT compressible@2.0.18 OK for: compression@1.8.1 want: ~2.0.18
2698 silly placeDep node_modules/compression negotiator@0.6.4 OK for: compression@1.8.1 want: ~0.6.4
2699 silly placeDep node_modules/connect finalhandler@1.1.2 OK for: connect@3.7.0 want: 1.1.2
2700 silly fetch manifest statuses@~1.5.0
2701 silly packumentCache full:https://registry.npmjs.org/statuses cache-hit
2702 silly fetch manifest encodeurl@~1.0.2
2703 silly packumentCache full:https://registry.npmjs.org/encodeurl cache-hit
2704 silly fetch manifest on-finished@~2.3.0
2705 silly packumentCache full:https://registry.npmjs.org/on-finished cache-hit
2706 silly placeDep ROOT glob-slash@1.0.0 OK for: glob-slasher@1.0.1 want: ^1.0.0
2707 silly placeDep ROOT lodash.isobject@2.4.1 OK for: glob-slasher@1.0.1 want: ^2.4.1
2708 silly placeDep ROOT toxic@1.0.1 OK for: glob-slasher@1.0.1 want: ^1.0.0
2709 silly fetch manifest lodash._objecttypes@~2.4.1
2710 silly packumentCache full:https://registry.npmjs.org/lodash._objecttypes cache-miss
2711 http cache https://registry.npmjs.org/lodash._objecttypes 0ms (cache hit)
2712 silly packumentCache full:https://registry.npmjs.org/lodash._objecttypes set size:14259 disposed:false
2713 silly placeDep ROOT as-array@2.0.0 OK for: join-path@1.1.1 want: ^2.0.0
2714 silly placeDep ROOT url-join@0.0.1 OK for: join-path@1.1.1 want: 0.0.1
2715 silly placeDep ROOT valid-url@1.0.9 OK for: join-path@1.1.1 want: ^1
2716 silly placeDep ROOT lodash._objecttypes@2.4.1 OK for: lodash.isobject@2.4.1 want: ~2.4.1
2717 silly placeDep ROOT install-artifact-from-github@1.6.0 OK for: re2@1.24.1 want: ^1.6.0
2718 silly placeDep ROOT nan@2.27.0 OK for: re2@1.24.1 want: ^2.27.0
2719 silly placeDep ROOT node-gyp@12.3.0 OK for: re2@1.24.1 want: ^12.3.0
2720 silly fetch manifest env-paths@^2.2.0
2721 silly packumentCache full:https://registry.npmjs.org/env-paths cache-miss
2722 silly fetch manifest exponential-backoff@^3.1.1
2723 silly packumentCache full:https://registry.npmjs.org/exponential-backoff cache-miss
2724 silly fetch manifest nopt@^9.0.0
2725 silly packumentCache full:https://registry.npmjs.org/nopt cache-miss
2726 silly fetch manifest proc-log@^6.0.0
2727 silly packumentCache full:https://registry.npmjs.org/proc-log cache-miss
2728 silly fetch manifest tinyglobby@^0.2.12
2729 silly packumentCache full:https://registry.npmjs.org/tinyglobby cache-miss
2730 silly fetch manifest undici@^6.25.0
2731 silly packumentCache full:https://registry.npmjs.org/undici cache-miss
2732 silly fetch manifest which@^6.0.0
2733 silly packumentCache full:https://registry.npmjs.org/which cache-hit
2734 http cache https://registry.npmjs.org/env-paths 6ms (cache hit)
2735 silly packumentCache full:https://registry.npmjs.org/env-paths set size:26913 disposed:false
2736 http cache https://registry.npmjs.org/tinyglobby 7ms (cache hit)
2737 silly packumentCache full:https://registry.npmjs.org/tinyglobby set size:54291 disposed:false
2738 http fetch GET 200 https://registry.npmjs.org/exponential-backoff 56ms (cache miss)
2739 silly packumentCache full:https://registry.npmjs.org/exponential-backoff set size:undefined disposed:false
2740 http fetch GET 200 https://registry.npmjs.org/nopt 107ms (cache miss)
2741 silly packumentCache full:https://registry.npmjs.org/nopt set size:undefined disposed:false
2742 http fetch GET 200 https://registry.npmjs.org/proc-log 157ms (cache miss)
2743 silly packumentCache full:https://registry.npmjs.org/proc-log set size:undefined disposed:false
2744 http fetch GET 200 https://registry.npmjs.org/undici 218ms (cache miss)
2745 silly packumentCache full:https://registry.npmjs.org/undici set size:undefined disposed:false
2746 silly placeDep ROOT env-paths@2.2.1 OK for: node-gyp@12.3.0 want: ^2.2.0
2747 silly placeDep ROOT exponential-backoff@3.1.3 OK for: node-gyp@12.3.0 want: ^3.1.1
2748 silly placeDep ROOT nopt@9.0.0 OK for: node-gyp@12.3.0 want: ^9.0.0
2749 silly placeDep ROOT proc-log@6.1.0 OK for: node-gyp@12.3.0 want: ^6.0.0
2750 silly placeDep ROOT tinyglobby@0.2.17 OK for: node-gyp@12.3.0 want: ^0.2.12
2751 silly placeDep ROOT undici@6.26.0 OK for: node-gyp@12.3.0 want: ^6.25.0
2752 silly placeDep node_modules/node-gyp which@6.0.1 OK for: node-gyp@12.3.0 want: ^6.0.0
2753 silly fetch manifest abbrev@^4.0.0
2754 silly packumentCache full:https://registry.npmjs.org/abbrev cache-miss
2755 silly fetch manifest fdir@^6.5.0
2756 silly packumentCache full:https://registry.npmjs.org/fdir cache-miss
2757 silly fetch manifest picomatch@^4.0.4
2758 silly packumentCache full:https://registry.npmjs.org/picomatch cache-hit
2759 silly fetch manifest isexe@^4.0.0
2760 silly packumentCache full:https://registry.npmjs.org/isexe cache-hit
2761 http fetch GET 200 https://registry.npmjs.org/fdir 61ms (cache miss)
2762 silly packumentCache full:https://registry.npmjs.org/fdir set size:undefined disposed:false
2763 http fetch GET 200 https://registry.npmjs.org/abbrev 294ms (cache miss)
2764 silly packumentCache full:https://registry.npmjs.org/abbrev set size:undefined disposed:false
2765 silly placeDep ROOT abbrev@4.0.0 OK for: nopt@9.0.0 want: ^4.0.0
2766 silly placeDep node_modules/router debug@4.4.3 OK for: router@2.2.0 want: ^4.4.0
2767 silly placeDep ROOT is-promise@4.0.0 OK for: router@2.2.0 want: ^4.0.0
2768 silly placeDep node_modules/router path-to-regexp@8.4.2 OK for: router@2.2.0 want: ^8.0.0
2769 silly placeDep ROOT has-flag@4.0.0 OK for: supports-hyperlinks@3.2.0 want: ^4.0.0
2770 silly placeDep ROOT supports-color@7.2.0 OK for: supports-hyperlinks@3.2.0 want: ^7.0.0
2771 silly placeDep ROOT @isaacs/fs-minipass@4.0.1 OK for: tar@7.5.16 want: ^4.0.0
2772 silly placeDep ROOT chownr@3.0.0 OK for: tar@7.5.16 want: ^3.0.0
2773 silly placeDep ROOT minizlib@3.1.0 OK for: tar@7.5.16 want: ^3.1.0
2774 silly placeDep ROOT yallist@5.0.0 OK for: tar@7.5.16 want: ^5.0.0
2775 silly fetch manifest react-native-b4a@*
2776 silly packumentCache full:https://registry.npmjs.org/react-native-b4a cache-miss
2777 http fetch GET 200 https://registry.npmjs.org/react-native-b4a 311ms (cache miss)
2778 silly packumentCache full:https://registry.npmjs.org/react-native-b4a set size:undefined disposed:false
2779 silly fetch manifest react@*
2780 silly packumentCache full:https://registry.npmjs.org/react cache-miss
2781 http fetch GET 200 https://registry.npmjs.org/react 499ms (cache miss)
2782 silly packumentCache full:https://registry.npmjs.org/react set size:undefined disposed:false
2783 silly fetch manifest react-native@*
2784 silly packumentCache full:https://registry.npmjs.org/react-native cache-miss
2785 http fetch GET 200 https://registry.npmjs.org/react-native 205ms (cache miss)
2786 silly packumentCache full:https://registry.npmjs.org/react-native set size:undefined disposed:false
2787 silly fetch manifest @react-native/jest-preset@0.85.3
2788 silly packumentCache full:https://registry.npmjs.org/@react-native%2fjest-preset cache-miss
2789 http fetch GET 200 https://registry.npmjs.org/@react-native%2fjest-preset 615ms (cache miss)
2790 silly packumentCache full:https://registry.npmjs.org/@react-native%2fjest-preset set size:undefined disposed:false
2791 silly fetch manifest @types/react@^19.1.1
2792 silly packumentCache full:https://registry.npmjs.org/@types%2freact cache-miss
2793 http fetch GET 200 https://registry.npmjs.org/@types%2freact 127ms (cache miss)
2794 silly packumentCache full:https://registry.npmjs.org/@types%2freact set size:undefined disposed:false
2795 silly fetch manifest bare-buffer@*
2796 silly packumentCache full:https://registry.npmjs.org/bare-buffer cache-miss
2797 http fetch GET 200 https://registry.npmjs.org/bare-buffer 304ms (cache miss)
2798 silly packumentCache full:https://registry.npmjs.org/bare-buffer set size:undefined disposed:false
2799 silly placeDep ROOT b4a@1.8.1 OK for: tar-stream@3.2.0 want: ^1.6.4
2800 silly placeDep ROOT bare-fs@4.7.2 OK for: tar-stream@3.2.0 want: ^4.5.5
2801 silly placeDep ROOT fast-fifo@1.3.2 OK for: tar-stream@3.2.0 want: ^1.2.0
2802 silly placeDep ROOT streamx@2.26.0 OK for: tar-stream@3.2.0 want: ^2.15.0
2803 silly fetch manifest bare-events@^2.5.4
2804 silly packumentCache full:https://registry.npmjs.org/bare-events cache-miss
2805 silly fetch manifest bare-path@^3.0.0
2806 silly packumentCache full:https://registry.npmjs.org/bare-path cache-miss
2807 silly fetch manifest bare-stream@^2.6.4
2808 silly packumentCache full:https://registry.npmjs.org/bare-stream cache-miss
2809 silly fetch manifest bare-url@^2.2.2
2810 silly packumentCache full:https://registry.npmjs.org/bare-url cache-miss
2811 silly fetch manifest fast-fifo@^1.3.2
2812 silly packumentCache full:https://registry.npmjs.org/fast-fifo cache-hit
2813 silly fetch manifest events-universal@^1.0.0
2814 silly packumentCache full:https://registry.npmjs.org/events-universal cache-miss
2815 silly fetch manifest text-decoder@^1.1.0
2816 silly packumentCache full:https://registry.npmjs.org/text-decoder cache-miss
2817 http fetch GET 200 https://registry.npmjs.org/bare-path 57ms (cache miss)
2818 silly packumentCache full:https://registry.npmjs.org/bare-path set size:undefined disposed:false
2819 http fetch GET 200 https://registry.npmjs.org/events-universal 99ms (cache miss)
2820 silly packumentCache full:https://registry.npmjs.org/events-universal set size:undefined disposed:false
2821 http fetch GET 200 https://registry.npmjs.org/text-decoder 143ms (cache miss)
2822 silly packumentCache full:https://registry.npmjs.org/text-decoder set size:undefined disposed:false
2823 http fetch GET 200 https://registry.npmjs.org/bare-url 159ms (cache miss)
2824 silly packumentCache full:https://registry.npmjs.org/bare-url set size:undefined disposed:false
2825 http fetch GET 200 https://registry.npmjs.org/bare-stream 416ms (cache miss)
2826 silly packumentCache full:https://registry.npmjs.org/bare-stream set size:undefined disposed:false
2827 http fetch GET 200 https://registry.npmjs.org/bare-events 524ms (cache miss)
2828 silly packumentCache full:https://registry.npmjs.org/bare-events set size:undefined disposed:false
2829 silly fetch manifest bare-abort-controller@*
2830 silly packumentCache full:https://registry.npmjs.org/bare-abort-controller cache-miss
2831 http fetch GET 200 https://registry.npmjs.org/bare-abort-controller 302ms (cache miss)
2832 silly packumentCache full:https://registry.npmjs.org/bare-abort-controller set size:undefined disposed:false
2833 silly placeDep ROOT bare-events@2.9.1 OK for: bare-fs@4.7.2 want: ^2.5.4
2834 silly placeDep ROOT bare-path@3.0.1 OK for: bare-fs@4.7.2 want: ^3.0.0
2835 silly placeDep ROOT bare-stream@2.13.1 OK for: bare-fs@4.7.2 want: ^2.6.4
2836 silly placeDep ROOT bare-url@2.4.3 OK for: bare-fs@4.7.2 want: ^2.2.2
2837 silly fetch manifest bare-os@^3.0.1
2838 silly packumentCache full:https://registry.npmjs.org/bare-os cache-miss
2839 silly fetch manifest teex@^1.0.1
2840 silly packumentCache full:https://registry.npmjs.org/teex cache-miss
2841 http fetch GET 200 https://registry.npmjs.org/bare-os 62ms (cache miss)
2842 silly packumentCache full:https://registry.npmjs.org/bare-os set size:undefined disposed:false
2843 http fetch GET 200 https://registry.npmjs.org/teex 298ms (cache miss)
2844 silly packumentCache full:https://registry.npmjs.org/teex set size:undefined disposed:false
2845 silly placeDep ROOT bare-os@3.9.1 OK for: bare-path@3.0.1 want: ^3.0.1
2846 silly placeDep ROOT teex@1.0.1 OK for: bare-stream@2.13.1 want: ^1.0.1
2847 silly placeDep ROOT events-universal@1.0.1 OK for: streamx@2.26.0 want: ^1.0.0
2848 silly placeDep ROOT text-decoder@1.2.7 OK for: streamx@2.26.0 want: ^1.1.0
2849 silly placeDep node_modules/tcp-port-used debug@4.3.1 OK for: tcp-port-used@1.0.2 want: 4.3.1
2850 silly placeDep ROOT is2@2.0.9 OK for: tcp-port-used@1.0.2 want: ^2.0.6
2851 silly fetch manifest ms@2.1.2
2852 silly packumentCache full:https://registry.npmjs.org/ms cache-hit
2853 silly fetch manifest deep-is@^0.1.3
2854 silly packumentCache full:https://registry.npmjs.org/deep-is cache-miss
2855 silly fetch manifest ip-regex@^4.1.0
2856 silly packumentCache full:https://registry.npmjs.org/ip-regex cache-miss
2857 http fetch GET 200 https://registry.npmjs.org/deep-is 55ms (cache miss)
2858 silly packumentCache full:https://registry.npmjs.org/deep-is set size:undefined disposed:false
2859 http fetch GET 200 https://registry.npmjs.org/ip-regex 297ms (cache miss)
2860 silly packumentCache full:https://registry.npmjs.org/ip-regex set size:undefined disposed:false
2861 silly placeDep ROOT deep-is@0.1.4 OK for: is2@2.0.9 want: ^0.1.3
2862 silly placeDep ROOT ip-regex@4.3.0 OK for: is2@2.0.9 want: ^4.1.0
2863 silly placeDep node_modules/teeny-request node-fetch@3.3.2 OK for: teeny-request@10.1.2 want: ^3.3.2
2864 silly placeDep ROOT stream-events@1.0.5 OK for: teeny-request@10.1.2 want: ^1.0.5
2865 silly fetch manifest stubs@^3.0.0
2866 silly packumentCache full:https://registry.npmjs.org/stubs cache-miss
2867 http fetch GET 200 https://registry.npmjs.org/stubs 309ms (cache miss)
2868 silly packumentCache full:https://registry.npmjs.org/stubs set size:undefined disposed:false
2869 silly placeDep ROOT stubs@3.0.0 OK for: stream-events@1.0.5 want: ^3.0.0
2870 silly placeDep ROOT thenify@3.3.1 OK for: thenify-all@1.6.0 want: >= 3.1.0 < 4
2871 silly placeDep node_modules/tinyglobby fdir@6.5.0 OK for: tinyglobby@0.2.17 want: ^6.5.0
2872 silly placeDep node_modules/tinyglobby picomatch@4.0.4 OK for: fdir@6.5.0 want: ^3 || ^4
2873 silly placeDep ROOT is-number@7.0.0 OK for: to-regex-range@5.0.1 want: ^7.0.0
2874 silly placeDep ROOT media-typer@0.3.0 OK for: type-is@1.6.18 want: 0.3.0
2875 silly placeDep ROOT crypto-random-string@2.0.0 OK for: unique-string@2.0.0 want: ^2.0.0
2876 silly placeDep node_modules/universal-analytics debug@4.4.3 OK for: universal-analytics@0.5.4 want: ^4.3.1
2877 silly placeDep node_modules/universal-analytics uuid@14.0.0 OK for: universal-analytics@0.5.4 want: ^14.0.0
2878 silly placeDep ROOT boxen@5.1.2 OK for: update-notifier-cjs@5.1.7 want: ^5.0.0
2879 silly placeDep node_modules/update-notifier-cjs chalk@4.1.2 OK for: update-notifier-cjs@5.1.7 want: ^4.1.0
2880 silly placeDep ROOT has-yarn@2.1.0 OK for: update-notifier-cjs@5.1.7 want: ^2.1.0
2881 silly placeDep ROOT import-lazy@2.1.0 OK for: update-notifier-cjs@5.1.7 want: ^2.1.0
2882 silly placeDep ROOT is-ci@2.0.0 OK for: update-notifier-cjs@5.1.7 want: ^2.0.0
2883 silly placeDep ROOT is-installed-globally@0.4.0 OK for: update-notifier-cjs@5.1.7 want: ^0.4.0
2884 silly placeDep ROOT is-npm@5.0.0 OK for: update-notifier-cjs@5.1.7 want: ^5.0.0
2885 silly placeDep ROOT is-yarn-global@0.3.0 OK for: update-notifier-cjs@5.1.7 want: ^0.3.0
2886 silly placeDep ROOT isomorphic-fetch@3.0.0 OK for: update-notifier-cjs@5.1.7 want: ^3.0.0
2887 silly placeDep ROOT pupa@2.1.1 OK for: update-notifier-cjs@5.1.7 want: ^2.1.1
2888 silly placeDep ROOT registry-auth-token@5.1.1 OK for: update-notifier-cjs@5.1.7 want: ^5.0.1
2889 silly placeDep ROOT registry-url@5.1.0 OK for: update-notifier-cjs@5.1.7 want: ^5.1.0
2890 silly placeDep ROOT semver-diff@3.1.1 OK for: update-notifier-cjs@5.1.7 want: ^3.1.1
2891 silly fetch manifest camelcase@^6.2.0
2892 silly packumentCache full:https://registry.npmjs.org/camelcase cache-miss
2893 silly fetch manifest cli-boxes@^2.2.1
2894 silly packumentCache full:https://registry.npmjs.org/cli-boxes cache-miss
2895 silly fetch manifest type-fest@^0.20.2
2896 silly packumentCache full:https://registry.npmjs.org/type-fest cache-miss
2897 silly fetch manifest wrap-ansi@^7.0.0
2898 silly packumentCache full:https://registry.npmjs.org/wrap-ansi cache-hit
2899 silly fetch manifest ansi-align@^3.0.0
2900 silly packumentCache full:https://registry.npmjs.org/ansi-align cache-miss
2901 silly fetch manifest widest-line@^3.1.0
2902 silly packumentCache full:https://registry.npmjs.org/widest-line cache-miss
2903 silly fetch manifest ci-info@^2.0.0
2904 silly packumentCache full:https://registry.npmjs.org/ci-info cache-miss
2905 silly fetch manifest global-dirs@^3.0.0
2906 silly packumentCache full:https://registry.npmjs.org/global-dirs cache-miss
2907 silly fetch manifest is-path-inside@^3.0.2
2908 silly packumentCache full:https://registry.npmjs.org/is-path-inside cache-miss
2909 silly fetch manifest whatwg-fetch@^3.4.1
2910 silly packumentCache full:https://registry.npmjs.org/whatwg-fetch cache-miss
2911 http fetch GET 200 https://registry.npmjs.org/whatwg-fetch 179ms (cache miss)
2912 silly packumentCache full:https://registry.npmjs.org/whatwg-fetch set size:undefined disposed:false
2913 silly fetch manifest escape-goat@^2.0.0
2914 silly packumentCache full:https://registry.npmjs.org/escape-goat cache-miss
2915 http fetch GET 200 https://registry.npmjs.org/ci-info 200ms (cache miss)
2916 silly packumentCache full:https://registry.npmjs.org/ci-info set size:undefined disposed:false
2917 silly fetch manifest @pnpm/npm-conf@^3.0.2
2918 silly packumentCache full:https://registry.npmjs.org/@pnpm%2fnpm-conf cache-miss
2919 http fetch GET 200 https://registry.npmjs.org/cli-boxes 300ms (cache miss)
2920 silly packumentCache full:https://registry.npmjs.org/cli-boxes set size:undefined disposed:false
2921 silly fetch manifest rc@^1.2.8
2922 silly packumentCache full:https://registry.npmjs.org/rc cache-miss
2923 http fetch GET 200 https://registry.npmjs.org/type-fest 369ms (cache miss)
2924 silly packumentCache full:https://registry.npmjs.org/type-fest set size:undefined disposed:false
2925 silly fetch manifest semver@^6.3.0
2926 silly packumentCache full:https://registry.npmjs.org/semver cache-hit
2927 http fetch GET 200 https://registry.npmjs.org/camelcase 399ms (cache miss)
2928 silly packumentCache full:https://registry.npmjs.org/camelcase set size:undefined disposed:false
2929 http fetch GET 200 https://registry.npmjs.org/is-path-inside 400ms (cache miss)
2930 silly packumentCache full:https://registry.npmjs.org/is-path-inside set size:undefined disposed:false
2931 http fetch GET 200 https://registry.npmjs.org/widest-line 412ms (cache miss)
2932 silly packumentCache full:https://registry.npmjs.org/widest-line set size:undefined disposed:false
2933 http fetch GET 200 https://registry.npmjs.org/global-dirs 420ms (cache miss)
2934 silly packumentCache full:https://registry.npmjs.org/global-dirs set size:undefined disposed:false
2935 http fetch GET 200 https://registry.npmjs.org/ansi-align 456ms (cache miss)
2936 silly packumentCache full:https://registry.npmjs.org/ansi-align set size:undefined disposed:false
2937 http fetch GET 200 https://registry.npmjs.org/escape-goat 298ms (cache miss)
2938 silly packumentCache full:https://registry.npmjs.org/escape-goat set size:undefined disposed:false
2939 http fetch GET 200 https://registry.npmjs.org/rc 296ms (cache miss)
2940 silly packumentCache full:https://registry.npmjs.org/rc set size:undefined disposed:false
2941 http fetch GET 200 https://registry.npmjs.org/@pnpm%2fnpm-conf 787ms (cache miss)
2942 silly packumentCache full:https://registry.npmjs.org/@pnpm%2fnpm-conf set size:undefined disposed:false
2943 silly placeDep ROOT ansi-align@3.0.1 OK for: boxen@5.1.2 want: ^3.0.0
2944 silly placeDep ROOT camelcase@6.3.0 OK for: boxen@5.1.2 want: ^6.2.0
2945 silly placeDep node_modules/boxen chalk@4.1.2 OK for: boxen@5.1.2 want: ^4.1.0
2946 silly placeDep ROOT cli-boxes@2.2.1 OK for: boxen@5.1.2 want: ^2.2.1
2947 silly placeDep ROOT type-fest@0.20.2 OK for: boxen@5.1.2 want: ^0.20.2
2948 silly placeDep ROOT widest-line@3.1.0 OK for: boxen@5.1.2 want: ^3.1.0
2949 silly placeDep node_modules/boxen wrap-ansi@7.0.0 OK for: boxen@5.1.2 want: ^7.0.0
2950 silly placeDep ROOT ci-info@2.0.0 OK for: is-ci@2.0.0 want: ^2.0.0
2951 silly placeDep ROOT global-dirs@3.0.1 OK for: is-installed-globally@0.4.0 want: ^3.0.0
2952 silly placeDep ROOT is-path-inside@3.0.3 OK for: is-installed-globally@0.4.0 want: ^3.0.2
2953 silly fetch manifest ini@2.0.0
2954 silly packumentCache full:https://registry.npmjs.org/ini cache-miss
2955 http fetch GET 200 https://registry.npmjs.org/ini 302ms (cache miss)
2956 silly packumentCache full:https://registry.npmjs.org/ini set size:undefined disposed:false
2957 silly placeDep ROOT ini@2.0.0 OK for: global-dirs@3.0.1 want: 2.0.0
2958 silly placeDep ROOT whatwg-fetch@3.6.20 OK for: isomorphic-fetch@3.0.0 want: ^3.4.1
2959 silly placeDep ROOT escape-goat@2.1.1 OK for: pupa@2.1.1 want: ^2.0.0
2960 silly placeDep ROOT @pnpm/npm-conf@3.0.2 OK for: registry-auth-token@5.1.1 want: ^3.0.2
2961 silly fetch manifest @pnpm/config.env-replace@^1.1.0
2962 silly packumentCache full:https://registry.npmjs.org/@pnpm%2fconfig.env-replace cache-miss
2963 silly fetch manifest @pnpm/network.ca-file@^1.0.1
2964 silly packumentCache full:https://registry.npmjs.org/@pnpm%2fnetwork.ca-file cache-miss
2965 silly fetch manifest config-chain@^1.1.11
2966 silly packumentCache full:https://registry.npmjs.org/config-chain cache-miss
2967 http fetch GET 200 https://registry.npmjs.org/config-chain 56ms (cache miss)
2968 silly packumentCache full:https://registry.npmjs.org/config-chain set size:undefined disposed:false
2969 http fetch GET 200 https://registry.npmjs.org/@pnpm%2fnetwork.ca-file 749ms (cache miss)
2970 silly packumentCache full:https://registry.npmjs.org/@pnpm%2fnetwork.ca-file set size:undefined disposed:false
2971 http fetch GET 200 https://registry.npmjs.org/@pnpm%2fconfig.env-replace 841ms (cache miss)
2972 silly packumentCache full:https://registry.npmjs.org/@pnpm%2fconfig.env-replace set size:undefined disposed:false
2973 silly placeDep ROOT @pnpm/config.env-replace@1.1.0 OK for: @pnpm/npm-conf@3.0.2 want: ^1.1.0
2974 silly placeDep ROOT @pnpm/network.ca-file@1.0.2 OK for: @pnpm/npm-conf@3.0.2 want: ^1.0.1
2975 silly placeDep ROOT config-chain@1.1.13 OK for: @pnpm/npm-conf@3.0.2 want: ^1.1.11
2976 silly fetch manifest graceful-fs@4.2.10
2977 silly packumentCache full:https://registry.npmjs.org/graceful-fs cache-hit
2978 silly fetch manifest proto-list@~1.2.1
2979 silly packumentCache full:https://registry.npmjs.org/proto-list cache-miss
2980 silly fetch manifest ini@^1.3.4
2981 silly packumentCache full:https://registry.npmjs.org/ini cache-miss
2982 http cache https://registry.npmjs.org/ini 8ms (cache hit)
2983 silly packumentCache full:https://registry.npmjs.org/ini set size:59180 disposed:false
2984 http fetch GET 200 https://registry.npmjs.org/proto-list 306ms (cache miss)
2985 silly packumentCache full:https://registry.npmjs.org/proto-list set size:undefined disposed:false
2986 silly placeDep node_modules/@pnpm/network.ca-file graceful-fs@4.2.10 OK for: @pnpm/network.ca-file@1.0.2 want: 4.2.10
2987 silly placeDep node_modules/config-chain ini@1.3.8 OK for: config-chain@1.1.13 want: ^1.3.4
2988 silly placeDep ROOT proto-list@1.2.4 OK for: config-chain@1.1.13 want: ~1.2.1
2989 silly placeDep ROOT rc@1.2.8 OK for: registry-url@5.1.0 want: ^1.2.8
2990 silly fetch manifest ini@~1.3.0
2991 silly packumentCache full:https://registry.npmjs.org/ini cache-hit
2992 silly fetch manifest minimist@^1.2.0
2993 silly packumentCache full:https://registry.npmjs.org/minimist cache-miss
2994 silly fetch manifest deep-extend@^0.6.0
2995 silly packumentCache full:https://registry.npmjs.org/deep-extend cache-miss
2996 silly fetch manifest strip-json-comments@~2.0.1
2997 silly packumentCache full:https://registry.npmjs.org/strip-json-comments cache-miss
2998 http fetch GET 200 https://registry.npmjs.org/strip-json-comments 52ms (cache miss)
2999 silly packumentCache full:https://registry.npmjs.org/strip-json-comments set size:undefined disposed:false
3000 http fetch GET 200 https://registry.npmjs.org/minimist 62ms (cache miss)
3001 silly packumentCache full:https://registry.npmjs.org/minimist set size:undefined disposed:false
3002 http fetch GET 200 https://registry.npmjs.org/deep-extend 341ms (cache miss)
3003 silly packumentCache full:https://registry.npmjs.org/deep-extend set size:undefined disposed:false
3004 silly placeDep ROOT deep-extend@0.6.0 OK for: rc@1.2.8 want: ^0.6.0
3005 silly placeDep node_modules/rc ini@1.3.8 OK for: rc@1.2.8 want: ~1.3.0
3006 silly placeDep ROOT minimist@1.2.8 OK for: rc@1.2.8 want: ^1.2.0
3007 silly placeDep ROOT strip-json-comments@2.0.1 OK for: rc@1.2.8 want: ~2.0.1
3008 silly placeDep node_modules/semver-diff semver@6.3.1 OK for: semver-diff@3.1.1 want: ^6.3.0
3009 silly placeDep ROOT defaults@1.0.4 OK for: wcwidth@1.0.1 want: ^1.0.3
3010 silly fetch manifest clone@^1.0.2
3011 silly packumentCache full:https://registry.npmjs.org/clone cache-miss
3012 http fetch GET 200 https://registry.npmjs.org/clone 55ms (cache miss)
3013 silly packumentCache full:https://registry.npmjs.org/clone set size:undefined disposed:false
3014 silly placeDep ROOT clone@1.0.4 OK for: defaults@1.0.4 want: ^1.0.2
3015 silly placeDep ROOT tr46@0.0.3 OK for: whatwg-url@5.0.0 want: ~0.0.3
3016 silly placeDep ROOT webidl-conversions@3.0.1 OK for: whatwg-url@5.0.0 want: ^3.0.0
3017 silly placeDep ROOT isexe@2.0.0 OK for: which@2.0.2 want: ^2.0.0
3018 silly placeDep node_modules/winston @colors/colors@1.6.0 OK for: winston@3.19.0 want: ^1.6.0
3019 silly placeDep ROOT @dabh/diagnostics@2.0.8 OK for: winston@3.19.0 want: ^2.0.8
3020 silly placeDep ROOT logform@2.7.0 OK for: winston@3.19.0 want: ^2.7.0
3021 silly placeDep ROOT one-time@1.0.0 OK for: winston@3.19.0 want: ^1.0.0
3022 silly placeDep node_modules/winston readable-stream@3.6.2 OK for: winston@3.19.0 want: ^3.4.0
3023 silly placeDep ROOT safe-stable-stringify@2.5.0 OK for: winston@3.19.0 want: ^2.3.1
3024 silly placeDep ROOT stack-trace@0.0.10 OK for: winston@3.19.0 want: 0.0.x
3025 silly fetch manifest @so-ric/colorspace@^1.1.6
3026 silly packumentCache full:https://registry.npmjs.org/@so-ric%2fcolorspace cache-miss
3027 silly fetch manifest enabled@2.0.x
3028 silly packumentCache full:https://registry.npmjs.org/enabled cache-miss
3029 silly fetch manifest kuler@^2.0.0
3030 silly packumentCache full:https://registry.npmjs.org/kuler cache-miss
3031 silly fetch manifest @colors/colors@1.6.0
3032 silly packumentCache full:https://registry.npmjs.org/@colors%2fcolors cache-hit
3033 silly fetch manifest @types/triple-beam@^1.3.2
3034 silly packumentCache full:https://registry.npmjs.org/@types%2ftriple-beam cache-miss
3035 silly fetch manifest fecha@^4.2.0
3036 silly packumentCache full:https://registry.npmjs.org/fecha cache-miss
3037 silly fetch manifest fn.name@1.x.x
3038 silly packumentCache full:https://registry.npmjs.org/fn.name cache-miss
3039 http fetch GET 200 https://registry.npmjs.org/kuler 52ms (cache miss)
3040 silly packumentCache full:https://registry.npmjs.org/kuler set size:undefined disposed:false
3041 http fetch GET 200 https://registry.npmjs.org/enabled 57ms (cache miss)
3042 silly packumentCache full:https://registry.npmjs.org/enabled set size:undefined disposed:false
3043 http fetch GET 200 https://registry.npmjs.org/fn.name 98ms (cache miss)
3044 silly packumentCache full:https://registry.npmjs.org/fn.name set size:undefined disposed:false
3045 http fetch GET 200 https://registry.npmjs.org/@so-ric%2fcolorspace 156ms (cache miss)
3046 silly packumentCache full:https://registry.npmjs.org/@so-ric%2fcolorspace set size:undefined disposed:false
3047 http fetch GET 200 https://registry.npmjs.org/fecha 359ms (cache miss)
3048 silly packumentCache full:https://registry.npmjs.org/fecha set size:undefined disposed:false
3049 http fetch GET 200 https://registry.npmjs.org/@types%2ftriple-beam 398ms (cache miss)
3050 silly packumentCache full:https://registry.npmjs.org/@types%2ftriple-beam set size:undefined disposed:false
3051 silly placeDep ROOT @so-ric/colorspace@1.1.6 OK for: @dabh/diagnostics@2.0.8 want: ^1.1.6
3052 silly placeDep ROOT enabled@2.0.0 OK for: @dabh/diagnostics@2.0.8 want: 2.0.x
3053 silly placeDep ROOT kuler@2.0.0 OK for: @dabh/diagnostics@2.0.8 want: ^2.0.0
3054 silly fetch manifest color@^5.0.2
3055 silly packumentCache full:https://registry.npmjs.org/color cache-miss
3056 silly fetch manifest text-hex@1.0.x
3057 silly packumentCache full:https://registry.npmjs.org/text-hex cache-miss
3058 http fetch GET 200 https://registry.npmjs.org/text-hex 65ms (cache miss)
3059 silly packumentCache full:https://registry.npmjs.org/text-hex set size:undefined disposed:false
3060 http fetch GET 200 https://registry.npmjs.org/color 66ms (cache miss)
3061 silly packumentCache full:https://registry.npmjs.org/color set size:undefined disposed:false
3062 silly placeDep ROOT color@5.0.3 OK for: @so-ric/colorspace@1.1.6 want: ^5.0.2
3063 silly placeDep ROOT text-hex@1.0.0 OK for: @so-ric/colorspace@1.1.6 want: 1.0.x
3064 silly fetch manifest color-convert@^3.1.3
3065 silly packumentCache full:https://registry.npmjs.org/color-convert cache-miss
3066 silly fetch manifest color-string@^2.1.3
3067 silly packumentCache full:https://registry.npmjs.org/color-string cache-miss
3068 http fetch GET 200 https://registry.npmjs.org/color-convert 58ms (cache miss)
3069 silly packumentCache full:https://registry.npmjs.org/color-convert set size:undefined disposed:false
3070 http fetch GET 200 https://registry.npmjs.org/color-string 62ms (cache miss)
3071 silly packumentCache full:https://registry.npmjs.org/color-string set size:undefined disposed:false
3072 silly placeDep ROOT color-convert@3.1.3 OK for: color@5.0.3 want: ^3.1.3
3073 silly placeDep ROOT color-string@2.1.4 OK for: color@5.0.3 want: ^2.1.3
3074 silly fetch manifest color-name@^2.0.0
3075 silly packumentCache full:https://registry.npmjs.org/color-name cache-miss
3076 silly fetch manifest color-name@^2.0.0
3077 silly packumentCache full:https://registry.npmjs.org/color-name cache-miss
3078 http fetch GET 200 https://registry.npmjs.org/color-name 56ms (cache miss)
3079 silly packumentCache full:https://registry.npmjs.org/color-name set size:undefined disposed:false
3080 http fetch GET 200 https://registry.npmjs.org/color-name 57ms (cache miss)
3081 silly packumentCache full:https://registry.npmjs.org/color-name set size:undefined disposed:false
3082 silly placeDep ROOT color-name@2.1.0 OK for: color-convert@3.1.3 want: ^2.0.0
3083 silly placeDep node_modules/logform @colors/colors@1.6.0 OK for: logform@2.7.0 want: 1.6.0
3084 silly placeDep ROOT @types/triple-beam@1.3.5 OK for: logform@2.7.0 want: ^1.3.2
3085 silly placeDep ROOT fecha@4.2.3 OK for: logform@2.7.0 want: ^4.2.0
3086 silly placeDep node_modules/logform ms@2.1.3 OK for: logform@2.7.0 want: ^2.1.1
3087 silly placeDep ROOT fn.name@1.1.0 OK for: one-time@1.0.0 want: 1.x.x
3088 silly placeDep node_modules/winston-transport readable-stream@3.6.2 OK for: winston-transport@4.9.0 want: ^3.6.2
3089 silly placeDep ROOT ansi-styles@4.3.0 OK for: wrap-ansi@6.2.0 want: ^4.0.0
3090 silly placeDep node_modules/wrap-ansi strip-ansi@6.0.1 OK for: wrap-ansi@6.2.0 want: ^6.0.0
3091 silly fetch manifest color-convert@^2.0.1
3092 silly packumentCache full:https://registry.npmjs.org/color-convert cache-miss
3093 http cache https://registry.npmjs.org/color-convert 2ms (cache hit)
3094 silly packumentCache full:https://registry.npmjs.org/color-convert set size:72663 disposed:false
3095 silly placeDep node_modules/ansi-styles color-convert@2.0.1 OK for: ansi-styles@4.3.0 want: ^2.0.1
3096 silly fetch manifest color-name@~1.1.4
3097 silly packumentCache full:https://registry.npmjs.org/color-name cache-miss
3098 http cache https://registry.npmjs.org/color-name 1ms (cache hit)
3099 silly packumentCache full:https://registry.npmjs.org/color-name set size:19467 disposed:false
3100 silly placeDep node_modules/wrap-ansi-cjs strip-ansi@6.0.1 OK for: wrap-ansi@7.0.0 want: ^6.0.0
3101 silly placeDep ROOT imurmurhash@0.1.4 OK for: write-file-atomic@3.0.3 want: ^0.1.4
3102 silly placeDep ROOT is-typedarray@1.0.0 OK for: write-file-atomic@3.0.3 want: ^1.0.0
3103 silly placeDep node_modules/write-file-atomic signal-exit@3.0.7 OK for: write-file-atomic@3.0.3 want: ^3.0.2
3104 silly placeDep ROOT typedarray-to-buffer@3.1.5 OK for: write-file-atomic@3.0.3 want: ^3.1.5
3105 silly placeDep ROOT cliui@8.0.1 OK for: yargs@17.7.2 want: ^8.0.1
3106 silly placeDep ROOT escalade@3.2.0 OK for: yargs@17.7.2 want: ^3.1.1
3107 silly placeDep ROOT get-caller-file@2.0.5 OK for: yargs@17.7.2 want: ^2.0.5
3108 silly placeDep ROOT require-directory@2.1.1 OK for: yargs@17.7.2 want: ^2.1.1
3109 silly placeDep ROOT y18n@5.0.8 OK for: yargs@17.7.2 want: ^5.0.5
3110 silly placeDep ROOT yargs-parser@21.1.1 OK for: yargs@17.7.2 want: ^21.1.1
3111 silly placeDep node_modules/cliui strip-ansi@6.0.1 OK for: cliui@8.0.1 want: ^6.0.1
3112 silly placeDep node_modules/cliui wrap-ansi@7.0.0 OK for: cliui@8.0.1 want: ^7.0.0
3113 silly placeDep ROOT compress-commons@6.0.2 OK for: zip-stream@6.0.1 want: ^6.0.2
3114 silly fetch manifest crc-32@^1.2.0
3115 silly packumentCache full:https://registry.npmjs.org/crc-32 cache-miss
3116 silly fetch manifest crc32-stream@^6.0.0
3117 silly packumentCache full:https://registry.npmjs.org/crc32-stream cache-miss
3118 http fetch GET 200 https://registry.npmjs.org/crc32-stream 53ms (cache miss)
3119 silly packumentCache full:https://registry.npmjs.org/crc32-stream set size:undefined disposed:false
3120 http fetch GET 200 https://registry.npmjs.org/crc-32 153ms (cache miss)
3121 silly packumentCache full:https://registry.npmjs.org/crc-32 set size:undefined disposed:false
3122 silly placeDep ROOT crc-32@1.2.2 OK for: compress-commons@6.0.2 want: ^1.2.0
3123 silly placeDep ROOT crc32-stream@6.0.0 OK for: compress-commons@6.0.2 want: ^6.0.0
3124 silly placeDep node_modules/@apidevtools/json-schema-ref-parser argparse@2.0.1 OK for: js-yaml@4.2.0 want: ^2.0.1
3125 silly placeDep node_modules/@google-cloud/cloud-sql-connector node-fetch@3.3.2 OK for: gaxios@7.1.4 want: ^3.3.2
3126 silly placeDep node_modules/@google-cloud/cloud-sql-connector gcp-metadata@8.1.2 OK for: google-auth-library@10.6.2 want: 8.1.2
3127 silly placeDep node_modules/@google-cloud/cloud-sql-connector google-logging-utils@1.1.3 OK for: google-auth-library@10.6.2 want: 1.1.3
3128 silly fetch manifest google-logging-utils@^1.0.0
3129 silly packumentCache full:https://registry.npmjs.org/google-logging-utils cache-hit
3130 silly placeDep node_modules/@google-cloud/cloud-sql-connector data-uri-to-buffer@4.0.1 OK for: node-fetch@3.3.2 want: ^4.0.0
3131 silly placeDep ROOT fetch-blob@3.2.0 OK for: node-fetch@3.3.2 want: ^3.1.4
3132 silly placeDep ROOT formdata-polyfill@4.0.10 OK for: node-fetch@3.3.2 want: ^4.0.10
3133 silly fetch manifest node-domexception@^1.0.0
3134 silly packumentCache full:https://registry.npmjs.org/node-domexception cache-miss
3135 silly fetch manifest web-streams-polyfill@^3.0.3
3136 silly packumentCache full:https://registry.npmjs.org/web-streams-polyfill cache-miss
3137 http fetch GET 200 https://registry.npmjs.org/node-domexception 56ms (cache miss)
3138 silly packumentCache full:https://registry.npmjs.org/node-domexception set size:undefined disposed:false
3139 http fetch GET 200 https://registry.npmjs.org/web-streams-polyfill 60ms (cache miss)
3140 silly packumentCache full:https://registry.npmjs.org/web-streams-polyfill set size:undefined disposed:false
3141 silly placeDep ROOT node-domexception@1.0.0 OK for: fetch-blob@3.2.0 want: ^1.0.0
3142 silly placeDep ROOT web-streams-polyfill@3.3.3 OK for: fetch-blob@3.2.0 want: ^3.0.3
3143 silly placeDep node_modules/@google-cloud/pubsub gaxios@7.1.4 OK for: google-auth-library@10.6.2 want: ^7.1.4
3144 silly placeDep node_modules/@google-cloud/pubsub gcp-metadata@8.1.2 OK for: google-auth-library@10.6.2 want: 8.1.2
3145 silly placeDep node_modules/@google-cloud/pubsub google-logging-utils@1.1.3 OK for: google-auth-library@10.6.2 want: 1.1.3
3146 silly placeDep node_modules/@google-cloud/pubsub node-fetch@3.3.2 OK for: gaxios@7.1.4 want: ^3.3.2
3147 silly placeDep node_modules/@google-cloud/pubsub data-uri-to-buffer@4.0.1 OK for: node-fetch@3.3.2 want: ^4.0.0
3148 silly placeDep ROOT eastasianwidth@0.2.0 OK for: string-width@5.1.2 want: ^0.2.0
3149 silly placeDep node_modules/@isaacs/cliui emoji-regex@9.2.2 OK for: string-width@5.1.2 want: ^9.2.2
3150 silly placeDep node_modules/@isaacs/cliui ansi-styles@6.2.3 OK for: wrap-ansi@8.1.0 want: ^6.1.0
3151 silly placeDep node_modules/@modelcontextprotocol/sdk accepts@2.0.0 OK for: express@5.2.1 want: ^2.0.0
3152 silly placeDep node_modules/@modelcontextprotocol/sdk body-parser@2.2.2 OK for: express@5.2.1 want: ^2.2.1
3153 silly placeDep node_modules/@modelcontextprotocol/sdk content-disposition@1.1.0 OK for: express@5.2.1 want: ^1.0.0
3154 silly placeDep node_modules/@modelcontextprotocol/sdk cookie-signature@1.2.2 OK for: express@5.2.1 want: ^1.2.1
3155 silly placeDep node_modules/@modelcontextprotocol/sdk debug@4.4.3 OK for: express@5.2.1 want: ^4.4.0
3156 silly placeDep node_modules/@modelcontextprotocol/sdk finalhandler@2.1.1 OK for: express@5.2.1 want: ^2.1.0
3157 silly placeDep node_modules/@modelcontextprotocol/sdk fresh@2.0.0 OK for: express@5.2.1 want: ^2.0.0
3158 silly placeDep node_modules/@modelcontextprotocol/sdk merge-descriptors@2.0.0 OK for: express@5.2.1 want: ^2.0.0
3159 silly placeDep node_modules/@modelcontextprotocol/sdk mime-types@3.0.2 OK for: express@5.2.1 want: ^3.0.0
3160 silly placeDep node_modules/@modelcontextprotocol/sdk send@1.2.1 OK for: express@5.2.1 want: ^1.1.0
3161 silly placeDep node_modules/@modelcontextprotocol/sdk serve-static@2.2.1 OK for: express@5.2.1 want: ^2.2.0
3162 silly placeDep node_modules/@modelcontextprotocol/sdk type-is@2.1.0 OK for: express@5.2.1 want: ^2.0.1
3163 silly fetch manifest negotiator@^1.0.0
3164 silly packumentCache full:https://registry.npmjs.org/negotiator cache-hit
3165 silly fetch manifest debug@^4.4.3
3166 silly packumentCache full:https://registry.npmjs.org/debug cache-hit
3167 silly fetch manifest mime-db@^1.54.0
3168 silly packumentCache full:https://registry.npmjs.org/mime-db cache-hit
3169 silly fetch manifest content-type@^2.0.0
3170 silly packumentCache full:https://registry.npmjs.org/content-type cache-hit
3171 silly fetch manifest media-typer@^1.1.0
3172 silly packumentCache full:https://registry.npmjs.org/media-typer cache-hit
3173 silly placeDep node_modules/@modelcontextprotocol/sdk negotiator@1.0.0 OK for: accepts@2.0.0 want: ^1.0.0
3174 silly placeDep node_modules/@modelcontextprotocol/sdk ms@2.1.3 OK for: debug@4.4.3 want: ^2.1.3
3175 silly placeDep node_modules/@modelcontextprotocol/sdk mime-db@1.54.0 OK for: mime-types@3.0.2 want: ^1.54.0
3176 silly placeDep node_modules/@modelcontextprotocol/sdk/node_modules/type-is content-type@2.0.0 OK for: type-is@2.1.0 want: ^2.0.0
3177 silly placeDep node_modules/@modelcontextprotocol/sdk media-typer@1.1.0 OK for: type-is@2.1.0 want: ^1.1.0
3178 silly placeDep node_modules/ansi-styles color-name@1.1.4 OK for: color-convert@2.0.1 want: ~1.1.4
3179 silly placeDep ROOT util-deprecate@1.0.2 OK for: readable-stream@3.6.2 want: ^1.0.1
3180 silly placeDep node_modules/boxen strip-ansi@6.0.1 OK for: wrap-ansi@7.0.0 want: ^6.0.0
3181 silly placeDep node_modules/boxen ansi-regex@5.0.1 OK for: strip-ansi@6.0.1 want: ^5.0.1
3182 silly placeDep node_modules/cli-highlight cliui@7.0.4 OK for: yargs@16.2.0 want: ^7.0.2
3183 silly placeDep node_modules/cli-highlight yargs-parser@20.2.9 OK for: yargs@16.2.0 want: ^20.2.2
3184 silly placeDep node_modules/cli-highlight strip-ansi@6.0.1 OK for: cliui@7.0.4 want: ^6.0.0
3185 silly placeDep node_modules/cli-highlight wrap-ansi@7.0.0 OK for: cliui@7.0.4 want: ^7.0.0
3186 silly placeDep node_modules/cli-highlight ansi-regex@5.0.1 OK for: strip-ansi@6.0.1 want: ^5.0.1
3187 silly placeDep node_modules/cliui ansi-regex@5.0.1 OK for: strip-ansi@6.0.1 want: ^5.0.1
3188 silly placeDep node_modules/connect encodeurl@1.0.2 OK for: finalhandler@1.1.2 want: ~1.0.2
3189 silly placeDep node_modules/connect on-finished@2.3.0 OK for: finalhandler@1.1.2 want: ~2.3.0
3190 silly placeDep node_modules/connect statuses@1.5.0 OK for: finalhandler@1.1.2 want: ~1.5.0
3191 silly placeDep node_modules/exegesis iconv-lite@0.4.24 OK for: raw-body@2.5.3 want: ~0.4.24
3192 silly placeDep node_modules/get-uri ms@2.1.3 OK for: debug@4.4.3 want: ^2.1.3
3193 silly placeDep node_modules/glob brace-expansion@2.1.1 OK for: minimatch@9.0.9 want: ^2.0.2
3194 silly placeDep node_modules/google-gax gaxios@7.1.4 OK for: google-auth-library@10.6.2 want: ^7.1.4
3195 silly placeDep node_modules/google-gax gcp-metadata@8.1.2 OK for: google-auth-library@10.6.2 want: 8.1.2
3196 silly placeDep node_modules/google-gax data-uri-to-buffer@4.0.1 OK for: node-fetch@3.3.2 want: ^4.0.0
3197 silly placeDep node_modules/googleapis-common node-fetch@3.3.2 OK for: gaxios@7.1.4 want: ^3.3.2
3198 silly placeDep node_modules/googleapis-common gcp-metadata@8.1.2 OK for: google-auth-library@10.6.2 want: 8.1.2
3199 silly placeDep node_modules/googleapis-common google-logging-utils@1.1.3 OK for: google-auth-library@10.6.2 want: 1.1.3
3200 silly placeDep node_modules/googleapis-common data-uri-to-buffer@4.0.1 OK for: node-fetch@3.3.2 want: ^4.0.0
3201 silly placeDep node_modules/http-proxy-agent ms@2.1.3 OK for: debug@4.4.3 want: ^2.1.3
3202 silly placeDep node_modules/https-proxy-agent ms@2.1.3 OK for: debug@4.4.3 want: ^2.1.3
3203 silly placeDep ROOT core-util-is@1.0.3 OK for: readable-stream@2.3.8 want: ~1.0.0
3204 silly placeDep ROOT isarray@1.0.0 OK for: readable-stream@2.3.8 want: ~1.0.0
3205 silly placeDep ROOT process-nextick-args@2.0.1 OK for: readable-stream@2.3.8 want: ~2.0.0
3206 silly placeDep node_modules/lazystream safe-buffer@5.1.2 OK for: readable-stream@2.3.8 want: ~5.1.1
3207 silly placeDep node_modules/lazystream string_decoder@1.1.1 OK for: readable-stream@2.3.8 want: ~1.1.1
3208 silly placeDep node_modules/node-gyp isexe@4.0.0 OK for: which@6.0.1 want: ^4.0.0
3209 silly placeDep node_modules/ora ansi-regex@5.0.1 OK for: strip-ansi@6.0.1 want: ^5.0.1
3210 silly placeDep node_modules/pac-proxy-agent ms@2.1.3 OK for: debug@4.4.3 want: ^2.1.3
3211 silly placeDep node_modules/portfinder ms@2.1.3 OK for: debug@4.4.3 want: ^2.1.3
3212 silly placeDep node_modules/proxy-agent ms@2.1.3 OK for: debug@4.4.3 want: ^2.1.3
3213 silly placeDep node_modules/readdir-glob brace-expansion@2.1.1 OK for: minimatch@5.1.9 want: ^2.0.1
3214 silly placeDep node_modules/router ms@2.1.3 OK for: debug@4.4.3 want: ^2.1.3
3215 silly placeDep node_modules/socks-proxy-agent ms@2.1.3 OK for: debug@4.4.3 want: ^2.1.3
3216 silly placeDep node_modules/string-width-cjs ansi-regex@5.0.1 OK for: strip-ansi@6.0.1 want: ^5.0.1
3217 silly placeDep node_modules/string-width ansi-regex@5.0.1 OK for: strip-ansi@6.0.1 want: ^5.0.1
3218 silly placeDep node_modules/superstatic brace-expansion@2.1.1 OK for: minimatch@6.2.3 want: ^2.0.1
3219 silly placeDep node_modules/superstatic isarray@0.0.1 OK for: path-to-regexp@1.9.0 want: 0.0.1
3220 silly placeDep node_modules/tcp-port-used ms@2.1.2 OK for: debug@4.3.1 want: 2.1.2
3221 silly placeDep node_modules/teeny-request data-uri-to-buffer@4.0.1 OK for: node-fetch@3.3.2 want: ^4.0.0
3222 silly placeDep node_modules/universal-analytics ms@2.1.3 OK for: debug@4.4.3 want: ^2.1.3
3223 silly placeDep node_modules/wrap-ansi-cjs ansi-regex@5.0.1 OK for: strip-ansi@6.0.1 want: ^5.0.1
3224 silly placeDep node_modules/wrap-ansi ansi-regex@5.0.1 OK for: strip-ansi@6.0.1 want: ^5.0.1
3225 silly reify moves {}
3226 silly audit bulk request {
3226 silly audit   'firebase-tools': [ '15.19.1' ],
3226 silly audit   '@apphosting/common': [ '0.0.8' ],
3226 silly audit   '@electric-sql/pglite': [ '0.3.16', '0.2.17' ],
3226 silly audit   '@electric-sql/pglite-tools': [ '0.2.21' ],
3226 silly audit   '@google-cloud/cloud-sql-connector': [ '1.11.1' ],
3226 silly audit   '@google-cloud/pubsub': [ '5.3.0' ],
3226 silly audit   '@inquirer/prompts': [ '7.10.1' ],
3226 silly audit   '@modelcontextprotocol/sdk': [ '1.29.0' ],
3226 silly audit   'abort-controller': [ '3.0.0' ],
3226 silly audit   ajv: [ '8.20.0' ],
3226 silly audit   'ajv-formats': [ '3.0.1', '2.1.1' ],
3226 silly audit   archiver: [ '7.0.1' ],
3226 silly audit   'async-lock': [ '1.4.1' ],
3226 silly audit   'body-parser': [ '1.20.5', '2.2.2' ],
3226 silly audit   chokidar: [ '3.6.0' ],
3226 silly audit   cjson: [ '0.3.3' ],
3226 silly audit   'cli-table3': [ '0.6.5' ],
3226 silly audit   colorette: [ '2.0.20' ],
3226 silly audit   commander: [ '5.1.0', '2.20.3', '10.0.1' ],
3226 silly audit   configstore: [ '5.0.1' ],
3226 silly audit   cors: [ '2.8.6' ],
3226 silly audit   'cross-env': [ '7.0.3' ],
3226 silly audit   'cross-spawn': [ '7.0.6' ],
3226 silly audit   'csv-parse': [ '5.6.0' ],
3226 silly audit   'deep-equal-in-any-order': [ '2.2.0' ],
3226 silly audit   exegesis: [ '4.3.0' ],
3226 silly audit   'exegesis-express': [ '4.0.0' ],
3226 silly audit   express: [ '4.22.2', '5.2.1' ],
3226 silly audit   filesize: [ '6.4.0' ],
3226 silly audit   'form-data': [ '4.0.5' ],
3226 silly audit   'fs-extra': [ '10.1.0' ],
3226 silly audit   fuzzy: [ '0.1.3' ],
3226 silly audit   gaxios: [ '6.7.1', '7.1.4' ],
3226 silly audit   glob: [ '10.5.0' ],
3226 silly audit   'google-auth-library': [ '9.15.1', '10.6.2' ],
3226 silly audit   ignore: [ '7.0.5' ],
3226 silly audit   'js-yaml': [ '3.14.2', '4.2.0' ],
3226 silly audit   jsonwebtoken: [ '9.0.3' ],
3226 silly audit   leven: [ '3.1.0' ],
3226 silly audit   'libsodium-wrappers': [ '0.7.16' ],
3226 silly audit   lodash: [ '4.18.1' ],
3226 silly audit   lsofi: [ '2.0.0' ],
3226 silly audit   marked: [ '13.0.3' ],
3226 silly audit   'marked-terminal': [ '7.3.0' ],
3226 silly audit   mime: [ '2.6.0', '1.6.0' ],
3226 silly audit   minimatch: [ '3.1.5', '9.0.9', '5.1.9', '6.2.3' ],
3226 silly audit   morgan: [ '1.11.0' ],
3226 silly audit   'node-fetch': [ '2.7.0', '3.3.2' ],
3226 silly audit   open: [ '6.4.0' ],
3226 silly audit   ora: [ '5.4.1' ],
3226 silly audit   'p-limit': [ '3.1.0' ],
3226 silly audit   pg: [ '8.21.0' ],
3226 silly audit   'pg-gateway': [ '0.3.0-beta.4' ],
3226 silly audit   portfinder: [ '1.0.38' ],
3226 silly audit   progress: [ '2.0.3' ],
3226 silly audit   'proxy-agent': [ '6.5.0' ],
3226 silly audit   retry: [ '0.13.1' ],
3226 silly audit   semver: [ '7.8.1', '6.3.1' ],
3226 silly audit   'sql-formatter': [ '15.8.0' ],
3226 silly audit   'stream-chain': [ '2.2.5' ],
3226 silly audit   'stream-json': [ '1.9.1' ],
3226 silly audit   superstatic: [ '10.0.0' ],
3226 silly audit   tar: [ '7.5.16' ],
3226 silly audit   'tcp-port-used': [ '1.0.2' ],
3226 silly audit   tmp: [ '0.2.7' ],
3226 silly audit   'triple-beam': [ '1.4.1' ],
3226 silly audit   'universal-analytics': [ '0.5.4' ],
3226 silly audit   'update-notifier-cjs': [ '5.1.7' ],
3226 silly audit   uuid: [ '11.1.1', '9.0.1', '14.0.0' ],
3226 silly audit   winston: [ '3.19.0' ],
3226 silly audit   'winston-transport': [ '4.9.0' ],
3226 silly audit   ws: [ '7.5.11' ],
3226 silly audit   yaml: [ '2.9.0' ],
3226 silly audit   zod: [ '3.25.76' ],
3226 silly audit   'zod-to-json-schema': [ '3.25.2' ],
3226 silly audit   '@googleapis/sqladmin': [ '35.2.0' ],
3226 silly audit   'p-throttle': [ '7.0.0' ],
3226 silly audit   '@google-cloud/paginator': [ '6.0.0' ],
3226 silly audit   '@google-cloud/precise-date': [ '5.0.0' ],
3226 silly audit   '@google-cloud/projectify': [ '5.0.0' ],
3226 silly audit   '@google-cloud/promisify': [ '5.0.0' ],
3226 silly audit   '@opentelemetry/api': [ '1.9.1' ],
3226 silly audit   '@opentelemetry/core': [ '1.30.1' ],
3226 silly audit   '@opentelemetry/semantic-conventions': [ '1.39.0', '1.28.0' ],
3226 silly audit   arrify: [ '2.0.1' ],
3226 silly audit   extend: [ '3.0.2' ],
3226 silly audit   'google-gax': [ '5.0.6' ],
3226 silly audit   'heap-js': [ '2.7.1' ],
3226 silly audit   'is-stream-ended': [ '0.1.4' ],
3226 silly audit   'lodash.snakecase': [ '4.1.1' ],
3226 silly audit   'p-defer': [ '3.0.0' ],
3226 silly audit   'googleapis-common': [ '8.0.1' ],
3226 silly audit   '@inquirer/checkbox': [ '4.3.2' ],
3226 silly audit   '@inquirer/confirm': [ '5.1.21' ],
3226 silly audit   '@inquirer/editor': [ '4.2.23' ],
3226 silly audit   '@inquirer/expand': [ '4.0.23' ],
3226 silly audit   '@inquirer/input': [ '4.3.1' ],
3226 silly audit   '@inquirer/number': [ '3.0.23' ],
3226 silly audit   '@inquirer/password': [ '4.0.23' ],
3226 silly audit   '@inquirer/rawlist': [ '4.1.11' ],
3226 silly audit   '@inquirer/search': [ '3.2.2' ],
3226 silly audit   '@inquirer/select': [ '4.4.2' ],
3226 silly audit   '@inquirer/ansi': [ '1.0.2' ],
3226 silly audit   '@inquirer/core': [ '10.3.2' ],
3226 silly audit   '@inquirer/figures': [ '1.0.15' ],
3226 silly audit   '@inquirer/type': [ '3.0.10' ],
3226 silly audit   'yoctocolors-cjs': [ '2.1.3' ],
3226 silly audit   'cli-width': [ '4.1.0' ],
3226 silly audit   'mute-stream': [ '2.0.0' ],
3226 silly audit   'signal-exit': [ '4.1.0', '3.0.7' ],
3226 silly audit   'wrap-ansi': [ '6.2.0', '8.1.0', '7.0.0' ],
3226 silly audit   '@inquirer/external-editor': [ '1.0.3' ],
3226 silly audit   chardet: [ '2.1.1' ],
3226 silly audit   'iconv-lite': [ '0.7.2', '0.4.24' ],
3226 silly audit   '@hono/node-server': [ '1.19.14' ],
3226 silly audit   hono: [ '4.12.23' ],
3226 silly audit   'content-type': [ '1.0.5', '2.0.0' ],
3226 silly audit   eventsource: [ '3.0.7' ],
3226 silly audit   'eventsource-parser': [ '3.1.0' ],
3226 silly audit   'express-rate-limit': [ '8.5.2' ],
3226 silly audit   jose: [ '6.2.3' ],
3226 silly audit   'json-schema-typed': [ '8.0.2' ],
3226 silly audit   'pkce-challenge': [ '5.0.1' ],
3226 silly audit   'raw-body': [ '3.0.2', '2.5.3' ],
3226 silly audit   'event-target-shim': [ '5.0.1' ],
3226 silly audit   'fast-deep-equal': [ '3.1.3' ],
3226 silly audit   'fast-uri': [ '3.1.2' ],
3226 silly audit   'json-schema-traverse': [ '1.0.0' ],
3226 silly audit   'require-from-string': [ '2.0.2' ],
3226 silly audit   'archiver-utils': [ '5.0.2' ],
3226 silly audit   async: [ '3.2.6' ],
3226 silly audit   'buffer-crc32': [ '1.0.0' ],
3226 silly audit   'readable-stream': [ '4.7.0', '3.6.2', '2.3.8' ],
3226 silly audit   'readdir-glob': [ '1.1.3' ],
3226 silly audit   'tar-stream': [ '3.2.0' ],
3226 silly audit   'zip-stream': [ '6.0.1' ],
3226 silly audit   'graceful-fs': [ '4.2.11', '4.2.10' ],
3226 silly audit   'is-stream': [ '2.0.1' ],
3226 silly audit   lazystream: [ '1.0.1' ],
3226 silly audit   'normalize-path': [ '3.0.0' ],
3226 silly audit   bytes: [ '3.1.2' ],
3226 silly audit   debug: [ '2.6.9', '4.4.3', '4.3.1' ],
3226 silly audit   depd: [ '2.0.0' ],
3226 silly audit   destroy: [ '1.2.0' ],
3226 silly audit   'http-errors': [ '2.0.1' ],
3226 silly audit   'on-finished': [ '2.4.1', '2.3.0' ],
3226 silly audit   qs: [ '6.15.2' ],
3226 silly audit   'type-is': [ '1.6.18', '2.1.0' ],
3226 silly audit   unpipe: [ '1.0.0' ],
3226 silly audit   anymatch: [ '3.1.3' ],
3226 silly audit   braces: [ '3.0.3' ],
3226 silly audit   fsevents: [ '2.3.3' ],
3226 silly audit   'glob-parent': [ '5.1.2' ],
3226 silly audit   'is-binary-path': [ '2.1.0' ],
3226 silly audit   'is-glob': [ '4.0.3' ],
3226 silly audit   readdirp: [ '3.6.0' ],
3226 silly audit   picomatch: [ '2.3.2', '4.0.4' ],
3226 silly audit   'fill-range': [ '7.1.1' ],
3226 silly audit   'json-parse-helpfulerror': [ '1.0.3' ],
3226 silly audit   '@colors/colors': [ '1.5.0', '1.6.0' ],
3226 silly audit   'string-width': [ '4.2.3', '5.1.2' ],
3226 silly audit   'dot-prop': [ '5.3.0' ],
3226 silly audit   'make-dir': [ '3.1.0' ],
3226 silly audit   'unique-string': [ '2.0.0' ],
3226 silly audit   'write-file-atomic': [ '3.0.3' ],
3226 silly audit   'xdg-basedir': [ '4.0.0' ],
3226 silly audit   'object-assign': [ '4.1.1' ],
3226 silly audit   vary: [ '1.1.2' ],
3226 silly audit   'path-key': [ '3.1.1' ],
3226 silly audit   'shebang-command': [ '2.0.0' ],
3226 silly audit   which: [ '2.0.2', '6.0.1' ],
3226 silly audit   ms: [ '2.0.0', '2.1.3', '2.1.2' ],
3226 silly audit   'sort-any': [ '4.0.7' ],
3226 silly audit   'is-obj': [ '2.0.0' ],
3226 silly audit   '@apidevtools/json-schema-ref-parser': [ '9.1.2' ],
3226 silly audit   'deep-freeze': [ '0.0.1' ],
3226 silly audit   'events-listener': [ '1.1.0' ],
3226 silly audit   'json-ptr': [ '3.1.1' ],
3226 silly audit   'openapi3-ts': [ '3.2.0' ],
3226 silly audit   'promise-breaker': [ '6.0.0' ],
3226 silly audit   '@jsdevtools/ono': [ '7.1.3' ],
3226 silly audit   '@types/json-schema': [ '7.0.15' ],
3226 silly audit   'call-me-maybe': [ '1.0.2' ],
3226 silly audit   accepts: [ '1.3.8', '2.0.0' ],
3226 silly audit   'array-flatten': [ '1.1.1' ],
3226 silly audit   'content-disposition': [ '0.5.4', '1.1.0' ],
3226 silly audit   cookie: [ '0.7.2' ],
3226 silly audit   'cookie-signature': [ '1.0.7', '1.2.2' ],
3226 silly audit   encodeurl: [ '2.0.0', '1.0.2' ],
3226 silly audit   'escape-html': [ '1.0.3' ],
3226 silly audit   etag: [ '1.8.1' ],
3226 silly audit   finalhandler: [ '1.3.2', '1.1.2', '2.1.1' ],
3226 silly audit   fresh: [ '0.5.2', '2.0.0' ],
3226 silly audit   'merge-descriptors': [ '1.0.3', '2.0.0' ],
3226 silly audit   methods: [ '1.1.2' ],
3226 silly audit   parseurl: [ '1.3.3' ],
3226 silly audit   'path-to-regexp': [ '0.1.13', '1.9.0', '8.4.2' ],
3226 silly audit   'proxy-addr': [ '2.0.7' ],
3226 silly audit   'range-parser': [ '1.2.1' ],
3226 silly audit   'safe-buffer': [ '5.2.1', '5.1.2' ],
3226 silly audit   send: [ '0.19.2', '1.2.1' ],
3226 silly audit   'serve-static': [ '1.16.3', '2.2.1' ],
3226 silly audit   setprototypeof: [ '1.2.0' ],
3226 silly audit   statuses: [ '2.0.2', '1.5.0' ],
3226 silly audit   'utils-merge': [ '1.0.1' ],
3226 silly audit   'mime-types': [ '2.1.35', '3.0.2' ],
3226 silly audit   negotiator: [ '0.6.3', '0.6.4', '1.0.0' ],
3226 silly audit   'ip-address': [ '10.2.0' ],
3226 silly audit   'to-regex-range': [ '5.0.1' ],
3226 silly audit   asynckit: [ '0.4.0' ],
3226 silly audit   'combined-stream': [ '1.0.8' ],
3226 silly audit   'es-set-tostringtag': [ '2.1.0' ],
3226 silly audit   hasown: [ '2.0.4' ],
3226 silly audit   'delayed-stream': [ '1.0.0' ],
3226 silly audit   'es-errors': [ '1.3.0' ],
3226 silly audit   'get-intrinsic': [ '1.3.0' ],
3226 silly audit   'has-tostringtag': [ '1.0.2' ],
3226 silly audit   jsonfile: [ '6.2.1' ],
3226 silly audit   universalify: [ '2.0.1' ],
3226 silly audit   'https-proxy-agent': [ '7.0.6' ],
3226 silly audit   'call-bind-apply-helpers': [ '1.0.2' ],
3226 silly audit   'es-define-property': [ '1.0.1' ],
3226 silly audit   'es-object-atoms': [ '1.1.2' ],
3226 silly audit   'function-bind': [ '1.1.2' ],
3226 silly audit   'get-proto': [ '1.0.1' ],
3226 silly audit   gopd: [ '1.2.0' ],
3226 silly audit   'has-symbols': [ '1.1.0' ],
3226 silly audit   'math-intrinsics': [ '1.1.0' ],
3226 silly audit   'dunder-proto': [ '1.0.1' ],
3226 silly audit   'foreground-child': [ '3.3.1' ],
3226 silly audit   jackspeak: [ '3.4.3' ],
3226 silly audit   minipass: [ '7.1.3' ],
3226 silly audit   'package-json-from-dist': [ '1.0.1' ],
3226 silly audit   'path-scurry': [ '1.11.1' ],
3226 silly audit   'base64-js': [ '1.5.1' ],
3226 silly audit   'ecdsa-sig-formatter': [ '1.0.11' ],
3226 silly audit   'gcp-metadata': [ '6.1.1', '8.1.2' ],
3226 silly audit   gtoken: [ '7.1.0' ],
3226 silly audit   jws: [ '4.0.1' ],
3226 silly audit   'google-logging-utils': [ '0.0.2', '1.1.3' ],
3226 silly audit   'json-bigint': [ '1.0.0' ],
3226 silly audit   '@grpc/grpc-js': [ '1.14.4' ],
3226 silly audit   '@grpc/proto-loader': [ '0.8.1' ],
3226 silly audit   duplexify: [ '4.1.3' ],
3226 silly audit   'object-hash': [ '3.0.0' ],
3226 silly audit   'proto3-json-serializer': [ '3.0.4' ],
3226 silly audit   protobufjs: [ '7.6.2' ],
3226 silly audit   'retry-request': [ '8.0.2' ],
3226 silly audit   rimraf: [ '5.0.10' ],
3226 silly audit   '@js-sdsl/ordered-map': [ '4.4.2' ],
3226 silly audit   'lodash.camelcase': [ '4.3.0' ],
3226 silly audit   long: [ '5.3.2' ],
3226 silly audit   yargs: [ '17.7.2', '16.2.0' ],
3226 silly audit   'end-of-stream': [ '1.4.5' ],
3226 silly audit   inherits: [ '2.0.4' ],
3226 silly audit   'stream-shift': [ '1.0.3' ],
3226 silly audit   once: [ '1.4.0' ],
3226 silly audit   'url-template': [ '2.0.8' ],
3226 silly audit   toidentifier: [ '1.0.1' ],
3226 silly audit   'agent-base': [ '7.1.4' ],
3226 silly audit   'safer-buffer': [ '2.1.2' ],
3226 silly audit   'binary-extensions': [ '2.3.0' ],
3226 silly audit   'is-extglob': [ '2.1.1' ],
3226 silly audit   '@isaacs/cliui': [ '8.0.2' ],
3226 silly audit   '@pkgjs/parseargs': [ '0.11.0' ],
3226 silly audit   'strip-ansi': [ '7.2.0', '6.0.1' ],
3226 silly audit   argparse: [ '1.0.10', '2.0.1' ],
3226 silly audit   esprima: [ '4.0.1' ],
3226 silly audit   'sprintf-js': [ '1.0.3' ],
3226 silly audit   'bignumber.js': [ '9.3.1' ],
3226 silly audit   jju: [ '1.4.0' ],
3226 silly audit   'lodash.includes': [ '4.3.0' ],
3226 silly audit   'lodash.isboolean': [ '3.0.3' ],
3226 silly audit   'lodash.isinteger': [ '4.0.4' ],
3226 silly audit   'lodash.isnumber': [ '3.0.3' ],
3226 silly audit   'lodash.isplainobject': [ '4.0.6' ],
3226 silly audit   'lodash.isstring': [ '4.0.1' ],
3226 silly audit   'lodash.once': [ '4.1.1' ],
3226 silly audit   jwa: [ '2.0.1' ],
3226 silly audit   'buffer-equal-constant-time': [ '1.0.1' ],
3226 silly audit   libsodium: [ '0.7.16' ],
3226 silly audit   'ansi-escapes': [ '7.3.0' ],
3226 silly audit   'ansi-regex': [ '6.2.2', '5.0.1' ],
3226 silly audit   chalk: [ '5.6.2', '4.1.2' ],
3226 silly audit   'cli-highlight': [ '2.1.11' ],
3226 silly audit   'node-emoji': [ '2.2.0' ],
3226 silly audit   'supports-hyperlinks': [ '3.2.0' ],
3226 silly audit   environment: [ '1.1.0' ],
3226 silly audit   'highlight.js': [ '10.7.3' ],
3226 silly audit   mz: [ '2.7.0' ],
3226 silly audit   parse5: [ '5.1.1', '6.0.1' ],
3226 silly audit   'parse5-htmlparser2-tree-adapter': [ '6.0.1' ],
3226 silly audit   'mime-db': [ '1.52.0', '1.54.0' ],
3226 silly audit   'brace-expansion': [ '1.1.15', '2.1.1' ],
3226 silly audit   'balanced-match': [ '1.0.2' ],
3226 silly audit   'concat-map': [ '0.0.1' ],
3226 silly audit   'basic-auth': [ '2.0.1' ],
3226 silly audit   'on-headers': [ '1.1.0' ],
3226 silly audit   'any-promise': [ '1.3.0' ],
3226 silly audit   'thenify-all': [ '1.6.0' ],
3226 silly audit   '@sindresorhus/is': [ '4.6.0' ],
3226 silly audit   'char-regex': [ '1.0.2' ],
3226 silly audit   emojilib: [ '2.4.0' ],
3226 silly audit   'skin-tone': [ '2.0.0' ],
3226 silly audit   'whatwg-url': [ '5.0.0' ],
3226 silly audit   'ee-first': [ '1.1.1' ],
3226 silly audit   wrappy: [ '1.0.2' ],
3226 silly audit   'is-wsl': [ '1.1.0' ],
3226 silly audit   bl: [ '4.1.0' ],
3226 silly audit   'cli-cursor': [ '3.1.0' ],
3226 silly audit   'cli-spinners': [ '2.9.2' ],
3226 silly audit   'is-interactive': [ '1.0.0' ],
3226 silly audit   'is-unicode-supported': [ '0.1.0' ],
3226 silly audit   'log-symbols': [ '4.1.0' ],
3226 silly audit   wcwidth: [ '1.0.1' ],
3226 silly audit   buffer: [ '5.7.1', '6.0.3' ],
3226 silly audit   ieee754: [ '1.2.1' ],
3226 silly audit   'restore-cursor': [ '3.1.0' ],
3226 silly audit   'yocto-queue': [ '0.1.0' ],
3226 silly audit   'lru-cache': [ '10.4.3', '7.18.3' ],
3226 silly audit   'pg-cloudflare': [ '1.4.0' ],
3226 silly audit   'pg-connection-string': [ '2.13.0' ],
3226 silly audit   'pg-pool': [ '3.14.0' ],
3226 silly audit   'pg-protocol': [ '1.14.0' ],
3226 silly audit   'pg-types': [ '2.2.0' ],
3226 silly audit   pgpass: [ '1.0.5' ],
3226 silly audit   'pg-int8': [ '1.0.1' ],
3226 silly audit   'postgres-array': [ '2.0.0' ],
3226 silly audit   'postgres-bytea': [ '1.0.1' ],
3226 silly audit   'postgres-date': [ '1.0.7' ],
3226 silly audit   'postgres-interval': [ '1.2.0' ],
3226 silly audit   split2: [ '4.2.0' ],
3226 silly audit   xtend: [ '4.0.2' ],
3226 silly audit   '@protobufjs/aspromise': [ '1.1.2' ],
3226 silly audit   '@protobufjs/base64': [ '1.1.2' ],
3226 silly audit   '@protobufjs/codegen': [ '2.0.5' ],
3226 silly audit   '@protobufjs/eventemitter': [ '1.1.1' ],
3226 silly audit   '@protobufjs/fetch': [ '1.1.1' ],
3226 silly audit   '@protobufjs/float': [ '1.0.2' ],
3226 silly audit   '@protobufjs/inquire': [ '1.1.2' ],
3226 silly audit   '@protobufjs/path': [ '1.1.2' ],
3226 silly audit   '@protobufjs/pool': [ '1.1.0' ],
3226 silly audit   '@protobufjs/utf8': [ '1.1.1' ],
3226 silly audit   '@types/node': [ '25.9.1' ],
3226 silly audit   'undici-types': [ '7.24.6' ],
3226 silly audit   forwarded: [ '0.2.0' ],
3226 silly audit   'ipaddr.js': [ '1.9.1' ],
3226 silly audit   'http-proxy-agent': [ '7.0.2' ],
3226 silly audit   'pac-proxy-agent': [ '7.2.0' ],
3226 silly audit   'proxy-from-env': [ '1.1.0' ],
3226 silly audit   'socks-proxy-agent': [ '8.0.5' ],
3226 silly audit   '@tootallnate/quickjs-emscripten': [ '0.23.0' ],
3226 silly audit   'get-uri': [ '6.0.5' ],
3226 silly audit   'pac-resolver': [ '7.0.1' ],
3226 silly audit   'basic-ftp': [ '5.3.1' ],
3226 silly audit   'data-uri-to-buffer': [ '6.0.2', '4.0.1' ],
3226 silly audit   degenerator: [ '5.0.1' ],
3226 silly audit   netmask: [ '2.1.1' ],
3226 silly audit   'ast-types': [ '0.13.4' ],
3226 silly audit   escodegen: [ '2.1.0' ],
3226 silly audit   tslib: [ '2.8.1' ],
3226 silly audit   estraverse: [ '5.3.0' ],
3226 silly audit   esutils: [ '2.0.3' ],
3226 silly audit   'source-map': [ '0.6.1' ],
3226 silly audit   'side-channel': [ '1.1.0' ],
3226 silly audit   events: [ '3.3.0' ],
3226 silly audit   process: [ '0.11.10' ],
3226 silly audit   string_decoder: [ '1.3.0', '1.1.1' ],
3226 silly audit   onetime: [ '5.1.2' ],
3226 silly audit   'mimic-fn': [ '2.1.0' ],
3226 silly audit   'teeny-request': [ '10.1.2' ],
3226 silly audit   'shebang-regex': [ '3.0.0' ],
3226 silly audit   'object-inspect': [ '1.13.4' ],
3226 silly audit   'side-channel-list': [ '1.0.1' ],
3226 silly audit   'side-channel-map': [ '1.0.1' ],
3226 silly audit   'side-channel-weakmap': [ '1.0.2' ],
3226 silly audit   'call-bound': [ '1.0.4' ],
3226 silly audit   'unicode-emoji-modifier-base': [ '1.0.0' ],
3226 silly audit   socks: [ '2.8.9' ],
3226 silly audit   'smart-buffer': [ '4.2.0' ],
3226 silly audit   nearley: [ '2.20.1' ],
3226 silly audit   moo: [ '0.5.3' ],
3226 silly audit   'railroad-diagrams': [ '1.0.0' ],
3226 silly audit   randexp: [ '0.4.6' ],
3226 silly audit   'discontinuous-range': [ '1.0.0' ],
3226 silly audit   ret: [ '0.1.15' ],
3226 silly audit   'emoji-regex': [ '8.0.0', '9.2.2' ],
3226 silly audit   'is-fullwidth-code-point': [ '3.0.0' ],
3226 silly audit   'basic-auth-connect': [ '1.1.0' ],
3226 silly audit   compression: [ '1.8.1' ],
3226 silly audit   connect: [ '3.7.0' ],
3226 silly audit   'glob-slasher': [ '1.0.1' ],
3226 silly audit   'is-url': [ '1.2.4' ],
3226 silly audit   'join-path': [ '1.1.1' ],
3226 silly audit   re2: [ '1.24.1' ],
3226 silly audit   router: [ '2.2.0' ],
3226 silly audit   tsscmp: [ '1.0.6' ],
3226 silly audit   compressible: [ '2.0.18' ],
3226 silly audit   'glob-slash': [ '1.0.0' ],
3226 silly audit   'lodash.isobject': [ '2.4.1' ],
3226 silly audit   toxic: [ '1.0.1' ],
3226 silly audit   'as-array': [ '2.0.0' ],
3226 silly audit   'url-join': [ '0.0.1' ],
3226 silly audit   'valid-url': [ '1.0.9' ],
3226 silly audit   'lodash._objecttypes': [ '2.4.1' ],
3226 silly audit   'install-artifact-from-github': [ '1.6.0' ],
3226 silly audit   nan: [ '2.27.0' ],
3226 silly audit   'node-gyp': [ '12.3.0' ],
3226 silly audit   'env-paths': [ '2.2.1' ],
3226 silly audit   'exponential-backoff': [ '3.1.3' ],
3226 silly audit   nopt: [ '9.0.0' ],
3226 silly audit   'proc-log': [ '6.1.0' ],
3226 silly audit   tinyglobby: [ '0.2.17' ],
3226 silly audit   undici: [ '6.26.0' ],
3226 silly audit   abbrev: [ '4.0.0' ],
3226 silly audit   'is-promise': [ '4.0.0' ],
3226 silly audit   'has-flag': [ '4.0.0' ],
3226 silly audit   'supports-color': [ '7.2.0' ],
3226 silly audit   '@isaacs/fs-minipass': [ '4.0.1' ],
3226 silly audit   chownr: [ '3.0.0' ],
3226 silly audit   minizlib: [ '3.1.0' ],
3226 silly audit   yallist: [ '5.0.0' ],
3226 silly audit   b4a: [ '1.8.1' ],
3226 silly audit   'bare-fs': [ '4.7.2' ],
3226 silly audit   'fast-fifo': [ '1.3.2' ],
3226 silly audit   streamx: [ '2.26.0' ],
3226 silly audit   'bare-events': [ '2.9.1' ],
3226 silly audit   'bare-path': [ '3.0.1' ],
3226 silly audit   'bare-stream': [ '2.13.1' ],
3226 silly audit   'bare-url': [ '2.4.3' ],
3226 silly audit   'bare-os': [ '3.9.1' ],
3226 silly audit   teex: [ '1.0.1' ],
3226 silly audit   'events-universal': [ '1.0.1' ],
3226 silly audit   'text-decoder': [ '1.2.7' ],
3226 silly audit   is2: [ '2.0.9' ],
3226 silly audit   'deep-is': [ '0.1.4' ],
3226 silly audit   'ip-regex': [ '4.3.0' ],
3226 silly audit   'stream-events': [ '1.0.5' ],
3226 silly audit   stubs: [ '3.0.0' ],
3226 silly audit   thenify: [ '3.3.1' ],
3226 silly audit   fdir: [ '6.5.0' ],
3226 silly audit   'is-number': [ '7.0.0' ],
3226 silly audit   'media-typer': [ '0.3.0', '1.1.0' ],
3226 silly audit   'crypto-random-string': [ '2.0.0' ],
3226 silly audit   boxen: [ '5.1.2' ],
3226 silly audit   'has-yarn': [ '2.1.0' ],
3226 silly audit   'import-lazy': [ '2.1.0' ],
3226 silly audit   'is-ci': [ '2.0.0' ],
3226 silly audit   'is-installed-globally': [ '0.4.0' ],
3226 silly audit   'is-npm': [ '5.0.0' ],
3226 silly audit   'is-yarn-global': [ '0.3.0' ],
3226 silly audit   'isomorphic-fetch': [ '3.0.0' ],
3226 silly audit   pupa: [ '2.1.1' ],
3226 silly audit   'registry-auth-token': [ '5.1.1' ],
3226 silly audit   'registry-url': [ '5.1.0' ],
3226 silly audit   'semver-diff': [ '3.1.1' ],
3226 silly audit   'ansi-align': [ '3.0.1' ],
3226 silly audit   camelcase: [ '6.3.0' ],
3226 silly audit   'cli-boxes': [ '2.2.1' ],
3226 silly audit   'type-fest': [ '0.20.2' ],
3226 silly audit   'widest-line': [ '3.1.0' ],
3226 silly audit   'ci-info': [ '2.0.0' ],
3226 silly audit   'global-dirs': [ '3.0.1' ],
3226 silly audit   'is-path-inside': [ '3.0.3' ],
3226 silly audit   ini: [ '2.0.0', '1.3.8' ],
3226 silly audit   'whatwg-fetch': [ '3.6.20' ],
3226 silly audit   'escape-goat': [ '2.1.1' ],
3226 silly audit   '@pnpm/npm-conf': [ '3.0.2' ],
3226 silly audit   '@pnpm/config.env-replace': [ '1.1.0' ],
3226 silly audit   '@pnpm/network.ca-file': [ '1.0.2' ],
3226 silly audit   'config-chain': [ '1.1.13' ],
3226 silly audit   'proto-list': [ '1.2.4' ],
3226 silly audit   rc: [ '1.2.8' ],
3226 silly audit   'deep-extend': [ '0.6.0' ],
3226 silly audit   minimist: [ '1.2.8' ],
3226 silly audit   'strip-json-comments': [ '2.0.1' ],
3226 silly audit   defaults: [ '1.0.4' ],
3226 silly audit   clone: [ '1.0.4' ],
3226 silly audit   tr46: [ '0.0.3' ],
3226 silly audit   'webidl-conversions': [ '3.0.1' ],
3226 silly audit   isexe: [ '2.0.0', '4.0.0' ],
3226 silly audit   '@dabh/diagnostics': [ '2.0.8' ],
3226 silly audit   logform: [ '2.7.0' ],
3226 silly audit   'one-time': [ '1.0.0' ],
3226 silly audit   'safe-stable-stringify': [ '2.5.0' ],
3226 silly audit   'stack-trace': [ '0.0.10' ],
3226 silly audit   '@so-ric/colorspace': [ '1.1.6' ],
3226 silly audit   enabled: [ '2.0.0' ],
3226 silly audit   kuler: [ '2.0.0' ],
3226 silly audit   color: [ '5.0.3' ],
3226 silly audit   'text-hex': [ '1.0.0' ],
3226 silly audit   'color-convert': [ '3.1.3', '2.0.1' ],
3226 silly audit   'color-string': [ '2.1.4' ],
3226 silly audit   'color-name': [ '2.1.0', '1.1.4' ],
3226 silly audit   '@types/triple-beam': [ '1.3.5' ],
3226 silly audit   fecha: [ '4.2.3' ],
3226 silly audit   'fn.name': [ '1.1.0' ],
3226 silly audit   'ansi-styles': [ '4.3.0', '6.2.3' ],
3226 silly audit   imurmurhash: [ '0.1.4' ],
3226 silly audit   'is-typedarray': [ '1.0.0' ],
3226 silly audit   'typedarray-to-buffer': [ '3.1.5' ],
3226 silly audit   cliui: [ '8.0.1', '7.0.4' ],
3226 silly audit   escalade: [ '3.2.0' ],
3226 silly audit   'get-caller-file': [ '2.0.5' ],
3226 silly audit   'require-directory': [ '2.1.1' ],
3226 silly audit   y18n: [ '5.0.8' ],
3226 silly audit   'yargs-parser': [ '21.1.1', '20.2.9' ],
3226 silly audit   'compress-commons': [ '6.0.2' ],
3226 silly audit   'crc-32': [ '1.2.2' ],
3226 silly audit   'crc32-stream': [ '6.0.0' ],
3226 silly audit   'fetch-blob': [ '3.2.0' ],
3226 silly audit   'formdata-polyfill': [ '4.0.10' ],
3226 silly audit   'node-domexception': [ '1.0.0' ],
3226 silly audit   'web-streams-polyfill': [ '3.3.3' ],
3226 silly audit   eastasianwidth: [ '0.2.0' ],
3226 silly audit   'util-deprecate': [ '1.0.2' ],
3226 silly audit   'core-util-is': [ '1.0.3' ],
3226 silly audit   isarray: [ '1.0.0', '0.0.1' ],
3226 silly audit   'process-nextick-args': [ '2.0.1' ]
3226 silly audit }
3227 http cache isarray@https://registry.npmjs.org/isarray/-/isarray-1.0.0.tgz 0ms (cache hit)
3228 http cache core-util-is@https://registry.npmjs.org/core-util-is/-/core-util-is-1.0.3.tgz 0ms (cache hit)
3229 http cache process-nextick-args@https://registry.npmjs.org/process-nextick-args/-/process-nextick-args-2.0.1.tgz 0ms (cache hit)
3230 http cache util-deprecate@https://registry.npmjs.org/util-deprecate/-/util-deprecate-1.0.2.tgz 0ms (cache hit)
3231 http cache web-streams-polyfill@https://registry.npmjs.org/web-streams-polyfill/-/web-streams-polyfill-3.3.3.tgz 0ms (cache hit)
3232 http cache eastasianwidth@https://registry.npmjs.org/eastasianwidth/-/eastasianwidth-0.2.0.tgz 0ms (cache hit)
3233 http cache node-domexception@https://registry.npmjs.org/node-domexception/-/node-domexception-1.0.0.tgz 0ms (cache hit)
3234 http cache crc32-stream@https://registry.npmjs.org/crc32-stream/-/crc32-stream-6.0.0.tgz 0ms (cache hit)
3235 http cache crc-32@https://registry.npmjs.org/crc-32/-/crc-32-1.2.2.tgz 0ms (cache hit)
3236 http cache compress-commons@https://registry.npmjs.org/compress-commons/-/compress-commons-6.0.2.tgz 0ms (cache hit)
3237 http cache fetch-blob@https://registry.npmjs.org/fetch-blob/-/fetch-blob-3.2.0.tgz 0ms (cache hit)
3238 http cache yargs-parser@https://registry.npmjs.org/yargs-parser/-/yargs-parser-21.1.1.tgz 0ms (cache hit)
3239 http cache y18n@https://registry.npmjs.org/y18n/-/y18n-5.0.8.tgz 0ms (cache hit)
3240 http cache require-directory@https://registry.npmjs.org/require-directory/-/require-directory-2.1.1.tgz 0ms (cache hit)
3241 http cache escalade@https://registry.npmjs.org/escalade/-/escalade-3.2.0.tgz 0ms (cache hit)
3242 http cache get-caller-file@https://registry.npmjs.org/get-caller-file/-/get-caller-file-2.0.5.tgz 0ms (cache hit)
3243 http cache cliui@https://registry.npmjs.org/cliui/-/cliui-8.0.1.tgz 0ms (cache hit)
3244 http cache is-typedarray@https://registry.npmjs.org/is-typedarray/-/is-typedarray-1.0.0.tgz 0ms (cache hit)
3245 http cache typedarray-to-buffer@https://registry.npmjs.org/typedarray-to-buffer/-/typedarray-to-buffer-3.1.5.tgz 0ms (cache hit)
3246 http cache imurmurhash@https://registry.npmjs.org/imurmurhash/-/imurmurhash-0.1.4.tgz 0ms (cache hit)
3247 http cache ansi-styles@https://registry.npmjs.org/ansi-styles/-/ansi-styles-4.3.0.tgz 0ms (cache hit)
3248 http cache fn.name@https://registry.npmjs.org/fn.name/-/fn.name-1.1.0.tgz 0ms (cache hit)
3249 http cache @types/triple-beam@https://registry.npmjs.org/@types/triple-beam/-/triple-beam-1.3.5.tgz 0ms (cache hit)
3250 http cache text-hex@https://registry.npmjs.org/text-hex/-/text-hex-1.0.0.tgz 0ms (cache hit)
3251 http cache color-name@https://registry.npmjs.org/color-name/-/color-name-2.1.0.tgz 0ms (cache hit)
3252 http cache color-string@https://registry.npmjs.org/color-string/-/color-string-2.1.4.tgz 0ms (cache hit)
3253 http cache color-convert@https://registry.npmjs.org/color-convert/-/color-convert-3.1.3.tgz 0ms (cache hit)
3254 http cache color@https://registry.npmjs.org/color/-/color-5.0.3.tgz 0ms (cache hit)
3255 http cache kuler@https://registry.npmjs.org/kuler/-/kuler-2.0.0.tgz 0ms (cache hit)
3256 http cache enabled@https://registry.npmjs.org/enabled/-/enabled-2.0.0.tgz 0ms (cache hit)
3257 http cache fecha@https://registry.npmjs.org/fecha/-/fecha-4.2.3.tgz 0ms (cache hit)
3258 http cache stack-trace@https://registry.npmjs.org/stack-trace/-/stack-trace-0.0.10.tgz 0ms (cache hit)
3259 http cache safe-stable-stringify@https://registry.npmjs.org/safe-stable-stringify/-/safe-stable-stringify-2.5.0.tgz 0ms (cache hit)
3260 http cache @so-ric/colorspace@https://registry.npmjs.org/@so-ric/colorspace/-/colorspace-1.1.6.tgz 0ms (cache hit)
3261 http cache one-time@https://registry.npmjs.org/one-time/-/one-time-1.0.0.tgz 0ms (cache hit)
3262 http cache @dabh/diagnostics@https://registry.npmjs.org/@dabh/diagnostics/-/diagnostics-2.0.8.tgz 0ms (cache hit)
3263 http cache logform@https://registry.npmjs.org/logform/-/logform-2.7.0.tgz 0ms (cache hit)
3264 http cache isexe@https://registry.npmjs.org/isexe/-/isexe-2.0.0.tgz 0ms (cache hit)
3265 http cache webidl-conversions@https://registry.npmjs.org/webidl-conversions/-/webidl-conversions-3.0.1.tgz 0ms (cache hit)
3266 http cache tr46@https://registry.npmjs.org/tr46/-/tr46-0.0.3.tgz 0ms (cache hit)
3267 http cache formdata-polyfill@https://registry.npmjs.org/formdata-polyfill/-/formdata-polyfill-4.0.10.tgz 0ms (cache hit)
3268 http cache clone@https://registry.npmjs.org/clone/-/clone-1.0.4.tgz 0ms (cache hit)
3269 http cache defaults@https://registry.npmjs.org/defaults/-/defaults-1.0.4.tgz 0ms (cache hit)
3270 http cache strip-json-comments@https://registry.npmjs.org/strip-json-comments/-/strip-json-comments-2.0.1.tgz 0ms (cache hit)
3271 http cache rc@https://registry.npmjs.org/rc/-/rc-1.2.8.tgz 0ms (cache hit)
3272 http cache proto-list@https://registry.npmjs.org/proto-list/-/proto-list-1.2.4.tgz 0ms (cache hit)
3273 http cache config-chain@https://registry.npmjs.org/config-chain/-/config-chain-1.1.13.tgz 0ms (cache hit)
3274 http cache @pnpm/network.ca-file@https://registry.npmjs.org/@pnpm/network.ca-file/-/network.ca-file-1.0.2.tgz 0ms (cache hit)
3275 http cache deep-extend@https://registry.npmjs.org/deep-extend/-/deep-extend-0.6.0.tgz 0ms (cache hit)
3276 http cache @pnpm/config.env-replace@https://registry.npmjs.org/@pnpm/config.env-replace/-/config.env-replace-1.1.0.tgz 0ms (cache hit)
3277 http cache @pnpm/npm-conf@https://registry.npmjs.org/@pnpm/npm-conf/-/npm-conf-3.0.2.tgz 0ms (cache hit)
3278 http cache escape-goat@https://registry.npmjs.org/escape-goat/-/escape-goat-2.1.1.tgz 0ms (cache hit)
3279 http cache whatwg-fetch@https://registry.npmjs.org/whatwg-fetch/-/whatwg-fetch-3.6.20.tgz 0ms (cache hit)
3280 http cache ini@https://registry.npmjs.org/ini/-/ini-2.0.0.tgz 0ms (cache hit)
3281 http cache is-path-inside@https://registry.npmjs.org/is-path-inside/-/is-path-inside-3.0.3.tgz 0ms (cache hit)
3282 http cache ci-info@https://registry.npmjs.org/ci-info/-/ci-info-2.0.0.tgz 0ms (cache hit)
3283 http cache widest-line@https://registry.npmjs.org/widest-line/-/widest-line-3.1.0.tgz 0ms (cache hit)
3284 http cache global-dirs@https://registry.npmjs.org/global-dirs/-/global-dirs-3.0.1.tgz 0ms (cache hit)
3285 http cache cli-boxes@https://registry.npmjs.org/cli-boxes/-/cli-boxes-2.2.1.tgz 0ms (cache hit)
3286 http cache type-fest@https://registry.npmjs.org/type-fest/-/type-fest-0.20.2.tgz 0ms (cache hit)
3287 http cache semver-diff@https://registry.npmjs.org/semver-diff/-/semver-diff-3.1.1.tgz 0ms (cache hit)
3288 http cache camelcase@https://registry.npmjs.org/camelcase/-/camelcase-6.3.0.tgz 0ms (cache hit)
3289 http cache ansi-align@https://registry.npmjs.org/ansi-align/-/ansi-align-3.0.1.tgz 0ms (cache hit)
3290 http cache registry-auth-token@https://registry.npmjs.org/registry-auth-token/-/registry-auth-token-5.1.1.tgz 0ms (cache hit)
3291 http cache registry-url@https://registry.npmjs.org/registry-url/-/registry-url-5.1.0.tgz 0ms (cache hit)
3292 http cache isomorphic-fetch@https://registry.npmjs.org/isomorphic-fetch/-/isomorphic-fetch-3.0.0.tgz 0ms (cache hit)
3293 http cache pupa@https://registry.npmjs.org/pupa/-/pupa-2.1.1.tgz 0ms (cache hit)
3294 http cache is-yarn-global@https://registry.npmjs.org/is-yarn-global/-/is-yarn-global-0.3.0.tgz 0ms (cache hit)
3295 http cache minimist@https://registry.npmjs.org/minimist/-/minimist-1.2.8.tgz 0ms (cache hit)
3296 http cache is-npm@https://registry.npmjs.org/is-npm/-/is-npm-5.0.0.tgz 0ms (cache hit)
3297 http cache is-installed-globally@https://registry.npmjs.org/is-installed-globally/-/is-installed-globally-0.4.0.tgz 0ms (cache hit)
3298 http cache is-ci@https://registry.npmjs.org/is-ci/-/is-ci-2.0.0.tgz 0ms (cache hit)
3299 http cache has-yarn@https://registry.npmjs.org/has-yarn/-/has-yarn-2.1.0.tgz 0ms (cache hit)
3300 http cache boxen@https://registry.npmjs.org/boxen/-/boxen-5.1.2.tgz 0ms (cache hit)
3301 http cache crypto-random-string@https://registry.npmjs.org/crypto-random-string/-/crypto-random-string-2.0.0.tgz 0ms (cache hit)
3302 http cache media-typer@https://registry.npmjs.org/media-typer/-/media-typer-0.3.0.tgz 0ms (cache hit)
3303 http cache is-number@https://registry.npmjs.org/is-number/-/is-number-7.0.0.tgz 0ms (cache hit)
3304 http cache import-lazy@https://registry.npmjs.org/import-lazy/-/import-lazy-2.1.0.tgz 0ms (cache hit)
3305 http cache stubs@https://registry.npmjs.org/stubs/-/stubs-3.0.0.tgz 0ms (cache hit)
3306 http cache thenify@https://registry.npmjs.org/thenify/-/thenify-3.3.1.tgz 0ms (cache hit)
3307 http cache deep-is@https://registry.npmjs.org/deep-is/-/deep-is-0.1.4.tgz 0ms (cache hit)
3308 http cache stream-events@https://registry.npmjs.org/stream-events/-/stream-events-1.0.5.tgz 0ms (cache hit)
3309 http cache is2@https://registry.npmjs.org/is2/-/is2-2.0.9.tgz 0ms (cache hit)
3310 http cache ip-regex@https://registry.npmjs.org/ip-regex/-/ip-regex-4.3.0.tgz 0ms (cache hit)
3311 http cache text-decoder@https://registry.npmjs.org/text-decoder/-/text-decoder-1.2.7.tgz 0ms (cache hit)
3312 http cache teex@https://registry.npmjs.org/teex/-/teex-1.0.1.tgz 0ms (cache hit)
3313 http cache events-universal@https://registry.npmjs.org/events-universal/-/events-universal-1.0.1.tgz 0ms (cache hit)
3314 http cache bare-os@https://registry.npmjs.org/bare-os/-/bare-os-3.9.1.tgz 0ms (cache hit)
3315 http cache bare-stream@https://registry.npmjs.org/bare-stream/-/bare-stream-2.13.1.tgz 0ms (cache hit)
3316 http cache bare-url@https://registry.npmjs.org/bare-url/-/bare-url-2.4.3.tgz 0ms (cache hit)
3317 http cache bare-path@https://registry.npmjs.org/bare-path/-/bare-path-3.0.1.tgz 0ms (cache hit)
3318 http cache bare-events@https://registry.npmjs.org/bare-events/-/bare-events-2.9.1.tgz 0ms (cache hit)
3319 http cache fast-fifo@https://registry.npmjs.org/fast-fifo/-/fast-fifo-1.3.2.tgz 0ms (cache hit)
3320 http cache streamx@https://registry.npmjs.org/streamx/-/streamx-2.26.0.tgz 0ms (cache hit)
3321 http cache bare-fs@https://registry.npmjs.org/bare-fs/-/bare-fs-4.7.2.tgz 0ms (cache hit)
3322 http cache b4a@https://registry.npmjs.org/b4a/-/b4a-1.8.1.tgz 0ms (cache hit)
3323 http cache yallist@https://registry.npmjs.org/yallist/-/yallist-5.0.0.tgz 0ms (cache hit)
3324 http cache minizlib@https://registry.npmjs.org/minizlib/-/minizlib-3.1.0.tgz 0ms (cache hit)
3325 http cache chownr@https://registry.npmjs.org/chownr/-/chownr-3.0.0.tgz 0ms (cache hit)
3326 http cache @isaacs/fs-minipass@https://registry.npmjs.org/@isaacs/fs-minipass/-/fs-minipass-4.0.1.tgz 0ms (cache hit)
3327 http cache supports-color@https://registry.npmjs.org/supports-color/-/supports-color-7.2.0.tgz 0ms (cache hit)
3328 http cache has-flag@https://registry.npmjs.org/has-flag/-/has-flag-4.0.0.tgz 0ms (cache hit)
3329 http cache is-promise@https://registry.npmjs.org/is-promise/-/is-promise-4.0.0.tgz 0ms (cache hit)
3330 http cache abbrev@https://registry.npmjs.org/abbrev/-/abbrev-4.0.0.tgz 0ms (cache hit)
3331 http cache undici@https://registry.npmjs.org/undici/-/undici-6.26.0.tgz 0ms (cache hit)
3332 http cache tinyglobby@https://registry.npmjs.org/tinyglobby/-/tinyglobby-0.2.17.tgz 0ms (cache hit)
3333 http cache proc-log@https://registry.npmjs.org/proc-log/-/proc-log-6.1.0.tgz 0ms (cache hit)
3334 http cache nopt@https://registry.npmjs.org/nopt/-/nopt-9.0.0.tgz 0ms (cache hit)
3335 http cache exponential-backoff@https://registry.npmjs.org/exponential-backoff/-/exponential-backoff-3.1.3.tgz 0ms (cache hit)
3336 http cache env-paths@https://registry.npmjs.org/env-paths/-/env-paths-2.2.1.tgz 0ms (cache hit)
3337 http cache node-gyp@https://registry.npmjs.org/node-gyp/-/node-gyp-12.3.0.tgz 0ms (cache hit)
3338 http cache nan@https://registry.npmjs.org/nan/-/nan-2.27.0.tgz 0ms (cache hit)
3339 http cache install-artifact-from-github@https://registry.npmjs.org/install-artifact-from-github/-/install-artifact-from-github-1.6.0.tgz 0ms (cache hit)
3340 http cache lodash._objecttypes@https://registry.npmjs.org/lodash._objecttypes/-/lodash._objecttypes-2.4.1.tgz 0ms (cache hit)
3341 http cache url-join@https://registry.npmjs.org/url-join/-/url-join-0.0.1.tgz 0ms (cache hit)
3342 http cache as-array@https://registry.npmjs.org/as-array/-/as-array-2.0.0.tgz 0ms (cache hit)
3343 http cache toxic@https://registry.npmjs.org/toxic/-/toxic-1.0.1.tgz 0ms (cache hit)
3344 http cache lodash.isobject@https://registry.npmjs.org/lodash.isobject/-/lodash.isobject-2.4.1.tgz 0ms (cache hit)
3345 http cache glob-slash@https://registry.npmjs.org/glob-slash/-/glob-slash-1.0.0.tgz 0ms (cache hit)
3346 http cache compressible@https://registry.npmjs.org/compressible/-/compressible-2.0.18.tgz 0ms (cache hit)
3347 http cache tsscmp@https://registry.npmjs.org/tsscmp/-/tsscmp-1.0.6.tgz 0ms (cache hit)
3348 http cache router@https://registry.npmjs.org/router/-/router-2.2.0.tgz 0ms (cache hit)
3349 http cache re2@https://registry.npmjs.org/re2/-/re2-1.24.1.tgz 0ms (cache hit)
3350 http cache join-path@https://registry.npmjs.org/join-path/-/join-path-1.1.1.tgz 0ms (cache hit)
3351 http cache is-url@https://registry.npmjs.org/is-url/-/is-url-1.2.4.tgz 0ms (cache hit)
3352 http cache glob-slasher@https://registry.npmjs.org/glob-slasher/-/glob-slasher-1.0.1.tgz 0ms (cache hit)
3353 http cache connect@https://registry.npmjs.org/connect/-/connect-3.7.0.tgz 0ms (cache hit)
3354 http cache compression@https://registry.npmjs.org/compression/-/compression-1.8.1.tgz 0ms (cache hit)
3355 http cache basic-auth-connect@https://registry.npmjs.org/basic-auth-connect/-/basic-auth-connect-1.1.0.tgz 0ms (cache hit)
3356 http cache is-fullwidth-code-point@https://registry.npmjs.org/is-fullwidth-code-point/-/is-fullwidth-code-point-3.0.0.tgz 0ms (cache hit)
3357 http cache emoji-regex@https://registry.npmjs.org/emoji-regex/-/emoji-regex-8.0.0.tgz 0ms (cache hit)
3358 http cache ret@https://registry.npmjs.org/ret/-/ret-0.1.15.tgz 0ms (cache hit)
3359 http cache discontinuous-range@https://registry.npmjs.org/discontinuous-range/-/discontinuous-range-1.0.0.tgz 0ms (cache hit)
3360 http cache randexp@https://registry.npmjs.org/randexp/-/randexp-0.4.6.tgz 0ms (cache hit)
3361 http cache valid-url@https://registry.npmjs.org/valid-url/-/valid-url-1.0.9.tgz 0ms (cache hit)
3362 http cache nearley@https://registry.npmjs.org/nearley/-/nearley-2.20.1.tgz 0ms (cache hit)
3363 http cache moo@https://registry.npmjs.org/moo/-/moo-0.5.3.tgz 0ms (cache hit)
3364 http cache smart-buffer@https://registry.npmjs.org/smart-buffer/-/smart-buffer-4.2.0.tgz 0ms (cache hit)
3365 http cache socks@https://registry.npmjs.org/socks/-/socks-2.8.9.tgz 0ms (cache hit)
3366 http cache unicode-emoji-modifier-base@https://registry.npmjs.org/unicode-emoji-modifier-base/-/unicode-emoji-modifier-base-1.0.0.tgz 0ms (cache hit)
3367 http cache railroad-diagrams@https://registry.npmjs.org/railroad-diagrams/-/railroad-diagrams-1.0.0.tgz 0ms (cache hit)
3368 http cache call-bound@https://registry.npmjs.org/call-bound/-/call-bound-1.0.4.tgz 0ms (cache hit)
3369 http cache side-channel-weakmap@https://registry.npmjs.org/side-channel-weakmap/-/side-channel-weakmap-1.0.2.tgz 0ms (cache hit)
3370 http cache side-channel-map@https://registry.npmjs.org/side-channel-map/-/side-channel-map-1.0.1.tgz 0ms (cache hit)
3371 http cache side-channel-list@https://registry.npmjs.org/side-channel-list/-/side-channel-list-1.0.1.tgz 0ms (cache hit)
3372 http cache object-inspect@https://registry.npmjs.org/object-inspect/-/object-inspect-1.13.4.tgz 0ms (cache hit)
3373 http cache shebang-regex@https://registry.npmjs.org/shebang-regex/-/shebang-regex-3.0.0.tgz 0ms (cache hit)
3374 http cache teeny-request@https://registry.npmjs.org/teeny-request/-/teeny-request-10.1.2.tgz 0ms (cache hit)
3375 http cache mimic-fn@https://registry.npmjs.org/mimic-fn/-/mimic-fn-2.1.0.tgz 0ms (cache hit)
3376 http cache events@https://registry.npmjs.org/events/-/events-3.3.0.tgz 0ms (cache hit)
3377 http cache string_decoder@https://registry.npmjs.org/string_decoder/-/string_decoder-1.3.0.tgz 0ms (cache hit)
3378 http cache side-channel@https://registry.npmjs.org/side-channel/-/side-channel-1.1.0.tgz 0ms (cache hit)
3379 http cache source-map@https://registry.npmjs.org/source-map/-/source-map-0.6.1.tgz 0ms (cache hit)
3380 http cache onetime@https://registry.npmjs.org/onetime/-/onetime-5.1.2.tgz 0ms (cache hit)
3381 http cache process@https://registry.npmjs.org/process/-/process-0.11.10.tgz 0ms (cache hit)
3382 http cache tslib@https://registry.npmjs.org/tslib/-/tslib-2.8.1.tgz 0ms (cache hit)
3383 http cache estraverse@https://registry.npmjs.org/estraverse/-/estraverse-5.3.0.tgz 0ms (cache hit)
3384 http cache ast-types@https://registry.npmjs.org/ast-types/-/ast-types-0.13.4.tgz 0ms (cache hit)
3385 http cache escodegen@https://registry.npmjs.org/escodegen/-/escodegen-2.1.0.tgz 0ms (cache hit)
3386 http cache netmask@https://registry.npmjs.org/netmask/-/netmask-2.1.1.tgz 0ms (cache hit)
3387 http cache basic-ftp@https://registry.npmjs.org/basic-ftp/-/basic-ftp-5.3.1.tgz 0ms (cache hit)
3388 http cache pac-resolver@https://registry.npmjs.org/pac-resolver/-/pac-resolver-7.0.1.tgz 0ms (cache hit)
3389 http cache @tootallnate/quickjs-emscripten@https://registry.npmjs.org/@tootallnate/quickjs-emscripten/-/quickjs-emscripten-0.23.0.tgz 0ms (cache hit)
3390 http cache get-uri@https://registry.npmjs.org/get-uri/-/get-uri-6.0.5.tgz 0ms (cache hit)
3391 http cache socks-proxy-agent@https://registry.npmjs.org/socks-proxy-agent/-/socks-proxy-agent-8.0.5.tgz 0ms (cache hit)
3392 http cache degenerator@https://registry.npmjs.org/degenerator/-/degenerator-5.0.1.tgz 0ms (cache hit)
3393 http cache data-uri-to-buffer@https://registry.npmjs.org/data-uri-to-buffer/-/data-uri-to-buffer-6.0.2.tgz 0ms (cache hit)
3394 http cache pac-proxy-agent@https://registry.npmjs.org/pac-proxy-agent/-/pac-proxy-agent-7.2.0.tgz 0ms (cache hit)
3395 http cache proxy-from-env@https://registry.npmjs.org/proxy-from-env/-/proxy-from-env-1.1.0.tgz 0ms (cache hit)
3396 http cache http-proxy-agent@https://registry.npmjs.org/http-proxy-agent/-/http-proxy-agent-7.0.2.tgz 0ms (cache hit)
3397 http cache ipaddr.js@https://registry.npmjs.org/ipaddr.js/-/ipaddr.js-1.9.1.tgz 0ms (cache hit)
3398 http cache forwarded@https://registry.npmjs.org/forwarded/-/forwarded-0.2.0.tgz 0ms (cache hit)
3399 http cache undici-types@https://registry.npmjs.org/undici-types/-/undici-types-7.24.6.tgz 0ms (cache hit)
3400 http cache @types/node@https://registry.npmjs.org/@types/node/-/node-25.9.1.tgz 0ms (cache hit)
3401 http cache @protobufjs/utf8@https://registry.npmjs.org/@protobufjs/utf8/-/utf8-1.1.1.tgz 0ms (cache hit)
3402 http cache esutils@https://registry.npmjs.org/esutils/-/esutils-2.0.3.tgz 0ms (cache hit)
3403 http cache @protobufjs/pool@https://registry.npmjs.org/@protobufjs/pool/-/pool-1.1.0.tgz 0ms (cache hit)
3404 http cache @protobufjs/float@https://registry.npmjs.org/@protobufjs/float/-/float-1.0.2.tgz 0ms (cache hit)
3405 http cache @protobufjs/path@https://registry.npmjs.org/@protobufjs/path/-/path-1.1.2.tgz 0ms (cache hit)
3406 http cache @protobufjs/inquire@https://registry.npmjs.org/@protobufjs/inquire/-/inquire-1.1.2.tgz 0ms (cache hit)
3407 http cache @protobufjs/eventemitter@https://registry.npmjs.org/@protobufjs/eventemitter/-/eventemitter-1.1.1.tgz 0ms (cache hit)
3408 http cache @protobufjs/codegen@https://registry.npmjs.org/@protobufjs/codegen/-/codegen-2.0.5.tgz 0ms (cache hit)
3409 http cache @protobufjs/base64@https://registry.npmjs.org/@protobufjs/base64/-/base64-1.1.2.tgz 0ms (cache hit)
3410 http cache split2@https://registry.npmjs.org/split2/-/split2-4.2.0.tgz 0ms (cache hit)
3411 http cache xtend@https://registry.npmjs.org/xtend/-/xtend-4.0.2.tgz 0ms (cache hit)
3412 http cache @protobufjs/aspromise@https://registry.npmjs.org/@protobufjs/aspromise/-/aspromise-1.1.2.tgz 0ms (cache hit)
3413 http cache postgres-bytea@https://registry.npmjs.org/postgres-bytea/-/postgres-bytea-1.0.1.tgz 0ms (cache hit)
3414 http cache postgres-date@https://registry.npmjs.org/postgres-date/-/postgres-date-1.0.7.tgz 0ms (cache hit)
3415 http cache postgres-interval@https://registry.npmjs.org/postgres-interval/-/postgres-interval-1.2.0.tgz 0ms (cache hit)
3416 http cache @protobufjs/fetch@https://registry.npmjs.org/@protobufjs/fetch/-/fetch-1.1.1.tgz 0ms (cache hit)
3417 http cache postgres-array@https://registry.npmjs.org/postgres-array/-/postgres-array-2.0.0.tgz 0ms (cache hit)
3418 http cache pg-int8@https://registry.npmjs.org/pg-int8/-/pg-int8-1.0.1.tgz 0ms (cache hit)
3419 http cache pgpass@https://registry.npmjs.org/pgpass/-/pgpass-1.0.5.tgz 0ms (cache hit)
3420 http cache pg-protocol@https://registry.npmjs.org/pg-protocol/-/pg-protocol-1.14.0.tgz 0ms (cache hit)
3421 http cache pg-pool@https://registry.npmjs.org/pg-pool/-/pg-pool-3.14.0.tgz 0ms (cache hit)
3422 http cache pg-connection-string@https://registry.npmjs.org/pg-connection-string/-/pg-connection-string-2.13.0.tgz 0ms (cache hit)
3423 http cache pg-cloudflare@https://registry.npmjs.org/pg-cloudflare/-/pg-cloudflare-1.4.0.tgz 0ms (cache hit)
3424 http cache lru-cache@https://registry.npmjs.org/lru-cache/-/lru-cache-10.4.3.tgz 0ms (cache hit)
3425 http cache yocto-queue@https://registry.npmjs.org/yocto-queue/-/yocto-queue-0.1.0.tgz 0ms (cache hit)
3426 http cache restore-cursor@https://registry.npmjs.org/restore-cursor/-/restore-cursor-3.1.0.tgz 0ms (cache hit)
3427 http cache pg-types@https://registry.npmjs.org/pg-types/-/pg-types-2.2.0.tgz 0ms (cache hit)
3428 http cache ieee754@https://registry.npmjs.org/ieee754/-/ieee754-1.2.1.tgz 0ms (cache hit)
3429 http cache buffer@https://registry.npmjs.org/buffer/-/buffer-5.7.1.tgz 0ms (cache hit)
3430 http cache wcwidth@https://registry.npmjs.org/wcwidth/-/wcwidth-1.0.1.tgz 0ms (cache hit)
3431 http cache is-interactive@https://registry.npmjs.org/is-interactive/-/is-interactive-1.0.0.tgz 0ms (cache hit)
3432 http cache is-unicode-supported@https://registry.npmjs.org/is-unicode-supported/-/is-unicode-supported-0.1.0.tgz 0ms (cache hit)
3433 http cache cli-cursor@https://registry.npmjs.org/cli-cursor/-/cli-cursor-3.1.0.tgz 0ms (cache hit)
3434 http cache cli-spinners@https://registry.npmjs.org/cli-spinners/-/cli-spinners-2.9.2.tgz 0ms (cache hit)
3435 http cache is-wsl@https://registry.npmjs.org/is-wsl/-/is-wsl-1.1.0.tgz 0ms (cache hit)
3436 http cache bl@https://registry.npmjs.org/bl/-/bl-4.1.0.tgz 0ms (cache hit)
3437 http cache log-symbols@https://registry.npmjs.org/log-symbols/-/log-symbols-4.1.0.tgz 0ms (cache hit)
3438 http cache wrappy@https://registry.npmjs.org/wrappy/-/wrappy-1.0.2.tgz 0ms (cache hit)
3439 http cache ee-first@https://registry.npmjs.org/ee-first/-/ee-first-1.1.1.tgz 0ms (cache hit)
3440 http cache emojilib@https://registry.npmjs.org/emojilib/-/emojilib-2.4.0.tgz 0ms (cache hit)
3441 http cache skin-tone@https://registry.npmjs.org/skin-tone/-/skin-tone-2.0.0.tgz 0ms (cache hit)
3442 http cache whatwg-url@https://registry.npmjs.org/whatwg-url/-/whatwg-url-5.0.0.tgz 0ms (cache hit)
3443 http cache char-regex@https://registry.npmjs.org/char-regex/-/char-regex-1.0.2.tgz 0ms (cache hit)
3444 http cache @sindresorhus/is@https://registry.npmjs.org/@sindresorhus/is/-/is-4.6.0.tgz 0ms (cache hit)
3445 http cache any-promise@https://registry.npmjs.org/any-promise/-/any-promise-1.3.0.tgz 0ms (cache hit)
3446 http cache on-headers@https://registry.npmjs.org/on-headers/-/on-headers-1.1.0.tgz 0ms (cache hit)
3447 http cache basic-auth@https://registry.npmjs.org/basic-auth/-/basic-auth-2.0.1.tgz 0ms (cache hit)
3448 http cache concat-map@https://registry.npmjs.org/concat-map/-/concat-map-0.0.1.tgz 0ms (cache hit)
3449 http cache mime-db@https://registry.npmjs.org/mime-db/-/mime-db-1.52.0.tgz 0ms (cache hit)
3450 http cache thenify-all@https://registry.npmjs.org/thenify-all/-/thenify-all-1.6.0.tgz 0ms (cache hit)
3451 http cache brace-expansion@https://registry.npmjs.org/brace-expansion/-/brace-expansion-1.1.15.tgz 0ms (cache hit)
3452 http cache parse5-htmlparser2-tree-adapter@https://registry.npmjs.org/parse5-htmlparser2-tree-adapter/-/parse5-htmlparser2-tree-adapter-6.0.1.tgz 0ms (cache hit)
3453 http cache balanced-match@https://registry.npmjs.org/balanced-match/-/balanced-match-1.0.2.tgz 0ms (cache hit)
3454 http cache mz@https://registry.npmjs.org/mz/-/mz-2.7.0.tgz 0ms (cache hit)
3455 http cache highlight.js@https://registry.npmjs.org/highlight.js/-/highlight.js-10.7.3.tgz 0ms (cache hit)
3456 http cache environment@https://registry.npmjs.org/environment/-/environment-1.1.0.tgz 0ms (cache hit)
3457 http cache supports-hyperlinks@https://registry.npmjs.org/supports-hyperlinks/-/supports-hyperlinks-3.2.0.tgz 0ms (cache hit)
3458 http cache parse5@https://registry.npmjs.org/parse5/-/parse5-5.1.1.tgz 0ms (cache hit)
3459 http cache node-emoji@https://registry.npmjs.org/node-emoji/-/node-emoji-2.2.0.tgz 0ms (cache hit)
3460 http cache chalk@https://registry.npmjs.org/chalk/-/chalk-5.6.2.tgz 0ms (cache hit)
3461 http cache libsodium@https://registry.npmjs.org/libsodium/-/libsodium-0.7.16.tgz 0ms (cache hit)
3462 http cache ansi-regex@https://registry.npmjs.org/ansi-regex/-/ansi-regex-6.2.2.tgz 0ms (cache hit)
3463 http cache ansi-escapes@https://registry.npmjs.org/ansi-escapes/-/ansi-escapes-7.3.0.tgz 0ms (cache hit)
3464 http cache buffer-equal-constant-time@https://registry.npmjs.org/buffer-equal-constant-time/-/buffer-equal-constant-time-1.0.1.tgz 0ms (cache hit)
3465 http cache cli-highlight@https://registry.npmjs.org/cli-highlight/-/cli-highlight-2.1.11.tgz 0ms (cache hit)
3466 http cache lodash.isplainobject@https://registry.npmjs.org/lodash.isplainobject/-/lodash.isplainobject-4.0.6.tgz 0ms (cache hit)
3467 http cache lodash.once@https://registry.npmjs.org/lodash.once/-/lodash.once-4.1.1.tgz 0ms (cache hit)
3468 http cache lodash.isstring@https://registry.npmjs.org/lodash.isstring/-/lodash.isstring-4.0.1.tgz 0ms (cache hit)
3469 http cache jwa@https://registry.npmjs.org/jwa/-/jwa-2.0.1.tgz 0ms (cache hit)
3470 http cache lodash.isboolean@https://registry.npmjs.org/lodash.isboolean/-/lodash.isboolean-3.0.3.tgz 0ms (cache hit)
3471 http cache lodash.isinteger@https://registry.npmjs.org/lodash.isinteger/-/lodash.isinteger-4.0.4.tgz 0ms (cache hit)
3472 http cache lodash.includes@https://registry.npmjs.org/lodash.includes/-/lodash.includes-4.3.0.tgz 0ms (cache hit)
3473 http cache sprintf-js@https://registry.npmjs.org/sprintf-js/-/sprintf-js-1.0.3.tgz 0ms (cache hit)
3474 http cache bignumber.js@https://registry.npmjs.org/bignumber.js/-/bignumber.js-9.3.1.tgz 0ms (cache hit)
3475 http cache esprima@https://registry.npmjs.org/esprima/-/esprima-4.0.1.tgz 0ms (cache hit)
3476 http cache wrap-ansi-cjs@https://registry.npmjs.org/wrap-ansi/-/wrap-ansi-7.0.0.tgz 0ms (cache hit)
3477 http cache argparse@https://registry.npmjs.org/argparse/-/argparse-1.0.10.tgz 0ms (cache hit)
3478 http cache strip-ansi@https://registry.npmjs.org/strip-ansi/-/strip-ansi-7.2.0.tgz 0ms (cache hit)
3479 http cache string-width-cjs@https://registry.npmjs.org/string-width/-/string-width-4.2.3.tgz 0ms (cache hit)
3480 http cache lodash.isnumber@https://registry.npmjs.org/lodash.isnumber/-/lodash.isnumber-3.0.3.tgz 0ms (cache hit)
3481 http cache jju@https://registry.npmjs.org/jju/-/jju-1.4.0.tgz 0ms (cache hit)
3482 http cache @isaacs/cliui@https://registry.npmjs.org/@isaacs/cliui/-/cliui-8.0.2.tgz 0ms (cache hit)
3483 http cache strip-ansi-cjs@https://registry.npmjs.org/strip-ansi/-/strip-ansi-6.0.1.tgz 0ms (cache hit)
3484 http cache @pkgjs/parseargs@https://registry.npmjs.org/@pkgjs/parseargs/-/parseargs-0.11.0.tgz 0ms (cache hit)
3485 http cache agent-base@https://registry.npmjs.org/agent-base/-/agent-base-7.1.4.tgz 0ms (cache hit)
3486 http cache safer-buffer@https://registry.npmjs.org/safer-buffer/-/safer-buffer-2.1.2.tgz 0ms (cache hit)
3487 http cache is-extglob@https://registry.npmjs.org/is-extglob/-/is-extglob-2.1.1.tgz 0ms (cache hit)
3488 http cache toidentifier@https://registry.npmjs.org/toidentifier/-/toidentifier-1.0.1.tgz 0ms (cache hit)
3489 http cache url-template@https://registry.npmjs.org/url-template/-/url-template-2.0.8.tgz 0ms (cache hit)
3490 http cache end-of-stream@https://registry.npmjs.org/end-of-stream/-/end-of-stream-1.4.5.tgz 0ms (cache hit)
3491 http cache inherits@https://registry.npmjs.org/inherits/-/inherits-2.0.4.tgz 0ms (cache hit)
3492 http cache once@https://registry.npmjs.org/once/-/once-1.4.0.tgz 0ms (cache hit)
3493 http cache binary-extensions@https://registry.npmjs.org/binary-extensions/-/binary-extensions-2.3.0.tgz 0ms (cache hit)
3494 http cache stream-shift@https://registry.npmjs.org/stream-shift/-/stream-shift-1.0.3.tgz 0ms (cache hit)
3495 http cache yargs@https://registry.npmjs.org/yargs/-/yargs-17.7.2.tgz 0ms (cache hit)
3496 http cache lodash.camelcase@https://registry.npmjs.org/lodash.camelcase/-/lodash.camelcase-4.3.0.tgz 0ms (cache hit)
3497 http cache protobufjs@https://registry.npmjs.org/protobufjs/-/protobufjs-7.6.2.tgz 0ms (cache hit)
3498 http cache long@https://registry.npmjs.org/long/-/long-5.3.2.tgz 0ms (cache hit)
3499 http cache retry-request@https://registry.npmjs.org/retry-request/-/retry-request-8.0.2.tgz 0ms (cache hit)
3500 http cache @js-sdsl/ordered-map@https://registry.npmjs.org/@js-sdsl/ordered-map/-/ordered-map-4.4.2.tgz 0ms (cache hit)
3501 http cache rimraf@https://registry.npmjs.org/rimraf/-/rimraf-5.0.10.tgz 0ms (cache hit)
3502 http cache proto3-json-serializer@https://registry.npmjs.org/proto3-json-serializer/-/proto3-json-serializer-3.0.4.tgz 0ms (cache hit)
3503 http cache duplexify@https://registry.npmjs.org/duplexify/-/duplexify-4.1.3.tgz 0ms (cache hit)
3504 http cache @grpc/grpc-js@https://registry.npmjs.org/@grpc/grpc-js/-/grpc-js-1.14.4.tgz 0ms (cache hit)
3505 http cache json-bigint@https://registry.npmjs.org/json-bigint/-/json-bigint-1.0.0.tgz 0ms (cache hit)
3506 http cache @grpc/proto-loader@https://registry.npmjs.org/@grpc/proto-loader/-/proto-loader-0.8.1.tgz 0ms (cache hit)
3507 http cache object-hash@https://registry.npmjs.org/object-hash/-/object-hash-3.0.0.tgz 0ms (cache hit)
3508 http cache jws@https://registry.npmjs.org/jws/-/jws-4.0.1.tgz 0ms (cache hit)
3509 http cache gtoken@https://registry.npmjs.org/gtoken/-/gtoken-7.1.0.tgz 0ms (cache hit)
3510 http cache base64-js@https://registry.npmjs.org/base64-js/-/base64-js-1.5.1.tgz 0ms (cache hit)
3511 http cache google-logging-utils@https://registry.npmjs.org/google-logging-utils/-/google-logging-utils-0.0.2.tgz 0ms (cache hit)
3512 http cache minipass@https://registry.npmjs.org/minipass/-/minipass-7.1.3.tgz 0ms (cache hit)
3513 http cache ecdsa-sig-formatter@https://registry.npmjs.org/ecdsa-sig-formatter/-/ecdsa-sig-formatter-1.0.11.tgz 0ms (cache hit)
3514 http cache path-scurry@https://registry.npmjs.org/path-scurry/-/path-scurry-1.11.1.tgz 0ms (cache hit)
3515 http cache package-json-from-dist@https://registry.npmjs.org/package-json-from-dist/-/package-json-from-dist-1.0.1.tgz 0ms (cache hit)
3516 http cache jackspeak@https://registry.npmjs.org/jackspeak/-/jackspeak-3.4.3.tgz 0ms (cache hit)
3517 http cache foreground-child@https://registry.npmjs.org/foreground-child/-/foreground-child-3.3.1.tgz 0ms (cache hit)
3518 http cache dunder-proto@https://registry.npmjs.org/dunder-proto/-/dunder-proto-1.0.1.tgz 0ms (cache hit)
3519 http cache math-intrinsics@https://registry.npmjs.org/math-intrinsics/-/math-intrinsics-1.1.0.tgz 0ms (cache hit)
3520 http cache gopd@https://registry.npmjs.org/gopd/-/gopd-1.2.0.tgz 0ms (cache hit)
3521 http cache has-symbols@https://registry.npmjs.org/has-symbols/-/has-symbols-1.1.0.tgz 0ms (cache hit)
3522 http cache get-proto@https://registry.npmjs.org/get-proto/-/get-proto-1.0.1.tgz 0ms (cache hit)
3523 http cache gcp-metadata@https://registry.npmjs.org/gcp-metadata/-/gcp-metadata-6.1.1.tgz 0ms (cache hit)
3524 http cache function-bind@https://registry.npmjs.org/function-bind/-/function-bind-1.1.2.tgz 0ms (cache hit)
3525 http cache es-object-atoms@https://registry.npmjs.org/es-object-atoms/-/es-object-atoms-1.1.2.tgz 0ms (cache hit)
3526 http cache es-define-property@https://registry.npmjs.org/es-define-property/-/es-define-property-1.0.1.tgz 0ms (cache hit)
3527 http cache https-proxy-agent@https://registry.npmjs.org/https-proxy-agent/-/https-proxy-agent-7.0.6.tgz 0ms (cache hit)
3528 http cache universalify@https://registry.npmjs.org/universalify/-/universalify-2.0.1.tgz 0ms (cache hit)
3529 http cache jsonfile@https://registry.npmjs.org/jsonfile/-/jsonfile-6.2.1.tgz 0ms (cache hit)
3530 http cache get-intrinsic@https://registry.npmjs.org/get-intrinsic/-/get-intrinsic-1.3.0.tgz 0ms (cache hit)
3531 http cache es-errors@https://registry.npmjs.org/es-errors/-/es-errors-1.3.0.tgz 0ms (cache hit)
3532 http cache has-tostringtag@https://registry.npmjs.org/has-tostringtag/-/has-tostringtag-1.0.2.tgz 0ms (cache hit)
3533 http cache combined-stream@https://registry.npmjs.org/combined-stream/-/combined-stream-1.0.8.tgz 0ms (cache hit)
3534 http cache delayed-stream@https://registry.npmjs.org/delayed-stream/-/delayed-stream-1.0.0.tgz 0ms (cache hit)
3535 http cache es-set-tostringtag@https://registry.npmjs.org/es-set-tostringtag/-/es-set-tostringtag-2.1.0.tgz 0ms (cache hit)
3536 http cache hasown@https://registry.npmjs.org/hasown/-/hasown-2.0.4.tgz 0ms (cache hit)
3537 http cache asynckit@https://registry.npmjs.org/asynckit/-/asynckit-0.4.0.tgz 0ms (cache hit)
3538 http cache ip-address@https://registry.npmjs.org/ip-address/-/ip-address-10.2.0.tgz 0ms (cache hit)
3539 http cache to-regex-range@https://registry.npmjs.org/to-regex-range/-/to-regex-range-5.0.1.tgz 0ms (cache hit)
3540 http cache negotiator@https://registry.npmjs.org/negotiator/-/negotiator-0.6.3.tgz 0ms (cache hit)
3541 http cache mime-types@https://registry.npmjs.org/mime-types/-/mime-types-2.1.35.tgz 0ms (cache hit)
3542 http cache call-bind-apply-helpers@https://registry.npmjs.org/call-bind-apply-helpers/-/call-bind-apply-helpers-1.0.2.tgz 0ms (cache hit)
3543 http cache utils-merge@https://registry.npmjs.org/utils-merge/-/utils-merge-1.0.1.tgz 0ms (cache hit)
3544 http cache statuses@https://registry.npmjs.org/statuses/-/statuses-2.0.2.tgz 0ms (cache hit)
3545 http cache setprototypeof@https://registry.npmjs.org/setprototypeof/-/setprototypeof-1.2.0.tgz 0ms (cache hit)
3546 http cache send@https://registry.npmjs.org/send/-/send-0.19.2.tgz 0ms (cache hit)
3547 http cache safe-buffer@https://registry.npmjs.org/safe-buffer/-/safe-buffer-5.2.1.tgz 0ms (cache hit)
3548 http cache range-parser@https://registry.npmjs.org/range-parser/-/range-parser-1.2.1.tgz 0ms (cache hit)
3549 http cache proxy-addr@https://registry.npmjs.org/proxy-addr/-/proxy-addr-2.0.7.tgz 0ms (cache hit)
3550 http cache path-to-regexp@https://registry.npmjs.org/path-to-regexp/-/path-to-regexp-0.1.13.tgz 0ms (cache hit)
3551 http cache parseurl@https://registry.npmjs.org/parseurl/-/parseurl-1.3.3.tgz 0ms (cache hit)
3552 http cache serve-static@https://registry.npmjs.org/serve-static/-/serve-static-1.16.3.tgz 0ms (cache hit)
3553 http cache methods@https://registry.npmjs.org/methods/-/methods-1.1.2.tgz 0ms (cache hit)
3554 http cache fresh@https://registry.npmjs.org/fresh/-/fresh-0.5.2.tgz 0ms (cache hit)
3555 http cache merge-descriptors@https://registry.npmjs.org/merge-descriptors/-/merge-descriptors-1.0.3.tgz 0ms (cache hit)
3556 http cache etag@https://registry.npmjs.org/etag/-/etag-1.8.1.tgz 0ms (cache hit)
3557 http cache encodeurl@https://registry.npmjs.org/encodeurl/-/encodeurl-2.0.0.tgz 0ms (cache hit)
3558 http cache escape-html@https://registry.npmjs.org/escape-html/-/escape-html-1.0.3.tgz 0ms (cache hit)
3559 http cache cookie@https://registry.npmjs.org/cookie/-/cookie-0.7.2.tgz 0ms (cache hit)
3560 http cache content-disposition@https://registry.npmjs.org/content-disposition/-/content-disposition-0.5.4.tgz 0ms (cache hit)
3561 http cache cookie-signature@https://registry.npmjs.org/cookie-signature/-/cookie-signature-1.0.7.tgz 0ms (cache hit)
3562 http cache finalhandler@https://registry.npmjs.org/finalhandler/-/finalhandler-1.3.2.tgz 0ms (cache hit)
3563 http cache array-flatten@https://registry.npmjs.org/array-flatten/-/array-flatten-1.1.1.tgz 0ms (cache hit)
3564 http cache accepts@https://registry.npmjs.org/accepts/-/accepts-1.3.8.tgz 0ms (cache hit)
3565 http cache promise-breaker@https://registry.npmjs.org/promise-breaker/-/promise-breaker-6.0.0.tgz 0ms (cache hit)
3566 http cache call-me-maybe@https://registry.npmjs.org/call-me-maybe/-/call-me-maybe-1.0.2.tgz 0ms (cache hit)
3567 http cache openapi3-ts@https://registry.npmjs.org/openapi3-ts/-/openapi3-ts-3.2.0.tgz 0ms (cache hit)
3568 http cache json-ptr@https://registry.npmjs.org/json-ptr/-/json-ptr-3.1.1.tgz 0ms (cache hit)
3569 http cache @jsdevtools/ono@https://registry.npmjs.org/@jsdevtools/ono/-/ono-7.1.3.tgz 0ms (cache hit)
3570 http cache @types/json-schema@https://registry.npmjs.org/@types/json-schema/-/json-schema-7.0.15.tgz 0ms (cache hit)
3571 http cache events-listener@https://registry.npmjs.org/events-listener/-/events-listener-1.1.0.tgz 0ms (cache hit)
3572 http cache deep-freeze@https://registry.npmjs.org/deep-freeze/-/deep-freeze-0.0.1.tgz 0ms (cache hit)
3573 http cache is-obj@https://registry.npmjs.org/is-obj/-/is-obj-2.0.0.tgz 0ms (cache hit)
3574 http cache which@https://registry.npmjs.org/which/-/which-2.0.2.tgz 0ms (cache hit)
3575 http cache @apidevtools/json-schema-ref-parser@https://registry.npmjs.org/@apidevtools/json-schema-ref-parser/-/json-schema-ref-parser-9.1.2.tgz 0ms (cache hit)
3576 http cache shebang-command@https://registry.npmjs.org/shebang-command/-/shebang-command-2.0.0.tgz 0ms (cache hit)
3577 http cache ms@https://registry.npmjs.org/ms/-/ms-2.0.0.tgz 0ms (cache hit)
3578 http cache path-key@https://registry.npmjs.org/path-key/-/path-key-3.1.1.tgz 0ms (cache hit)
3579 http cache sort-any@https://registry.npmjs.org/sort-any/-/sort-any-4.0.7.tgz 0ms (cache hit)
3580 http cache object-assign@https://registry.npmjs.org/object-assign/-/object-assign-4.1.1.tgz 0ms (cache hit)
3581 http cache xdg-basedir@https://registry.npmjs.org/xdg-basedir/-/xdg-basedir-4.0.0.tgz 0ms (cache hit)
3582 http cache unique-string@https://registry.npmjs.org/unique-string/-/unique-string-2.0.0.tgz 0ms (cache hit)
3583 http cache write-file-atomic@https://registry.npmjs.org/write-file-atomic/-/write-file-atomic-3.0.3.tgz 0ms (cache hit)
3584 http cache dot-prop@https://registry.npmjs.org/dot-prop/-/dot-prop-5.3.0.tgz 0ms (cache hit)
3585 http cache make-dir@https://registry.npmjs.org/make-dir/-/make-dir-3.1.0.tgz 0ms (cache hit)
3586 http cache vary@https://registry.npmjs.org/vary/-/vary-1.1.2.tgz 0ms (cache hit)
3587 http cache string-width@https://registry.npmjs.org/string-width/-/string-width-4.2.3.tgz 0ms (cache hit)
3588 http cache json-parse-helpfulerror@https://registry.npmjs.org/json-parse-helpfulerror/-/json-parse-helpfulerror-1.0.3.tgz 0ms (cache hit)
3589 http cache fill-range@https://registry.npmjs.org/fill-range/-/fill-range-7.1.1.tgz 0ms (cache hit)
3590 http cache picomatch@https://registry.npmjs.org/picomatch/-/picomatch-2.3.2.tgz 0ms (cache hit)
3591 http cache is-glob@https://registry.npmjs.org/is-glob/-/is-glob-4.0.3.tgz 0ms (cache hit)
3592 http cache readdirp@https://registry.npmjs.org/readdirp/-/readdirp-3.6.0.tgz 0ms (cache hit)
3593 http cache @colors/colors@https://registry.npmjs.org/@colors/colors/-/colors-1.5.0.tgz 0ms (cache hit)
3594 http cache braces@https://registry.npmjs.org/braces/-/braces-3.0.3.tgz 0ms (cache hit)
3595 http cache is-binary-path@https://registry.npmjs.org/is-binary-path/-/is-binary-path-2.1.0.tgz 0ms (cache hit)
3596 http cache fsevents@https://registry.npmjs.org/fsevents/-/fsevents-2.3.3.tgz 0ms (cache hit)
3597 http cache on-finished@https://registry.npmjs.org/on-finished/-/on-finished-2.4.1.tgz 0ms (cache hit)
3598 http cache anymatch@https://registry.npmjs.org/anymatch/-/anymatch-3.1.3.tgz 0ms (cache hit)
3599 http cache type-is@https://registry.npmjs.org/type-is/-/type-is-1.6.18.tgz 0ms (cache hit)
3600 http cache unpipe@https://registry.npmjs.org/unpipe/-/unpipe-1.0.0.tgz 0ms (cache hit)
3601 http cache glob-parent@https://registry.npmjs.org/glob-parent/-/glob-parent-5.1.2.tgz 0ms (cache hit)
3602 http cache http-errors@https://registry.npmjs.org/http-errors/-/http-errors-2.0.1.tgz 0ms (cache hit)
3603 http cache destroy@https://registry.npmjs.org/destroy/-/destroy-1.2.0.tgz 0ms (cache hit)
3604 http cache qs@https://registry.npmjs.org/qs/-/qs-6.15.2.tgz 0ms (cache hit)
3605 http cache debug@https://registry.npmjs.org/debug/-/debug-2.6.9.tgz 0ms (cache hit)
3606 http cache bytes@https://registry.npmjs.org/bytes/-/bytes-3.1.2.tgz 0ms (cache hit)
3607 http cache normalize-path@https://registry.npmjs.org/normalize-path/-/normalize-path-3.0.0.tgz 0ms (cache hit)
3608 http cache lazystream@https://registry.npmjs.org/lazystream/-/lazystream-1.0.1.tgz 0ms (cache hit)
3609 http cache is-stream@https://registry.npmjs.org/is-stream/-/is-stream-2.0.1.tgz 0ms (cache hit)
3610 http cache graceful-fs@https://registry.npmjs.org/graceful-fs/-/graceful-fs-4.2.11.tgz 0ms (cache hit)
3611 http cache depd@https://registry.npmjs.org/depd/-/depd-2.0.0.tgz 0ms (cache hit)
3612 http cache readdir-glob@https://registry.npmjs.org/readdir-glob/-/readdir-glob-1.1.3.tgz 0ms (cache hit)
3613 http cache readable-stream@https://registry.npmjs.org/readable-stream/-/readable-stream-4.7.0.tgz 0ms (cache hit)
3614 http cache zip-stream@https://registry.npmjs.org/zip-stream/-/zip-stream-6.0.1.tgz 0ms (cache hit)
3615 http cache buffer-crc32@https://registry.npmjs.org/buffer-crc32/-/buffer-crc32-1.0.0.tgz 0ms (cache hit)
3616 http cache json-schema-traverse@https://registry.npmjs.org/json-schema-traverse/-/json-schema-traverse-1.0.0.tgz 0ms (cache hit)
3617 http cache async@https://registry.npmjs.org/async/-/async-3.2.6.tgz 0ms (cache hit)
3618 http cache tar-stream@https://registry.npmjs.org/tar-stream/-/tar-stream-3.2.0.tgz 0ms (cache hit)
3619 http cache fast-uri@https://registry.npmjs.org/fast-uri/-/fast-uri-3.1.2.tgz 0ms (cache hit)
3620 http cache archiver-utils@https://registry.npmjs.org/archiver-utils/-/archiver-utils-5.0.2.tgz 0ms (cache hit)
3621 http cache require-from-string@https://registry.npmjs.org/require-from-string/-/require-from-string-2.0.2.tgz 0ms (cache hit)
3622 http cache event-target-shim@https://registry.npmjs.org/event-target-shim/-/event-target-shim-5.0.1.tgz 0ms (cache hit)
3623 http cache raw-body@https://registry.npmjs.org/raw-body/-/raw-body-3.0.2.tgz 0ms (cache hit)
3624 http cache pkce-challenge@https://registry.npmjs.org/pkce-challenge/-/pkce-challenge-5.0.1.tgz 0ms (cache hit)
3625 http cache fast-deep-equal@https://registry.npmjs.org/fast-deep-equal/-/fast-deep-equal-3.1.3.tgz 0ms (cache hit)
3626 http cache json-schema-typed@https://registry.npmjs.org/json-schema-typed/-/json-schema-typed-8.0.2.tgz 0ms (cache hit)
3627 http cache eventsource-parser@https://registry.npmjs.org/eventsource-parser/-/eventsource-parser-3.1.0.tgz 0ms (cache hit)
3628 http cache content-type@https://registry.npmjs.org/content-type/-/content-type-1.0.5.tgz 0ms (cache hit)
3629 http cache eventsource@https://registry.npmjs.org/eventsource/-/eventsource-3.0.7.tgz 0ms (cache hit)
3630 http cache jose@https://registry.npmjs.org/jose/-/jose-6.2.3.tgz 0ms (cache hit)
3631 http cache hono@https://registry.npmjs.org/hono/-/hono-4.12.23.tgz 0ms (cache hit)
3632 http cache express-rate-limit@https://registry.npmjs.org/express-rate-limit/-/express-rate-limit-8.5.2.tgz 0ms (cache hit)
3633 http cache @hono/node-server@https://registry.npmjs.org/@hono/node-server/-/node-server-1.19.14.tgz 0ms (cache hit)
3634 http cache chardet@https://registry.npmjs.org/chardet/-/chardet-2.1.1.tgz 0ms (cache hit)
3635 http cache wrap-ansi@https://registry.npmjs.org/wrap-ansi/-/wrap-ansi-6.2.0.tgz 0ms (cache hit)
3636 http cache iconv-lite@https://registry.npmjs.org/iconv-lite/-/iconv-lite-0.7.2.tgz 0ms (cache hit)
3637 http cache @inquirer/external-editor@https://registry.npmjs.org/@inquirer/external-editor/-/external-editor-1.0.3.tgz 0ms (cache hit)
3638 http cache mute-stream@https://registry.npmjs.org/mute-stream/-/mute-stream-2.0.0.tgz 0ms (cache hit)
3639 http cache cli-width@https://registry.npmjs.org/cli-width/-/cli-width-4.1.0.tgz 0ms (cache hit)
3640 http cache yoctocolors-cjs@https://registry.npmjs.org/yoctocolors-cjs/-/yoctocolors-cjs-2.1.3.tgz 0ms (cache hit)
3641 http cache @inquirer/type@https://registry.npmjs.org/@inquirer/type/-/type-3.0.10.tgz 0ms (cache hit)
3642 http cache signal-exit@https://registry.npmjs.org/signal-exit/-/signal-exit-4.1.0.tgz 0ms (cache hit)
3643 http cache @inquirer/core@https://registry.npmjs.org/@inquirer/core/-/core-10.3.2.tgz 0ms (cache hit)
3644 http cache @inquirer/ansi@https://registry.npmjs.org/@inquirer/ansi/-/ansi-1.0.2.tgz 0ms (cache hit)
3645 http cache @inquirer/figures@https://registry.npmjs.org/@inquirer/figures/-/figures-1.0.15.tgz 0ms (cache hit)
3646 http cache @inquirer/search@https://registry.npmjs.org/@inquirer/search/-/search-3.2.2.tgz 0ms (cache hit)
3647 http cache @inquirer/input@https://registry.npmjs.org/@inquirer/input/-/input-4.3.1.tgz 0ms (cache hit)
3648 http cache @inquirer/rawlist@https://registry.npmjs.org/@inquirer/rawlist/-/rawlist-4.1.11.tgz 0ms (cache hit)
3649 http cache @inquirer/number@https://registry.npmjs.org/@inquirer/number/-/number-3.0.23.tgz 0ms (cache hit)
3650 http cache @inquirer/password@https://registry.npmjs.org/@inquirer/password/-/password-4.0.23.tgz 0ms (cache hit)
3651 http cache @inquirer/expand@https://registry.npmjs.org/@inquirer/expand/-/expand-4.0.23.tgz 0ms (cache hit)
3652 http cache @inquirer/select@https://registry.npmjs.org/@inquirer/select/-/select-4.4.2.tgz 0ms (cache hit)
3653 http cache @inquirer/editor@https://registry.npmjs.org/@inquirer/editor/-/editor-4.2.23.tgz 0ms (cache hit)
3654 http cache @inquirer/confirm@https://registry.npmjs.org/@inquirer/confirm/-/confirm-5.1.21.tgz 0ms (cache hit)
3655 http cache p-defer@https://registry.npmjs.org/p-defer/-/p-defer-3.0.0.tgz 0ms (cache hit)
3656 http cache lodash.snakecase@https://registry.npmjs.org/lodash.snakecase/-/lodash.snakecase-4.1.1.tgz 0ms (cache hit)
3657 http cache is-stream-ended@https://registry.npmjs.org/is-stream-ended/-/is-stream-ended-0.1.4.tgz 0ms (cache hit)
3658 http cache googleapis-common@https://registry.npmjs.org/googleapis-common/-/googleapis-common-8.0.1.tgz 0ms (cache hit)
3659 http cache @inquirer/checkbox@https://registry.npmjs.org/@inquirer/checkbox/-/checkbox-4.3.2.tgz 0ms (cache hit)
3660 http cache google-gax@https://registry.npmjs.org/google-gax/-/google-gax-5.0.6.tgz 0ms (cache hit)
3661 http cache arrify@https://registry.npmjs.org/arrify/-/arrify-2.0.1.tgz 0ms (cache hit)
3662 http cache heap-js@https://registry.npmjs.org/heap-js/-/heap-js-2.7.1.tgz 0ms (cache hit)
3663 http cache @opentelemetry/api@https://registry.npmjs.org/@opentelemetry/api/-/api-1.9.1.tgz 0ms (cache hit)
3664 http cache @opentelemetry/semantic-conventions@https://registry.npmjs.org/@opentelemetry/semantic-conventions/-/semantic-conventions-1.39.0.tgz 0ms (cache hit)
3665 http cache @opentelemetry/core@https://registry.npmjs.org/@opentelemetry/core/-/core-1.30.1.tgz 0ms (cache hit)
3666 http cache @google-cloud/projectify@https://registry.npmjs.org/@google-cloud/projectify/-/projectify-5.0.0.tgz 0ms (cache hit)
3667 http cache extend@https://registry.npmjs.org/extend/-/extend-3.0.2.tgz 0ms (cache hit)
3668 http cache @google-cloud/precise-date@https://registry.npmjs.org/@google-cloud/precise-date/-/precise-date-5.0.0.tgz 0ms (cache hit)
3669 http cache @google-cloud/promisify@https://registry.npmjs.org/@google-cloud/promisify/-/promisify-5.0.0.tgz 0ms (cache hit)
3670 http cache @google-cloud/paginator@https://registry.npmjs.org/@google-cloud/paginator/-/paginator-6.0.0.tgz 0ms (cache hit)
3671 http cache @googleapis/sqladmin@https://registry.npmjs.org/@googleapis/sqladmin/-/sqladmin-35.2.0.tgz 0ms (cache hit)
3672 http cache zod-to-json-schema@https://registry.npmjs.org/zod-to-json-schema/-/zod-to-json-schema-3.25.2.tgz 0ms (cache hit)
3673 http cache zod@https://registry.npmjs.org/zod/-/zod-3.25.76.tgz 0ms (cache hit)
3674 http cache ws@https://registry.npmjs.org/ws/-/ws-7.5.11.tgz 0ms (cache hit)
3675 http cache yaml@https://registry.npmjs.org/yaml/-/yaml-2.9.0.tgz 0ms (cache hit)
3676 http cache winston-transport@https://registry.npmjs.org/winston-transport/-/winston-transport-4.9.0.tgz 0ms (cache hit)
3677 http cache p-throttle@https://registry.npmjs.org/p-throttle/-/p-throttle-7.0.0.tgz 0ms (cache hit)
3678 http cache winston@https://registry.npmjs.org/winston/-/winston-3.19.0.tgz 0ms (cache hit)
3679 http cache uuid@https://registry.npmjs.org/uuid/-/uuid-11.1.1.tgz 0ms (cache hit)
3680 http cache update-notifier-cjs@https://registry.npmjs.org/update-notifier-cjs/-/update-notifier-cjs-5.1.7.tgz 0ms (cache hit)
3681 http cache tmp@https://registry.npmjs.org/tmp/-/tmp-0.2.7.tgz 0ms (cache hit)
3682 http cache tcp-port-used@https://registry.npmjs.org/tcp-port-used/-/tcp-port-used-1.0.2.tgz 0ms (cache hit)
3683 http cache triple-beam@https://registry.npmjs.org/triple-beam/-/triple-beam-1.4.1.tgz 0ms (cache hit)
3684 http cache tar@https://registry.npmjs.org/tar/-/tar-7.5.16.tgz 0ms (cache hit)
3685 http cache superstatic@https://registry.npmjs.org/superstatic/-/superstatic-10.0.0.tgz 0ms (cache hit)
3686 http cache universal-analytics@https://registry.npmjs.org/universal-analytics/-/universal-analytics-0.5.4.tgz 0ms (cache hit)
3687 http cache stream-json@https://registry.npmjs.org/stream-json/-/stream-json-1.9.1.tgz 0ms (cache hit)
3688 http cache stream-chain@https://registry.npmjs.org/stream-chain/-/stream-chain-2.2.5.tgz 0ms (cache hit)
3689 http cache sql-formatter@https://registry.npmjs.org/sql-formatter/-/sql-formatter-15.8.0.tgz 0ms (cache hit)
3690 http cache semver@https://registry.npmjs.org/semver/-/semver-7.8.1.tgz 0ms (cache hit)
3691 http cache proxy-agent@https://registry.npmjs.org/proxy-agent/-/proxy-agent-6.5.0.tgz 0ms (cache hit)
3692 http cache progress@https://registry.npmjs.org/progress/-/progress-2.0.3.tgz 0ms (cache hit)
3693 http cache pglite-2@https://registry.npmjs.org/@electric-sql/pglite/-/pglite-0.2.17.tgz 0ms (cache hit)
3694 http cache portfinder@https://registry.npmjs.org/portfinder/-/portfinder-1.0.38.tgz 0ms (cache hit)
3695 http cache ora@https://registry.npmjs.org/ora/-/ora-5.4.1.tgz 0ms (cache hit)
3696 http cache retry@https://registry.npmjs.org/retry/-/retry-0.13.1.tgz 0ms (cache hit)
3697 http cache p-limit@https://registry.npmjs.org/p-limit/-/p-limit-3.1.0.tgz 0ms (cache hit)
3698 http cache pg-gateway@https://registry.npmjs.org/pg-gateway/-/pg-gateway-0.3.0-beta.4.tgz 0ms (cache hit)
3699 http cache pg@https://registry.npmjs.org/pg/-/pg-8.21.0.tgz 0ms (cache hit)
3700 http cache open@https://registry.npmjs.org/open/-/open-6.4.0.tgz 0ms (cache hit)
3701 http cache morgan@https://registry.npmjs.org/morgan/-/morgan-1.11.0.tgz 0ms (cache hit)
3702 http cache minimatch@https://registry.npmjs.org/minimatch/-/minimatch-3.1.5.tgz 0ms (cache hit)
3703 http cache marked@https://registry.npmjs.org/marked/-/marked-13.0.3.tgz 0ms (cache hit)
3704 http cache marked-terminal@https://registry.npmjs.org/marked-terminal/-/marked-terminal-7.3.0.tgz 0ms (cache hit)
3705 http cache lsofi@https://registry.npmjs.org/lsofi/-/lsofi-2.0.0.tgz 0ms (cache hit)
3706 http cache mime@https://registry.npmjs.org/mime/-/mime-2.6.0.tgz 0ms (cache hit)
3707 http cache libsodium-wrappers@https://registry.npmjs.org/libsodium-wrappers/-/libsodium-wrappers-0.7.16.tgz 0ms (cache hit)
3708 http cache lodash@https://registry.npmjs.org/lodash/-/lodash-4.18.1.tgz 0ms (cache hit)
3709 http cache leven@https://registry.npmjs.org/leven/-/leven-3.1.0.tgz 0ms (cache hit)
3710 http cache jsonwebtoken@https://registry.npmjs.org/jsonwebtoken/-/jsonwebtoken-9.0.3.tgz 0ms (cache hit)
3711 http cache js-yaml@https://registry.npmjs.org/js-yaml/-/js-yaml-3.14.2.tgz 0ms (cache hit)
3712 http cache ignore@https://registry.npmjs.org/ignore/-/ignore-7.0.5.tgz 0ms (cache hit)
3713 http cache google-auth-library@https://registry.npmjs.org/google-auth-library/-/google-auth-library-9.15.1.tgz 0ms (cache hit)
3714 http cache fuzzy@https://registry.npmjs.org/fuzzy/-/fuzzy-0.1.3.tgz 0ms (cache hit)
3715 http cache gaxios@https://registry.npmjs.org/gaxios/-/gaxios-6.7.1.tgz 0ms (cache hit)
3716 http cache fs-extra@https://registry.npmjs.org/fs-extra/-/fs-extra-10.1.0.tgz 0ms (cache hit)
3717 http cache glob@https://registry.npmjs.org/glob/-/glob-10.5.0.tgz 0ms (cache hit)
3718 http cache form-data@https://registry.npmjs.org/form-data/-/form-data-4.0.5.tgz 0ms (cache hit)
3719 http cache node-fetch@https://registry.npmjs.org/node-fetch/-/node-fetch-2.7.0.tgz 0ms (cache hit)
3720 http cache filesize@https://registry.npmjs.org/filesize/-/filesize-6.4.0.tgz 0ms (cache hit)
3721 http cache express@https://registry.npmjs.org/express/-/express-4.22.2.tgz 0ms (cache hit)
3722 http cache csv-parse@https://registry.npmjs.org/csv-parse/-/csv-parse-5.6.0.tgz 0ms (cache hit)
3723 http cache exegesis-express@https://registry.npmjs.org/exegesis-express/-/exegesis-express-4.0.0.tgz 0ms (cache hit)
3724 http cache exegesis@https://registry.npmjs.org/exegesis/-/exegesis-4.3.0.tgz 0ms (cache hit)
3725 http cache cross-spawn@https://registry.npmjs.org/cross-spawn/-/cross-spawn-7.0.6.tgz 0ms (cache hit)
3726 http cache cross-env@https://registry.npmjs.org/cross-env/-/cross-env-7.0.3.tgz 0ms (cache hit)
3727 http cache cors@https://registry.npmjs.org/cors/-/cors-2.8.6.tgz 0ms (cache hit)
3728 http cache configstore@https://registry.npmjs.org/configstore/-/configstore-5.0.1.tgz 0ms (cache hit)
3729 http cache deep-equal-in-any-order@https://registry.npmjs.org/deep-equal-in-any-order/-/deep-equal-in-any-order-2.2.0.tgz 0ms (cache hit)
3730 http cache colorette@https://registry.npmjs.org/colorette/-/colorette-2.0.20.tgz 0ms (cache hit)
3731 http cache cjson@https://registry.npmjs.org/cjson/-/cjson-0.3.3.tgz 0ms (cache hit)
3732 http cache body-parser@https://registry.npmjs.org/body-parser/-/body-parser-1.20.5.tgz 0ms (cache hit)
3733 http cache commander@https://registry.npmjs.org/commander/-/commander-5.1.0.tgz 0ms (cache hit)
3734 http cache chokidar@https://registry.npmjs.org/chokidar/-/chokidar-3.6.0.tgz 0ms (cache hit)
3735 http cache archiver@https://registry.npmjs.org/archiver/-/archiver-7.0.1.tgz 0ms (cache hit)
3736 http cache cli-table3@https://registry.npmjs.org/cli-table3/-/cli-table3-0.6.5.tgz 1ms (cache hit)
3737 http cache ajv-formats@https://registry.npmjs.org/ajv-formats/-/ajv-formats-3.0.1.tgz 0ms (cache hit)
3738 http cache ajv@https://registry.npmjs.org/ajv/-/ajv-8.20.0.tgz 0ms (cache hit)
3739 http cache async-lock@https://registry.npmjs.org/async-lock/-/async-lock-1.4.1.tgz 0ms (cache hit)
3740 http cache abort-controller@https://registry.npmjs.org/abort-controller/-/abort-controller-3.0.0.tgz 0ms (cache hit)
3741 http cache @modelcontextprotocol/sdk@https://registry.npmjs.org/@modelcontextprotocol/sdk/-/sdk-1.29.0.tgz 0ms (cache hit)
3742 http cache @inquirer/prompts@https://registry.npmjs.org/@inquirer/prompts/-/prompts-7.10.1.tgz 0ms (cache hit)
3743 http cache @google-cloud/cloud-sql-connector@https://registry.npmjs.org/@google-cloud/cloud-sql-connector/-/cloud-sql-connector-1.11.1.tgz 0ms (cache hit)
3744 http cache @electric-sql/pglite-tools@https://registry.npmjs.org/@electric-sql/pglite-tools/-/pglite-tools-0.2.21.tgz 0ms (cache hit)
3745 http cache @apphosting/common@https://registry.npmjs.org/@apphosting/common/-/common-0.0.8.tgz 0ms (cache hit)
3746 http cache firebase-tools@https://registry.npmjs.org/firebase-tools/-/firebase-tools-15.19.1.tgz 0ms (cache hit)
3747 http cache @google-cloud/pubsub@https://registry.npmjs.org/@google-cloud/pubsub/-/pubsub-5.3.0.tgz 0ms (cache hit)
3748 http cache ansi-regex@https://registry.npmjs.org/ansi-regex/-/ansi-regex-5.0.1.tgz 0ms (cache hit)
3749 http cache wrap-ansi@https://registry.npmjs.org/wrap-ansi/-/wrap-ansi-7.0.0.tgz 0ms (cache hit)
3750 http cache color-name@https://registry.npmjs.org/color-name/-/color-name-1.1.4.tgz 0ms (cache hit)
3751 http cache @electric-sql/pglite@https://registry.npmjs.org/@electric-sql/pglite/-/pglite-0.3.16.tgz 0ms (cache hit)
3752 http cache strip-ansi@https://registry.npmjs.org/strip-ansi/-/strip-ansi-6.0.1.tgz 0ms (cache hit)
3753 http cache ms@https://registry.npmjs.org/ms/-/ms-2.1.3.tgz 0ms (cache hit)
3754 http cache @colors/colors@https://registry.npmjs.org/@colors/colors/-/colors-1.6.0.tgz 0ms (cache hit)
3755 http cache ini@https://registry.npmjs.org/ini/-/ini-1.3.8.tgz 0ms (cache hit)
3756 http cache color-convert@https://registry.npmjs.org/color-convert/-/color-convert-2.0.1.tgz 0ms (cache hit)
3757 http cache semver@https://registry.npmjs.org/semver/-/semver-6.3.1.tgz 0ms (cache hit)
3758 http cache wrap-ansi@https://registry.npmjs.org/wrap-ansi/-/wrap-ansi-7.0.0.tgz 0ms (cache hit)
3759 http cache graceful-fs@https://registry.npmjs.org/graceful-fs/-/graceful-fs-4.2.10.tgz 0ms (cache hit)
3760 http cache ini@https://registry.npmjs.org/ini/-/ini-1.3.8.tgz 0ms (cache hit)
3761 http cache strip-ansi@https://registry.npmjs.org/strip-ansi/-/strip-ansi-6.0.1.tgz 0ms (cache hit)
3762 http cache ansi-regex@https://registry.npmjs.org/ansi-regex/-/ansi-regex-5.0.1.tgz 0ms (cache hit)
3763 http cache chalk@https://registry.npmjs.org/chalk/-/chalk-4.1.2.tgz 0ms (cache hit)
3764 http cache isexe@https://registry.npmjs.org/isexe/-/isexe-4.0.0.tgz 0ms (cache hit)
3765 http cache fdir@https://registry.npmjs.org/fdir/-/fdir-6.5.0.tgz 0ms (cache hit)
3766 http cache debug@https://registry.npmjs.org/debug/-/debug-4.4.3.tgz 0ms (cache hit)
3767 http cache path-to-regexp@https://registry.npmjs.org/path-to-regexp/-/path-to-regexp-8.4.2.tgz 0ms (cache hit)
3768 http cache which@https://registry.npmjs.org/which/-/which-6.0.1.tgz 0ms (cache hit)
3769 http cache picomatch@https://registry.npmjs.org/picomatch/-/picomatch-4.0.4.tgz 0ms (cache hit)
3770 http cache ms@https://registry.npmjs.org/ms/-/ms-2.1.3.tgz 0ms (cache hit)
3771 http cache on-finished@https://registry.npmjs.org/on-finished/-/on-finished-2.3.0.tgz 0ms (cache hit)
3772 http cache encodeurl@https://registry.npmjs.org/encodeurl/-/encodeurl-1.0.2.tgz 0ms (cache hit)
3773 http cache negotiator@https://registry.npmjs.org/negotiator/-/negotiator-0.6.4.tgz 0ms (cache hit)
3774 http cache commander@https://registry.npmjs.org/commander/-/commander-2.20.3.tgz 0ms (cache hit)
3775 http cache data-uri-to-buffer@https://registry.npmjs.org/data-uri-to-buffer/-/data-uri-to-buffer-4.0.1.tgz 0ms (cache hit)
3776 http cache finalhandler@https://registry.npmjs.org/finalhandler/-/finalhandler-1.1.2.tgz 0ms (cache hit)
3777 http cache ms@https://registry.npmjs.org/ms/-/ms-2.1.3.tgz 0ms (cache hit)
3778 http cache node-fetch@https://registry.npmjs.org/node-fetch/-/node-fetch-3.3.2.tgz 0ms (cache hit)
3779 http cache statuses@https://registry.npmjs.org/statuses/-/statuses-1.5.0.tgz 0ms (cache hit)
3780 http cache debug@https://registry.npmjs.org/debug/-/debug-4.4.3.tgz 0ms (cache hit)
3781 http cache debug@https://registry.npmjs.org/debug/-/debug-4.4.3.tgz 0ms (cache hit)
3782 http cache ms@https://registry.npmjs.org/ms/-/ms-2.1.3.tgz 0ms (cache hit)
3783 http cache ms@https://registry.npmjs.org/ms/-/ms-2.1.3.tgz 0ms (cache hit)
3784 http cache debug@https://registry.npmjs.org/debug/-/debug-4.4.3.tgz 0ms (cache hit)
3785 http cache signal-exit@https://registry.npmjs.org/signal-exit/-/signal-exit-3.0.7.tgz 0ms (cache hit)
3786 http cache debug@https://registry.npmjs.org/debug/-/debug-4.4.3.tgz 0ms (cache hit)
3787 http cache ms@https://registry.npmjs.org/ms/-/ms-2.1.3.tgz 0ms (cache hit)
3788 http cache chalk@https://registry.npmjs.org/chalk/-/chalk-4.1.2.tgz 0ms (cache hit)
3789 http cache ansi-regex@https://registry.npmjs.org/ansi-regex/-/ansi-regex-5.0.1.tgz 0ms (cache hit)
3790 http cache safe-buffer@https://registry.npmjs.org/safe-buffer/-/safe-buffer-5.1.2.tgz 0ms (cache hit)
3791 http cache wrap-ansi@https://registry.npmjs.org/wrap-ansi/-/wrap-ansi-7.0.0.tgz 0ms (cache hit)
3792 http cache parse5@https://registry.npmjs.org/parse5/-/parse5-6.0.1.tgz 0ms (cache hit)
3793 http cache strip-ansi@https://registry.npmjs.org/strip-ansi/-/strip-ansi-6.0.1.tgz 0ms (cache hit)
3794 http cache yargs@https://registry.npmjs.org/yargs/-/yargs-16.2.0.tgz 0ms (cache hit)
3795 http cache yargs-parser@https://registry.npmjs.org/yargs-parser/-/yargs-parser-20.2.9.tgz 0ms (cache hit)
3796 http cache chalk@https://registry.npmjs.org/chalk/-/chalk-4.1.2.tgz 0ms (cache hit)
3797 http cache readable-stream@https://registry.npmjs.org/readable-stream/-/readable-stream-3.6.2.tgz 0ms (cache hit)
3798 http cache ansi-regex@https://registry.npmjs.org/ansi-regex/-/ansi-regex-5.0.1.tgz 0ms (cache hit)
3799 http cache cliui@https://registry.npmjs.org/cliui/-/cliui-7.0.4.tgz 0ms (cache hit)
3800 http cache strip-ansi@https://registry.npmjs.org/strip-ansi/-/strip-ansi-6.0.1.tgz 0ms (cache hit)
3801 http cache ansi-regex@https://registry.npmjs.org/ansi-regex/-/ansi-regex-5.0.1.tgz 0ms (cache hit)
3802 http cache ansi-regex@https://registry.npmjs.org/ansi-regex/-/ansi-regex-5.0.1.tgz 0ms (cache hit)
3803 http cache strip-ansi@https://registry.npmjs.org/strip-ansi/-/strip-ansi-6.0.1.tgz 0ms (cache hit)
3804 http cache wrap-ansi@https://registry.npmjs.org/wrap-ansi/-/wrap-ansi-8.1.0.tgz 0ms (cache hit)
3805 http cache debug@https://registry.npmjs.org/debug/-/debug-4.4.3.tgz 0ms (cache hit)
3806 http cache ansi-styles@https://registry.npmjs.org/ansi-styles/-/ansi-styles-6.2.3.tgz 0ms (cache hit)
3807 http cache ms@https://registry.npmjs.org/ms/-/ms-2.1.3.tgz 0ms (cache hit)
3808 http cache readable-stream@https://registry.npmjs.org/readable-stream/-/readable-stream-3.6.2.tgz 0ms (cache hit)
3809 http cache mime@https://registry.npmjs.org/mime/-/mime-1.6.0.tgz 0ms (cache hit)
3810 http cache string-width@https://registry.npmjs.org/string-width/-/string-width-5.1.2.tgz 0ms (cache hit)
3811 http cache emoji-regex@https://registry.npmjs.org/emoji-regex/-/emoji-regex-9.2.2.tgz 0ms (cache hit)
3812 http cache ms@https://registry.npmjs.org/ms/-/ms-2.1.3.tgz 0ms (cache hit)
3813 http cache argparse@https://registry.npmjs.org/argparse/-/argparse-2.0.1.tgz 0ms (cache hit)
3814 http cache js-yaml@https://registry.npmjs.org/js-yaml/-/js-yaml-4.2.0.tgz 0ms (cache hit)
3815 http cache ansi-regex@https://registry.npmjs.org/ansi-regex/-/ansi-regex-5.0.1.tgz 0ms (cache hit)
3816 http cache readable-stream@https://registry.npmjs.org/readable-stream/-/readable-stream-2.3.8.tgz 0ms (cache hit)
3817 http cache semver@https://registry.npmjs.org/semver/-/semver-6.3.1.tgz 0ms (cache hit)
3818 http cache signal-exit@https://registry.npmjs.org/signal-exit/-/signal-exit-3.0.7.tgz 0ms (cache hit)
3819 http cache safe-buffer@https://registry.npmjs.org/safe-buffer/-/safe-buffer-5.1.2.tgz 0ms (cache hit)
3820 http cache string_decoder@https://registry.npmjs.org/string_decoder/-/string_decoder-1.1.1.tgz 0ms (cache hit)
3821 http cache buffer@https://registry.npmjs.org/buffer/-/buffer-6.0.3.tgz 0ms (cache hit)
3822 http cache strip-ansi@https://registry.npmjs.org/strip-ansi/-/strip-ansi-6.0.1.tgz 0ms (cache hit)
3823 http cache ansi-regex@https://registry.npmjs.org/ansi-regex/-/ansi-regex-5.0.1.tgz 0ms (cache hit)
3824 http cache brace-expansion@https://registry.npmjs.org/brace-expansion/-/brace-expansion-2.1.1.tgz 0ms (cache hit)
3825 http cache minimatch@https://registry.npmjs.org/minimatch/-/minimatch-5.1.9.tgz 0ms (cache hit)
3826 http cache data-uri-to-buffer@https://registry.npmjs.org/data-uri-to-buffer/-/data-uri-to-buffer-4.0.1.tgz 0ms (cache hit)
3827 http cache strip-ansi@https://registry.npmjs.org/strip-ansi/-/strip-ansi-6.0.1.tgz 0ms (cache hit)
3828 http cache google-logging-utils@https://registry.npmjs.org/google-logging-utils/-/google-logging-utils-1.1.3.tgz 0ms (cache hit)
3829 http cache node-fetch@https://registry.npmjs.org/node-fetch/-/node-fetch-3.3.2.tgz 0ms (cache hit)
3830 http cache google-auth-library@https://registry.npmjs.org/google-auth-library/-/google-auth-library-10.6.2.tgz 0ms (cache hit)
3831 http cache gcp-metadata@https://registry.npmjs.org/gcp-metadata/-/gcp-metadata-8.1.2.tgz 0ms (cache hit)
3832 http cache gaxios@https://registry.npmjs.org/gaxios/-/gaxios-7.1.4.tgz 0ms (cache hit)
3833 http cache gcp-metadata@https://registry.npmjs.org/gcp-metadata/-/gcp-metadata-8.1.2.tgz 0ms (cache hit)
3834 http cache data-uri-to-buffer@https://registry.npmjs.org/data-uri-to-buffer/-/data-uri-to-buffer-4.0.1.tgz 0ms (cache hit)
3835 http cache node-fetch@https://registry.npmjs.org/node-fetch/-/node-fetch-3.3.2.tgz 0ms (cache hit)
3836 http cache google-auth-library@https://registry.npmjs.org/google-auth-library/-/google-auth-library-10.6.2.tgz 0ms (cache hit)
3837 http cache google-logging-utils@https://registry.npmjs.org/google-logging-utils/-/google-logging-utils-1.1.3.tgz 0ms (cache hit)
3838 http cache @opentelemetry/semantic-conventions@https://registry.npmjs.org/@opentelemetry/semantic-conventions/-/semantic-conventions-1.28.0.tgz 0ms (cache hit)
3839 http cache gaxios@https://registry.npmjs.org/gaxios/-/gaxios-7.1.4.tgz 0ms (cache hit)
3840 http cache @colors/colors@https://registry.npmjs.org/@colors/colors/-/colors-1.6.0.tgz 0ms (cache hit)
3841 http cache chalk@https://registry.npmjs.org/chalk/-/chalk-4.1.2.tgz 0ms (cache hit)
3842 http cache ms@https://registry.npmjs.org/ms/-/ms-2.1.3.tgz 0ms (cache hit)
3843 http cache readable-stream@https://registry.npmjs.org/readable-stream/-/readable-stream-3.6.2.tgz 0ms (cache hit)
3844 http cache readable-stream@https://registry.npmjs.org/readable-stream/-/readable-stream-3.6.2.tgz 0ms (cache hit)
3845 http cache uuid@https://registry.npmjs.org/uuid/-/uuid-14.0.0.tgz 0ms (cache hit)
3846 http cache ms@https://registry.npmjs.org/ms/-/ms-2.1.2.tgz 0ms (cache hit)
3847 http cache debug@https://registry.npmjs.org/debug/-/debug-4.4.3.tgz 0ms (cache hit)
3848 http cache path-to-regexp@https://registry.npmjs.org/path-to-regexp/-/path-to-regexp-1.9.0.tgz 0ms (cache hit)
3849 http cache isarray@https://registry.npmjs.org/isarray/-/isarray-0.0.1.tgz 0ms (cache hit)
3850 http cache minimatch@https://registry.npmjs.org/minimatch/-/minimatch-6.2.3.tgz 0ms (cache hit)
3851 http cache debug@https://registry.npmjs.org/debug/-/debug-4.3.1.tgz 0ms (cache hit)
3852 http cache brace-expansion@https://registry.npmjs.org/brace-expansion/-/brace-expansion-2.1.1.tgz 0ms (cache hit)
3853 http cache commander@https://registry.npmjs.org/commander/-/commander-10.0.1.tgz 0ms (cache hit)
3854 http cache ms@https://registry.npmjs.org/ms/-/ms-2.1.3.tgz 0ms (cache hit)
3855 http cache argparse@https://registry.npmjs.org/argparse/-/argparse-2.0.1.tgz 0ms (cache hit)
3856 http cache ms@https://registry.npmjs.org/ms/-/ms-2.1.3.tgz 0ms (cache hit)
3857 http cache debug@https://registry.npmjs.org/debug/-/debug-4.4.3.tgz 0ms (cache hit)
3858 http cache lru-cache@https://registry.npmjs.org/lru-cache/-/lru-cache-7.18.3.tgz 0ms (cache hit)
3859 http cache chalk@https://registry.npmjs.org/chalk/-/chalk-4.1.2.tgz 0ms (cache hit)
3860 http cache ansi-regex@https://registry.npmjs.org/ansi-regex/-/ansi-regex-5.0.1.tgz 0ms (cache hit)
3861 http cache strip-ansi@https://registry.npmjs.org/strip-ansi/-/strip-ansi-6.0.1.tgz 0ms (cache hit)
3862 http cache brace-expansion@https://registry.npmjs.org/brace-expansion/-/brace-expansion-2.1.1.tgz 0ms (cache hit)
3863 http cache minimatch@https://registry.npmjs.org/minimatch/-/minimatch-9.0.9.tgz 0ms (cache hit)
3864 http cache debug@https://registry.npmjs.org/debug/-/debug-4.4.3.tgz 0ms (cache hit)
3865 http cache uuid@https://registry.npmjs.org/uuid/-/uuid-9.0.1.tgz 0ms (cache hit)
3866 http cache ms@https://registry.npmjs.org/ms/-/ms-2.1.3.tgz 0ms (cache hit)
3867 http cache raw-body@https://registry.npmjs.org/raw-body/-/raw-body-2.5.3.tgz 0ms (cache hit)
3868 http cache media-typer@https://registry.npmjs.org/media-typer/-/media-typer-1.1.0.tgz 0ms (cache hit)
3869 http cache iconv-lite@https://registry.npmjs.org/iconv-lite/-/iconv-lite-0.4.24.tgz 0ms (cache hit)
3870 http cache iconv-lite@https://registry.npmjs.org/iconv-lite/-/iconv-lite-0.4.24.tgz 0ms (cache hit)
3871 http cache ms@https://registry.npmjs.org/ms/-/ms-2.1.3.tgz 0ms (cache hit)
3872 http cache ajv-formats@https://registry.npmjs.org/ajv-formats/-/ajv-formats-2.1.1.tgz 0ms (cache hit)
3873 http cache negotiator@https://registry.npmjs.org/negotiator/-/negotiator-1.0.0.tgz 0ms (cache hit)
3874 http cache raw-body@https://registry.npmjs.org/raw-body/-/raw-body-2.5.3.tgz 0ms (cache hit)
3875 http cache serve-static@https://registry.npmjs.org/serve-static/-/serve-static-2.2.1.tgz 0ms (cache hit)
3876 http cache mime-db@https://registry.npmjs.org/mime-db/-/mime-db-1.54.0.tgz 0ms (cache hit)
3877 http cache content-type@https://registry.npmjs.org/content-type/-/content-type-2.0.0.tgz 0ms (cache hit)
3878 http cache send@https://registry.npmjs.org/send/-/send-1.2.1.tgz 0ms (cache hit)
3879 http cache mime-types@https://registry.npmjs.org/mime-types/-/mime-types-3.0.2.tgz 0ms (cache hit)
3880 http cache finalhandler@https://registry.npmjs.org/finalhandler/-/finalhandler-2.1.1.tgz 0ms (cache hit)
3881 http cache debug@https://registry.npmjs.org/debug/-/debug-4.4.3.tgz 0ms (cache hit)
3882 http cache type-is@https://registry.npmjs.org/type-is/-/type-is-2.1.0.tgz 0ms (cache hit)
3883 http cache fresh@https://registry.npmjs.org/fresh/-/fresh-2.0.0.tgz 0ms (cache hit)
3884 http cache merge-descriptors@https://registry.npmjs.org/merge-descriptors/-/merge-descriptors-2.0.0.tgz 0ms (cache hit)
3885 http cache cookie-signature@https://registry.npmjs.org/cookie-signature/-/cookie-signature-1.2.2.tgz 0ms (cache hit)
3886 http cache content-disposition@https://registry.npmjs.org/content-disposition/-/content-disposition-1.1.0.tgz 0ms (cache hit)
3887 http cache express@https://registry.npmjs.org/express/-/express-5.2.1.tgz 0ms (cache hit)
3888 http cache node-fetch@https://registry.npmjs.org/node-fetch/-/node-fetch-3.3.2.tgz 0ms (cache hit)
3889 http cache body-parser@https://registry.npmjs.org/body-parser/-/body-parser-2.2.2.tgz 0ms (cache hit)
3890 http cache accepts@https://registry.npmjs.org/accepts/-/accepts-2.0.0.tgz 0ms (cache hit)
3891 http cache data-uri-to-buffer@https://registry.npmjs.org/data-uri-to-buffer/-/data-uri-to-buffer-4.0.1.tgz 0ms (cache hit)
3892 http cache gaxios@https://registry.npmjs.org/gaxios/-/gaxios-7.1.4.tgz 0ms (cache hit)
3893 http cache gcp-metadata@https://registry.npmjs.org/gcp-metadata/-/gcp-metadata-8.1.2.tgz 0ms (cache hit)
3894 http cache google-auth-library@https://registry.npmjs.org/google-auth-library/-/google-auth-library-10.6.2.tgz 0ms (cache hit)
3895 http cache google-logging-utils@https://registry.npmjs.org/google-logging-utils/-/google-logging-utils-1.1.3.tgz 0ms (cache hit)
3896 http cache node-fetch@https://registry.npmjs.org/node-fetch/-/node-fetch-3.3.2.tgz 0ms (cache hit)
3897 http cache gcp-metadata@https://registry.npmjs.org/gcp-metadata/-/gcp-metadata-8.1.2.tgz 0ms (cache hit)
3898 http cache google-auth-library@https://registry.npmjs.org/google-auth-library/-/google-auth-library-10.6.2.tgz 0ms (cache hit)
3899 http cache data-uri-to-buffer@https://registry.npmjs.org/data-uri-to-buffer/-/data-uri-to-buffer-4.0.1.tgz 0ms (cache hit)
3900 silly tarball no local data for isarray@https://registry.npmjs.org/isarray/-/isarray-1.0.0.tgz. Extracting by manifest.
3901 silly tarball no local data for core-util-is@https://registry.npmjs.org/core-util-is/-/core-util-is-1.0.3.tgz. Extracting by manifest.
3902 silly tarball no local data for process-nextick-args@https://registry.npmjs.org/process-nextick-args/-/process-nextick-args-2.0.1.tgz. Extracting by manifest.
3903 silly tarball no local data for util-deprecate@https://registry.npmjs.org/util-deprecate/-/util-deprecate-1.0.2.tgz. Extracting by manifest.
3904 silly tarball no local data for web-streams-polyfill@https://registry.npmjs.org/web-streams-polyfill/-/web-streams-polyfill-3.3.3.tgz. Extracting by manifest.
3905 silly tarball no local data for eastasianwidth@https://registry.npmjs.org/eastasianwidth/-/eastasianwidth-0.2.0.tgz. Extracting by manifest.
3906 silly tarball no local data for node-domexception@https://registry.npmjs.org/node-domexception/-/node-domexception-1.0.0.tgz. Extracting by manifest.
3907 silly tarball no local data for crc32-stream@https://registry.npmjs.org/crc32-stream/-/crc32-stream-6.0.0.tgz. Extracting by manifest.
3908 silly tarball no local data for crc-32@https://registry.npmjs.org/crc-32/-/crc-32-1.2.2.tgz. Extracting by manifest.
3909 silly tarball no local data for compress-commons@https://registry.npmjs.org/compress-commons/-/compress-commons-6.0.2.tgz. Extracting by manifest.
3910 http cache gaxios@https://registry.npmjs.org/gaxios/-/gaxios-7.1.4.tgz 0ms (cache hit)
3911 silly tarball no local data for fetch-blob@https://registry.npmjs.org/fetch-blob/-/fetch-blob-3.2.0.tgz. Extracting by manifest.
3912 silly tarball no local data for yargs-parser@https://registry.npmjs.org/yargs-parser/-/yargs-parser-21.1.1.tgz. Extracting by manifest.
3913 silly tarball no local data for y18n@https://registry.npmjs.org/y18n/-/y18n-5.0.8.tgz. Extracting by manifest.
3914 silly tarball no local data for require-directory@https://registry.npmjs.org/require-directory/-/require-directory-2.1.1.tgz. Extracting by manifest.
3915 silly tarball no local data for escalade@https://registry.npmjs.org/escalade/-/escalade-3.2.0.tgz. Extracting by manifest.
3916 silly tarball no local data for get-caller-file@https://registry.npmjs.org/get-caller-file/-/get-caller-file-2.0.5.tgz. Extracting by manifest.
3917 silly tarball no local data for cliui@https://registry.npmjs.org/cliui/-/cliui-8.0.1.tgz. Extracting by manifest.
3918 silly tarball no local data for is-typedarray@https://registry.npmjs.org/is-typedarray/-/is-typedarray-1.0.0.tgz. Extracting by manifest.
3919 http cache google-logging-utils@https://registry.npmjs.org/google-logging-utils/-/google-logging-utils-1.1.3.tgz 0ms (cache hit)
3920 silly tarball no local data for typedarray-to-buffer@https://registry.npmjs.org/typedarray-to-buffer/-/typedarray-to-buffer-3.1.5.tgz. Extracting by manifest.
3921 silly tarball no local data for imurmurhash@https://registry.npmjs.org/imurmurhash/-/imurmurhash-0.1.4.tgz. Extracting by manifest.
3922 silly tarball no local data for ansi-styles@https://registry.npmjs.org/ansi-styles/-/ansi-styles-4.3.0.tgz. Extracting by manifest.
3923 silly tarball no local data for fn.name@https://registry.npmjs.org/fn.name/-/fn.name-1.1.0.tgz. Extracting by manifest.
3924 silly tarball no local data for @types/triple-beam@https://registry.npmjs.org/@types/triple-beam/-/triple-beam-1.3.5.tgz. Extracting by manifest.
3925 silly tarball no local data for text-hex@https://registry.npmjs.org/text-hex/-/text-hex-1.0.0.tgz. Extracting by manifest.
3926 silly tarball no local data for color-name@https://registry.npmjs.org/color-name/-/color-name-2.1.0.tgz. Extracting by manifest.
3927 silly tarball no local data for color-string@https://registry.npmjs.org/color-string/-/color-string-2.1.4.tgz. Extracting by manifest.
3928 silly tarball no local data for color-convert@https://registry.npmjs.org/color-convert/-/color-convert-3.1.3.tgz. Extracting by manifest.
3929 silly tarball no local data for color@https://registry.npmjs.org/color/-/color-5.0.3.tgz. Extracting by manifest.
3930 silly tarball no local data for kuler@https://registry.npmjs.org/kuler/-/kuler-2.0.0.tgz. Extracting by manifest.
3931 silly tarball no local data for enabled@https://registry.npmjs.org/enabled/-/enabled-2.0.0.tgz. Extracting by manifest.
3932 silly tarball no local data for fecha@https://registry.npmjs.org/fecha/-/fecha-4.2.3.tgz. Extracting by manifest.
3933 silly tarball no local data for stack-trace@https://registry.npmjs.org/stack-trace/-/stack-trace-0.0.10.tgz. Extracting by manifest.
3934 silly tarball no local data for safe-stable-stringify@https://registry.npmjs.org/safe-stable-stringify/-/safe-stable-stringify-2.5.0.tgz. Extracting by manifest.
3935 silly tarball no local data for @so-ric/colorspace@https://registry.npmjs.org/@so-ric/colorspace/-/colorspace-1.1.6.tgz. Extracting by manifest.
3936 silly tarball no local data for one-time@https://registry.npmjs.org/one-time/-/one-time-1.0.0.tgz. Extracting by manifest.
3937 silly tarball no local data for @dabh/diagnostics@https://registry.npmjs.org/@dabh/diagnostics/-/diagnostics-2.0.8.tgz. Extracting by manifest.
3938 silly tarball no local data for logform@https://registry.npmjs.org/logform/-/logform-2.7.0.tgz. Extracting by manifest.
3939 silly tarball no local data for isexe@https://registry.npmjs.org/isexe/-/isexe-2.0.0.tgz. Extracting by manifest.
3940 silly tarball no local data for webidl-conversions@https://registry.npmjs.org/webidl-conversions/-/webidl-conversions-3.0.1.tgz. Extracting by manifest.
3941 silly tarball no local data for tr46@https://registry.npmjs.org/tr46/-/tr46-0.0.3.tgz. Extracting by manifest.
3942 silly tarball no local data for formdata-polyfill@https://registry.npmjs.org/formdata-polyfill/-/formdata-polyfill-4.0.10.tgz. Extracting by manifest.
3943 silly tarball no local data for clone@https://registry.npmjs.org/clone/-/clone-1.0.4.tgz. Extracting by manifest.
3944 silly tarball no local data for defaults@https://registry.npmjs.org/defaults/-/defaults-1.0.4.tgz. Extracting by manifest.
3945 silly tarball no local data for strip-json-comments@https://registry.npmjs.org/strip-json-comments/-/strip-json-comments-2.0.1.tgz. Extracting by manifest.
3946 silly tarball no local data for rc@https://registry.npmjs.org/rc/-/rc-1.2.8.tgz. Extracting by manifest.
3947 silly tarball no local data for proto-list@https://registry.npmjs.org/proto-list/-/proto-list-1.2.4.tgz. Extracting by manifest.
3948 silly tarball no local data for config-chain@https://registry.npmjs.org/config-chain/-/config-chain-1.1.13.tgz. Extracting by manifest.
3949 silly tarball no local data for @pnpm/network.ca-file@https://registry.npmjs.org/@pnpm/network.ca-file/-/network.ca-file-1.0.2.tgz. Extracting by manifest.
3950 silly tarball no local data for deep-extend@https://registry.npmjs.org/deep-extend/-/deep-extend-0.6.0.tgz. Extracting by manifest.
3951 silly tarball no local data for @pnpm/config.env-replace@https://registry.npmjs.org/@pnpm/config.env-replace/-/config.env-replace-1.1.0.tgz. Extracting by manifest.
3952 silly tarball no local data for @pnpm/npm-conf@https://registry.npmjs.org/@pnpm/npm-conf/-/npm-conf-3.0.2.tgz. Extracting by manifest.
3953 silly tarball no local data for escape-goat@https://registry.npmjs.org/escape-goat/-/escape-goat-2.1.1.tgz. Extracting by manifest.
3954 silly tarball no local data for whatwg-fetch@https://registry.npmjs.org/whatwg-fetch/-/whatwg-fetch-3.6.20.tgz. Extracting by manifest.
3955 silly tarball no local data for ini@https://registry.npmjs.org/ini/-/ini-2.0.0.tgz. Extracting by manifest.
3956 silly tarball no local data for is-path-inside@https://registry.npmjs.org/is-path-inside/-/is-path-inside-3.0.3.tgz. Extracting by manifest.
3957 silly tarball no local data for ci-info@https://registry.npmjs.org/ci-info/-/ci-info-2.0.0.tgz. Extracting by manifest.
3958 silly tarball no local data for widest-line@https://registry.npmjs.org/widest-line/-/widest-line-3.1.0.tgz. Extracting by manifest.
3959 silly tarball no local data for global-dirs@https://registry.npmjs.org/global-dirs/-/global-dirs-3.0.1.tgz. Extracting by manifest.
3960 silly tarball no local data for cli-boxes@https://registry.npmjs.org/cli-boxes/-/cli-boxes-2.2.1.tgz. Extracting by manifest.
3961 silly tarball no local data for type-fest@https://registry.npmjs.org/type-fest/-/type-fest-0.20.2.tgz. Extracting by manifest.
3962 silly tarball no local data for semver-diff@https://registry.npmjs.org/semver-diff/-/semver-diff-3.1.1.tgz. Extracting by manifest.
3963 silly tarball no local data for camelcase@https://registry.npmjs.org/camelcase/-/camelcase-6.3.0.tgz. Extracting by manifest.
3964 silly tarball no local data for ansi-align@https://registry.npmjs.org/ansi-align/-/ansi-align-3.0.1.tgz. Extracting by manifest.
3965 silly tarball no local data for registry-auth-token@https://registry.npmjs.org/registry-auth-token/-/registry-auth-token-5.1.1.tgz. Extracting by manifest.
3966 silly tarball no local data for registry-url@https://registry.npmjs.org/registry-url/-/registry-url-5.1.0.tgz. Extracting by manifest.
3967 silly tarball no local data for isomorphic-fetch@https://registry.npmjs.org/isomorphic-fetch/-/isomorphic-fetch-3.0.0.tgz. Extracting by manifest.
3968 silly tarball no local data for pupa@https://registry.npmjs.org/pupa/-/pupa-2.1.1.tgz. Extracting by manifest.
3969 silly tarball no local data for is-yarn-global@https://registry.npmjs.org/is-yarn-global/-/is-yarn-global-0.3.0.tgz. Extracting by manifest.
3970 silly tarball no local data for minimist@https://registry.npmjs.org/minimist/-/minimist-1.2.8.tgz. Extracting by manifest.
3971 silly tarball no local data for is-npm@https://registry.npmjs.org/is-npm/-/is-npm-5.0.0.tgz. Extracting by manifest.
3972 silly tarball no local data for is-installed-globally@https://registry.npmjs.org/is-installed-globally/-/is-installed-globally-0.4.0.tgz. Extracting by manifest.
3973 silly tarball no local data for is-ci@https://registry.npmjs.org/is-ci/-/is-ci-2.0.0.tgz. Extracting by manifest.
3974 silly tarball no local data for has-yarn@https://registry.npmjs.org/has-yarn/-/has-yarn-2.1.0.tgz. Extracting by manifest.
3975 silly tarball no local data for boxen@https://registry.npmjs.org/boxen/-/boxen-5.1.2.tgz. Extracting by manifest.
3976 silly tarball no local data for crypto-random-string@https://registry.npmjs.org/crypto-random-string/-/crypto-random-string-2.0.0.tgz. Extracting by manifest.
3977 silly tarball no local data for media-typer@https://registry.npmjs.org/media-typer/-/media-typer-0.3.0.tgz. Extracting by manifest.
3978 silly tarball no local data for is-number@https://registry.npmjs.org/is-number/-/is-number-7.0.0.tgz. Extracting by manifest.
3979 silly tarball no local data for import-lazy@https://registry.npmjs.org/import-lazy/-/import-lazy-2.1.0.tgz. Extracting by manifest.
3980 silly tarball no local data for stubs@https://registry.npmjs.org/stubs/-/stubs-3.0.0.tgz. Extracting by manifest.
3981 silly tarball no local data for thenify@https://registry.npmjs.org/thenify/-/thenify-3.3.1.tgz. Extracting by manifest.
3982 silly tarball no local data for deep-is@https://registry.npmjs.org/deep-is/-/deep-is-0.1.4.tgz. Extracting by manifest.
3983 silly tarball no local data for stream-events@https://registry.npmjs.org/stream-events/-/stream-events-1.0.5.tgz. Extracting by manifest.
3984 silly tarball no local data for is2@https://registry.npmjs.org/is2/-/is2-2.0.9.tgz. Extracting by manifest.
3985 silly tarball no local data for ip-regex@https://registry.npmjs.org/ip-regex/-/ip-regex-4.3.0.tgz. Extracting by manifest.
3986 silly tarball no local data for text-decoder@https://registry.npmjs.org/text-decoder/-/text-decoder-1.2.7.tgz. Extracting by manifest.
3987 silly tarball no local data for teex@https://registry.npmjs.org/teex/-/teex-1.0.1.tgz. Extracting by manifest.
3988 silly tarball no local data for events-universal@https://registry.npmjs.org/events-universal/-/events-universal-1.0.1.tgz. Extracting by manifest.
3989 silly tarball no local data for bare-os@https://registry.npmjs.org/bare-os/-/bare-os-3.9.1.tgz. Extracting by manifest.
3990 silly tarball no local data for bare-stream@https://registry.npmjs.org/bare-stream/-/bare-stream-2.13.1.tgz. Extracting by manifest.
3991 silly tarball no local data for bare-url@https://registry.npmjs.org/bare-url/-/bare-url-2.4.3.tgz. Extracting by manifest.
3992 silly tarball no local data for bare-path@https://registry.npmjs.org/bare-path/-/bare-path-3.0.1.tgz. Extracting by manifest.
3993 silly tarball no local data for bare-events@https://registry.npmjs.org/bare-events/-/bare-events-2.9.1.tgz. Extracting by manifest.
3994 silly tarball no local data for fast-fifo@https://registry.npmjs.org/fast-fifo/-/fast-fifo-1.3.2.tgz. Extracting by manifest.
3995 silly tarball no local data for streamx@https://registry.npmjs.org/streamx/-/streamx-2.26.0.tgz. Extracting by manifest.
3996 silly tarball no local data for bare-fs@https://registry.npmjs.org/bare-fs/-/bare-fs-4.7.2.tgz. Extracting by manifest.
3997 silly tarball no local data for b4a@https://registry.npmjs.org/b4a/-/b4a-1.8.1.tgz. Extracting by manifest.
3998 silly tarball no local data for yallist@https://registry.npmjs.org/yallist/-/yallist-5.0.0.tgz. Extracting by manifest.
3999 silly tarball no local data for minizlib@https://registry.npmjs.org/minizlib/-/minizlib-3.1.0.tgz. Extracting by manifest.
4000 silly tarball no local data for chownr@https://registry.npmjs.org/chownr/-/chownr-3.0.0.tgz. Extracting by manifest.
4001 silly tarball no local data for @isaacs/fs-minipass@https://registry.npmjs.org/@isaacs/fs-minipass/-/fs-minipass-4.0.1.tgz. Extracting by manifest.
4002 silly tarball no local data for supports-color@https://registry.npmjs.org/supports-color/-/supports-color-7.2.0.tgz. Extracting by manifest.
4003 silly tarball no local data for has-flag@https://registry.npmjs.org/has-flag/-/has-flag-4.0.0.tgz. Extracting by manifest.
4004 silly tarball no local data for is-promise@https://registry.npmjs.org/is-promise/-/is-promise-4.0.0.tgz. Extracting by manifest.
4005 silly tarball no local data for abbrev@https://registry.npmjs.org/abbrev/-/abbrev-4.0.0.tgz. Extracting by manifest.
4006 silly tarball no local data for undici@https://registry.npmjs.org/undici/-/undici-6.26.0.tgz. Extracting by manifest.
4007 silly tarball no local data for tinyglobby@https://registry.npmjs.org/tinyglobby/-/tinyglobby-0.2.17.tgz. Extracting by manifest.
4008 silly tarball no local data for proc-log@https://registry.npmjs.org/proc-log/-/proc-log-6.1.0.tgz. Extracting by manifest.
4009 silly tarball no local data for nopt@https://registry.npmjs.org/nopt/-/nopt-9.0.0.tgz. Extracting by manifest.
4010 silly tarball no local data for exponential-backoff@https://registry.npmjs.org/exponential-backoff/-/exponential-backoff-3.1.3.tgz. Extracting by manifest.
4011 silly tarball no local data for env-paths@https://registry.npmjs.org/env-paths/-/env-paths-2.2.1.tgz. Extracting by manifest.
4012 silly tarball no local data for node-gyp@https://registry.npmjs.org/node-gyp/-/node-gyp-12.3.0.tgz. Extracting by manifest.
4013 silly tarball no local data for nan@https://registry.npmjs.org/nan/-/nan-2.27.0.tgz. Extracting by manifest.
4014 silly tarball no local data for install-artifact-from-github@https://registry.npmjs.org/install-artifact-from-github/-/install-artifact-from-github-1.6.0.tgz. Extracting by manifest.
4015 silly tarball no local data for lodash._objecttypes@https://registry.npmjs.org/lodash._objecttypes/-/lodash._objecttypes-2.4.1.tgz. Extracting by manifest.
4016 silly tarball no local data for url-join@https://registry.npmjs.org/url-join/-/url-join-0.0.1.tgz. Extracting by manifest.
4017 silly tarball no local data for as-array@https://registry.npmjs.org/as-array/-/as-array-2.0.0.tgz. Extracting by manifest.
4018 silly tarball no local data for toxic@https://registry.npmjs.org/toxic/-/toxic-1.0.1.tgz. Extracting by manifest.
4019 silly tarball no local data for lodash.isobject@https://registry.npmjs.org/lodash.isobject/-/lodash.isobject-2.4.1.tgz. Extracting by manifest.
4020 silly tarball no local data for glob-slash@https://registry.npmjs.org/glob-slash/-/glob-slash-1.0.0.tgz. Extracting by manifest.
4021 silly tarball no local data for compressible@https://registry.npmjs.org/compressible/-/compressible-2.0.18.tgz. Extracting by manifest.
4022 silly tarball no local data for tsscmp@https://registry.npmjs.org/tsscmp/-/tsscmp-1.0.6.tgz. Extracting by manifest.
4023 silly tarball no local data for router@https://registry.npmjs.org/router/-/router-2.2.0.tgz. Extracting by manifest.
4024 silly tarball no local data for re2@https://registry.npmjs.org/re2/-/re2-1.24.1.tgz. Extracting by manifest.
4025 silly tarball no local data for join-path@https://registry.npmjs.org/join-path/-/join-path-1.1.1.tgz. Extracting by manifest.
4026 silly tarball no local data for is-url@https://registry.npmjs.org/is-url/-/is-url-1.2.4.tgz. Extracting by manifest.
4027 silly tarball no local data for glob-slasher@https://registry.npmjs.org/glob-slasher/-/glob-slasher-1.0.1.tgz. Extracting by manifest.
4028 silly tarball no local data for connect@https://registry.npmjs.org/connect/-/connect-3.7.0.tgz. Extracting by manifest.
4029 silly tarball no local data for compression@https://registry.npmjs.org/compression/-/compression-1.8.1.tgz. Extracting by manifest.
4030 silly tarball no local data for basic-auth-connect@https://registry.npmjs.org/basic-auth-connect/-/basic-auth-connect-1.1.0.tgz. Extracting by manifest.
4031 silly tarball no local data for is-fullwidth-code-point@https://registry.npmjs.org/is-fullwidth-code-point/-/is-fullwidth-code-point-3.0.0.tgz. Extracting by manifest.
4032 silly tarball no local data for emoji-regex@https://registry.npmjs.org/emoji-regex/-/emoji-regex-8.0.0.tgz. Extracting by manifest.
4033 silly tarball no local data for ret@https://registry.npmjs.org/ret/-/ret-0.1.15.tgz. Extracting by manifest.
4034 silly tarball no local data for discontinuous-range@https://registry.npmjs.org/discontinuous-range/-/discontinuous-range-1.0.0.tgz. Extracting by manifest.
4035 silly tarball no local data for randexp@https://registry.npmjs.org/randexp/-/randexp-0.4.6.tgz. Extracting by manifest.
4036 silly tarball no local data for valid-url@https://registry.npmjs.org/valid-url/-/valid-url-1.0.9.tgz. Extracting by manifest.
4037 silly tarball no local data for nearley@https://registry.npmjs.org/nearley/-/nearley-2.20.1.tgz. Extracting by manifest.
4038 silly tarball no local data for moo@https://registry.npmjs.org/moo/-/moo-0.5.3.tgz. Extracting by manifest.
4039 silly tarball no local data for smart-buffer@https://registry.npmjs.org/smart-buffer/-/smart-buffer-4.2.0.tgz. Extracting by manifest.
4040 silly tarball no local data for socks@https://registry.npmjs.org/socks/-/socks-2.8.9.tgz. Extracting by manifest.
4041 silly tarball no local data for unicode-emoji-modifier-base@https://registry.npmjs.org/unicode-emoji-modifier-base/-/unicode-emoji-modifier-base-1.0.0.tgz. Extracting by manifest.
4042 silly tarball no local data for railroad-diagrams@https://registry.npmjs.org/railroad-diagrams/-/railroad-diagrams-1.0.0.tgz. Extracting by manifest.
4043 silly tarball no local data for call-bound@https://registry.npmjs.org/call-bound/-/call-bound-1.0.4.tgz. Extracting by manifest.
4044 silly tarball no local data for side-channel-weakmap@https://registry.npmjs.org/side-channel-weakmap/-/side-channel-weakmap-1.0.2.tgz. Extracting by manifest.
4045 silly tarball no local data for side-channel-map@https://registry.npmjs.org/side-channel-map/-/side-channel-map-1.0.1.tgz. Extracting by manifest.
4046 silly tarball no local data for side-channel-list@https://registry.npmjs.org/side-channel-list/-/side-channel-list-1.0.1.tgz. Extracting by manifest.
4047 silly tarball no local data for object-inspect@https://registry.npmjs.org/object-inspect/-/object-inspect-1.13.4.tgz. Extracting by manifest.
4048 silly tarball no local data for shebang-regex@https://registry.npmjs.org/shebang-regex/-/shebang-regex-3.0.0.tgz. Extracting by manifest.
4049 silly tarball no local data for teeny-request@https://registry.npmjs.org/teeny-request/-/teeny-request-10.1.2.tgz. Extracting by manifest.
4050 silly tarball no local data for mimic-fn@https://registry.npmjs.org/mimic-fn/-/mimic-fn-2.1.0.tgz. Extracting by manifest.
4051 silly tarball no local data for events@https://registry.npmjs.org/events/-/events-3.3.0.tgz. Extracting by manifest.
4052 silly tarball no local data for string_decoder@https://registry.npmjs.org/string_decoder/-/string_decoder-1.3.0.tgz. Extracting by manifest.
4053 silly tarball no local data for side-channel@https://registry.npmjs.org/side-channel/-/side-channel-1.1.0.tgz. Extracting by manifest.
4054 silly tarball no local data for source-map@https://registry.npmjs.org/source-map/-/source-map-0.6.1.tgz. Extracting by manifest.
4055 silly tarball no local data for onetime@https://registry.npmjs.org/onetime/-/onetime-5.1.2.tgz. Extracting by manifest.
4056 silly tarball no local data for process@https://registry.npmjs.org/process/-/process-0.11.10.tgz. Extracting by manifest.
4057 silly tarball no local data for tslib@https://registry.npmjs.org/tslib/-/tslib-2.8.1.tgz. Extracting by manifest.
4058 silly tarball no local data for estraverse@https://registry.npmjs.org/estraverse/-/estraverse-5.3.0.tgz. Extracting by manifest.
4059 silly tarball no local data for ast-types@https://registry.npmjs.org/ast-types/-/ast-types-0.13.4.tgz. Extracting by manifest.
4060 silly tarball no local data for escodegen@https://registry.npmjs.org/escodegen/-/escodegen-2.1.0.tgz. Extracting by manifest.
4061 silly tarball no local data for netmask@https://registry.npmjs.org/netmask/-/netmask-2.1.1.tgz. Extracting by manifest.
4062 silly tarball no local data for basic-ftp@https://registry.npmjs.org/basic-ftp/-/basic-ftp-5.3.1.tgz. Extracting by manifest.
4063 silly tarball no local data for pac-resolver@https://registry.npmjs.org/pac-resolver/-/pac-resolver-7.0.1.tgz. Extracting by manifest.
4064 silly tarball no local data for @tootallnate/quickjs-emscripten@https://registry.npmjs.org/@tootallnate/quickjs-emscripten/-/quickjs-emscripten-0.23.0.tgz. Extracting by manifest.
4065 silly tarball no local data for get-uri@https://registry.npmjs.org/get-uri/-/get-uri-6.0.5.tgz. Extracting by manifest.
4066 silly tarball no local data for socks-proxy-agent@https://registry.npmjs.org/socks-proxy-agent/-/socks-proxy-agent-8.0.5.tgz. Extracting by manifest.
4067 silly tarball no local data for degenerator@https://registry.npmjs.org/degenerator/-/degenerator-5.0.1.tgz. Extracting by manifest.
4068 silly tarball no local data for data-uri-to-buffer@https://registry.npmjs.org/data-uri-to-buffer/-/data-uri-to-buffer-6.0.2.tgz. Extracting by manifest.
4069 silly tarball no local data for pac-proxy-agent@https://registry.npmjs.org/pac-proxy-agent/-/pac-proxy-agent-7.2.0.tgz. Extracting by manifest.
4070 silly tarball no local data for proxy-from-env@https://registry.npmjs.org/proxy-from-env/-/proxy-from-env-1.1.0.tgz. Extracting by manifest.
4071 silly tarball no local data for http-proxy-agent@https://registry.npmjs.org/http-proxy-agent/-/http-proxy-agent-7.0.2.tgz. Extracting by manifest.
4072 silly tarball no local data for ipaddr.js@https://registry.npmjs.org/ipaddr.js/-/ipaddr.js-1.9.1.tgz. Extracting by manifest.
4073 silly tarball no local data for forwarded@https://registry.npmjs.org/forwarded/-/forwarded-0.2.0.tgz. Extracting by manifest.
4074 silly tarball no local data for undici-types@https://registry.npmjs.org/undici-types/-/undici-types-7.24.6.tgz. Extracting by manifest.
4075 silly tarball no local data for @types/node@https://registry.npmjs.org/@types/node/-/node-25.9.1.tgz. Extracting by manifest.
4076 silly tarball no local data for @protobufjs/utf8@https://registry.npmjs.org/@protobufjs/utf8/-/utf8-1.1.1.tgz. Extracting by manifest.
4077 silly tarball no local data for esutils@https://registry.npmjs.org/esutils/-/esutils-2.0.3.tgz. Extracting by manifest.
4078 silly tarball no local data for @protobufjs/pool@https://registry.npmjs.org/@protobufjs/pool/-/pool-1.1.0.tgz. Extracting by manifest.
4079 silly tarball no local data for @protobufjs/float@https://registry.npmjs.org/@protobufjs/float/-/float-1.0.2.tgz. Extracting by manifest.
4080 silly tarball no local data for @protobufjs/path@https://registry.npmjs.org/@protobufjs/path/-/path-1.1.2.tgz. Extracting by manifest.
4081 silly tarball no local data for @protobufjs/inquire@https://registry.npmjs.org/@protobufjs/inquire/-/inquire-1.1.2.tgz. Extracting by manifest.
4082 silly tarball no local data for @protobufjs/eventemitter@https://registry.npmjs.org/@protobufjs/eventemitter/-/eventemitter-1.1.1.tgz. Extracting by manifest.
4083 silly tarball no local data for @protobufjs/codegen@https://registry.npmjs.org/@protobufjs/codegen/-/codegen-2.0.5.tgz. Extracting by manifest.
4084 silly tarball no local data for @protobufjs/base64@https://registry.npmjs.org/@protobufjs/base64/-/base64-1.1.2.tgz. Extracting by manifest.
4085 silly tarball no local data for split2@https://registry.npmjs.org/split2/-/split2-4.2.0.tgz. Extracting by manifest.
4086 silly tarball no local data for xtend@https://registry.npmjs.org/xtend/-/xtend-4.0.2.tgz. Extracting by manifest.
4087 silly tarball no local data for @protobufjs/aspromise@https://registry.npmjs.org/@protobufjs/aspromise/-/aspromise-1.1.2.tgz. Extracting by manifest.
4088 silly tarball no local data for postgres-bytea@https://registry.npmjs.org/postgres-bytea/-/postgres-bytea-1.0.1.tgz. Extracting by manifest.
4089 silly tarball no local data for postgres-date@https://registry.npmjs.org/postgres-date/-/postgres-date-1.0.7.tgz. Extracting by manifest.
4090 silly tarball no local data for postgres-interval@https://registry.npmjs.org/postgres-interval/-/postgres-interval-1.2.0.tgz. Extracting by manifest.
4091 silly tarball no local data for @protobufjs/fetch@https://registry.npmjs.org/@protobufjs/fetch/-/fetch-1.1.1.tgz. Extracting by manifest.
4092 silly tarball no local data for postgres-array@https://registry.npmjs.org/postgres-array/-/postgres-array-2.0.0.tgz. Extracting by manifest.
4093 silly tarball no local data for pg-int8@https://registry.npmjs.org/pg-int8/-/pg-int8-1.0.1.tgz. Extracting by manifest.
4094 silly tarball no local data for pgpass@https://registry.npmjs.org/pgpass/-/pgpass-1.0.5.tgz. Extracting by manifest.
4095 silly tarball no local data for pg-connection-string@https://registry.npmjs.org/pg-connection-string/-/pg-connection-string-2.13.0.tgz. Extracting by manifest.
4096 silly tarball no local data for pg-pool@https://registry.npmjs.org/pg-pool/-/pg-pool-3.14.0.tgz. Extracting by manifest.
4097 silly tarball no local data for pg-cloudflare@https://registry.npmjs.org/pg-cloudflare/-/pg-cloudflare-1.4.0.tgz. Extracting by manifest.
4098 silly tarball no local data for pg-protocol@https://registry.npmjs.org/pg-protocol/-/pg-protocol-1.14.0.tgz. Extracting by manifest.
4099 silly tarball no local data for lru-cache@https://registry.npmjs.org/lru-cache/-/lru-cache-10.4.3.tgz. Extracting by manifest.
4100 silly tarball no local data for yocto-queue@https://registry.npmjs.org/yocto-queue/-/yocto-queue-0.1.0.tgz. Extracting by manifest.
4101 silly tarball no local data for restore-cursor@https://registry.npmjs.org/restore-cursor/-/restore-cursor-3.1.0.tgz. Extracting by manifest.
4102 silly tarball no local data for pg-types@https://registry.npmjs.org/pg-types/-/pg-types-2.2.0.tgz. Extracting by manifest.
4103 silly tarball no local data for ieee754@https://registry.npmjs.org/ieee754/-/ieee754-1.2.1.tgz. Extracting by manifest.
4104 silly tarball no local data for buffer@https://registry.npmjs.org/buffer/-/buffer-5.7.1.tgz. Extracting by manifest.
4105 silly tarball no local data for wcwidth@https://registry.npmjs.org/wcwidth/-/wcwidth-1.0.1.tgz. Extracting by manifest.
4106 silly tarball no local data for is-interactive@https://registry.npmjs.org/is-interactive/-/is-interactive-1.0.0.tgz. Extracting by manifest.
4107 silly tarball no local data for is-unicode-supported@https://registry.npmjs.org/is-unicode-supported/-/is-unicode-supported-0.1.0.tgz. Extracting by manifest.
4108 silly tarball no local data for cli-cursor@https://registry.npmjs.org/cli-cursor/-/cli-cursor-3.1.0.tgz. Extracting by manifest.
4109 silly tarball no local data for cli-spinners@https://registry.npmjs.org/cli-spinners/-/cli-spinners-2.9.2.tgz. Extracting by manifest.
4110 silly tarball no local data for is-wsl@https://registry.npmjs.org/is-wsl/-/is-wsl-1.1.0.tgz. Extracting by manifest.
4111 silly tarball no local data for bl@https://registry.npmjs.org/bl/-/bl-4.1.0.tgz. Extracting by manifest.
4112 silly tarball no local data for wrappy@https://registry.npmjs.org/wrappy/-/wrappy-1.0.2.tgz. Extracting by manifest.
4113 silly tarball no local data for log-symbols@https://registry.npmjs.org/log-symbols/-/log-symbols-4.1.0.tgz. Extracting by manifest.
4114 silly tarball no local data for ee-first@https://registry.npmjs.org/ee-first/-/ee-first-1.1.1.tgz. Extracting by manifest.
4115 silly tarball no local data for emojilib@https://registry.npmjs.org/emojilib/-/emojilib-2.4.0.tgz. Extracting by manifest.
4116 silly tarball no local data for skin-tone@https://registry.npmjs.org/skin-tone/-/skin-tone-2.0.0.tgz. Extracting by manifest.
4117 silly tarball no local data for whatwg-url@https://registry.npmjs.org/whatwg-url/-/whatwg-url-5.0.0.tgz. Extracting by manifest.
4118 silly tarball no local data for char-regex@https://registry.npmjs.org/char-regex/-/char-regex-1.0.2.tgz. Extracting by manifest.
4119 silly tarball no local data for @sindresorhus/is@https://registry.npmjs.org/@sindresorhus/is/-/is-4.6.0.tgz. Extracting by manifest.
4120 silly tarball no local data for any-promise@https://registry.npmjs.org/any-promise/-/any-promise-1.3.0.tgz. Extracting by manifest.
4121 silly tarball no local data for on-headers@https://registry.npmjs.org/on-headers/-/on-headers-1.1.0.tgz. Extracting by manifest.
4122 silly tarball no local data for basic-auth@https://registry.npmjs.org/basic-auth/-/basic-auth-2.0.1.tgz. Extracting by manifest.
4123 silly tarball no local data for concat-map@https://registry.npmjs.org/concat-map/-/concat-map-0.0.1.tgz. Extracting by manifest.
4124 silly tarball no local data for mime-db@https://registry.npmjs.org/mime-db/-/mime-db-1.52.0.tgz. Extracting by manifest.
4125 silly tarball no local data for thenify-all@https://registry.npmjs.org/thenify-all/-/thenify-all-1.6.0.tgz. Extracting by manifest.
4126 silly tarball no local data for brace-expansion@https://registry.npmjs.org/brace-expansion/-/brace-expansion-1.1.15.tgz. Extracting by manifest.
4127 silly tarball no local data for parse5-htmlparser2-tree-adapter@https://registry.npmjs.org/parse5-htmlparser2-tree-adapter/-/parse5-htmlparser2-tree-adapter-6.0.1.tgz. Extracting by manifest.
4128 silly tarball no local data for balanced-match@https://registry.npmjs.org/balanced-match/-/balanced-match-1.0.2.tgz. Extracting by manifest.
4129 silly tarball no local data for mz@https://registry.npmjs.org/mz/-/mz-2.7.0.tgz. Extracting by manifest.
4130 silly tarball no local data for highlight.js@https://registry.npmjs.org/highlight.js/-/highlight.js-10.7.3.tgz. Extracting by manifest.
4131 silly tarball no local data for environment@https://registry.npmjs.org/environment/-/environment-1.1.0.tgz. Extracting by manifest.
4132 silly tarball no local data for supports-hyperlinks@https://registry.npmjs.org/supports-hyperlinks/-/supports-hyperlinks-3.2.0.tgz. Extracting by manifest.
4133 silly tarball no local data for parse5@https://registry.npmjs.org/parse5/-/parse5-5.1.1.tgz. Extracting by manifest.
4134 silly tarball no local data for node-emoji@https://registry.npmjs.org/node-emoji/-/node-emoji-2.2.0.tgz. Extracting by manifest.
4135 silly tarball no local data for chalk@https://registry.npmjs.org/chalk/-/chalk-5.6.2.tgz. Extracting by manifest.
4136 silly tarball no local data for libsodium@https://registry.npmjs.org/libsodium/-/libsodium-0.7.16.tgz. Extracting by manifest.
4137 silly tarball no local data for ansi-regex@https://registry.npmjs.org/ansi-regex/-/ansi-regex-6.2.2.tgz. Extracting by manifest.
4138 silly tarball no local data for ansi-escapes@https://registry.npmjs.org/ansi-escapes/-/ansi-escapes-7.3.0.tgz. Extracting by manifest.
4139 silly tarball no local data for buffer-equal-constant-time@https://registry.npmjs.org/buffer-equal-constant-time/-/buffer-equal-constant-time-1.0.1.tgz. Extracting by manifest.
4140 silly tarball no local data for cli-highlight@https://registry.npmjs.org/cli-highlight/-/cli-highlight-2.1.11.tgz. Extracting by manifest.
4141 silly tarball no local data for lodash.isplainobject@https://registry.npmjs.org/lodash.isplainobject/-/lodash.isplainobject-4.0.6.tgz. Extracting by manifest.
4142 silly tarball no local data for lodash.once@https://registry.npmjs.org/lodash.once/-/lodash.once-4.1.1.tgz. Extracting by manifest.
4143 silly tarball no local data for lodash.isstring@https://registry.npmjs.org/lodash.isstring/-/lodash.isstring-4.0.1.tgz. Extracting by manifest.
4144 silly tarball no local data for jwa@https://registry.npmjs.org/jwa/-/jwa-2.0.1.tgz. Extracting by manifest.
4145 silly tarball no local data for lodash.isboolean@https://registry.npmjs.org/lodash.isboolean/-/lodash.isboolean-3.0.3.tgz. Extracting by manifest.
4146 silly tarball no local data for lodash.isinteger@https://registry.npmjs.org/lodash.isinteger/-/lodash.isinteger-4.0.4.tgz. Extracting by manifest.
4147 silly tarball no local data for lodash.includes@https://registry.npmjs.org/lodash.includes/-/lodash.includes-4.3.0.tgz. Extracting by manifest.
4148 silly tarball no local data for sprintf-js@https://registry.npmjs.org/sprintf-js/-/sprintf-js-1.0.3.tgz. Extracting by manifest.
4149 silly tarball no local data for bignumber.js@https://registry.npmjs.org/bignumber.js/-/bignumber.js-9.3.1.tgz. Extracting by manifest.
4150 silly tarball no local data for esprima@https://registry.npmjs.org/esprima/-/esprima-4.0.1.tgz. Extracting by manifest.
4151 silly tarball no local data for wrap-ansi-cjs@https://registry.npmjs.org/wrap-ansi/-/wrap-ansi-7.0.0.tgz. Extracting by manifest.
4152 silly tarball no local data for argparse@https://registry.npmjs.org/argparse/-/argparse-1.0.10.tgz. Extracting by manifest.
4153 silly tarball no local data for strip-ansi@https://registry.npmjs.org/strip-ansi/-/strip-ansi-7.2.0.tgz. Extracting by manifest.
4154 silly tarball no local data for string-width-cjs@https://registry.npmjs.org/string-width/-/string-width-4.2.3.tgz. Extracting by manifest.
4155 silly tarball no local data for lodash.isnumber@https://registry.npmjs.org/lodash.isnumber/-/lodash.isnumber-3.0.3.tgz. Extracting by manifest.
4156 silly tarball no local data for jju@https://registry.npmjs.org/jju/-/jju-1.4.0.tgz. Extracting by manifest.
4157 silly tarball no local data for @isaacs/cliui@https://registry.npmjs.org/@isaacs/cliui/-/cliui-8.0.2.tgz. Extracting by manifest.
4158 silly tarball no local data for strip-ansi-cjs@https://registry.npmjs.org/strip-ansi/-/strip-ansi-6.0.1.tgz. Extracting by manifest.
4159 silly tarball no local data for @pkgjs/parseargs@https://registry.npmjs.org/@pkgjs/parseargs/-/parseargs-0.11.0.tgz. Extracting by manifest.
4160 silly tarball no local data for agent-base@https://registry.npmjs.org/agent-base/-/agent-base-7.1.4.tgz. Extracting by manifest.
4161 silly tarball no local data for safer-buffer@https://registry.npmjs.org/safer-buffer/-/safer-buffer-2.1.2.tgz. Extracting by manifest.
4162 silly tarball no local data for is-extglob@https://registry.npmjs.org/is-extglob/-/is-extglob-2.1.1.tgz. Extracting by manifest.
4163 silly tarball no local data for toidentifier@https://registry.npmjs.org/toidentifier/-/toidentifier-1.0.1.tgz. Extracting by manifest.
4164 silly tarball no local data for url-template@https://registry.npmjs.org/url-template/-/url-template-2.0.8.tgz. Extracting by manifest.
4165 silly tarball no local data for end-of-stream@https://registry.npmjs.org/end-of-stream/-/end-of-stream-1.4.5.tgz. Extracting by manifest.
4166 silly tarball no local data for inherits@https://registry.npmjs.org/inherits/-/inherits-2.0.4.tgz. Extracting by manifest.
4167 silly tarball no local data for once@https://registry.npmjs.org/once/-/once-1.4.0.tgz. Extracting by manifest.
4168 silly tarball no local data for binary-extensions@https://registry.npmjs.org/binary-extensions/-/binary-extensions-2.3.0.tgz. Extracting by manifest.
4169 silly tarball no local data for stream-shift@https://registry.npmjs.org/stream-shift/-/stream-shift-1.0.3.tgz. Extracting by manifest.
4170 silly tarball no local data for yargs@https://registry.npmjs.org/yargs/-/yargs-17.7.2.tgz. Extracting by manifest.
4171 silly tarball no local data for lodash.camelcase@https://registry.npmjs.org/lodash.camelcase/-/lodash.camelcase-4.3.0.tgz. Extracting by manifest.
4172 silly tarball no local data for protobufjs@https://registry.npmjs.org/protobufjs/-/protobufjs-7.6.2.tgz. Extracting by manifest.
4173 silly tarball no local data for long@https://registry.npmjs.org/long/-/long-5.3.2.tgz. Extracting by manifest.
4174 silly tarball no local data for retry-request@https://registry.npmjs.org/retry-request/-/retry-request-8.0.2.tgz. Extracting by manifest.
4175 silly tarball no local data for @js-sdsl/ordered-map@https://registry.npmjs.org/@js-sdsl/ordered-map/-/ordered-map-4.4.2.tgz. Extracting by manifest.
4176 silly tarball no local data for rimraf@https://registry.npmjs.org/rimraf/-/rimraf-5.0.10.tgz. Extracting by manifest.
4177 silly tarball no local data for proto3-json-serializer@https://registry.npmjs.org/proto3-json-serializer/-/proto3-json-serializer-3.0.4.tgz. Extracting by manifest.
4178 silly tarball no local data for duplexify@https://registry.npmjs.org/duplexify/-/duplexify-4.1.3.tgz. Extracting by manifest.
4179 silly tarball no local data for @grpc/grpc-js@https://registry.npmjs.org/@grpc/grpc-js/-/grpc-js-1.14.4.tgz. Extracting by manifest.
4180 silly tarball no local data for json-bigint@https://registry.npmjs.org/json-bigint/-/json-bigint-1.0.0.tgz. Extracting by manifest.
4181 silly tarball no local data for @grpc/proto-loader@https://registry.npmjs.org/@grpc/proto-loader/-/proto-loader-0.8.1.tgz. Extracting by manifest.
4182 silly tarball no local data for object-hash@https://registry.npmjs.org/object-hash/-/object-hash-3.0.0.tgz. Extracting by manifest.
4183 silly tarball no local data for jws@https://registry.npmjs.org/jws/-/jws-4.0.1.tgz. Extracting by manifest.
4184 silly tarball no local data for gtoken@https://registry.npmjs.org/gtoken/-/gtoken-7.1.0.tgz. Extracting by manifest.
4185 silly tarball no local data for base64-js@https://registry.npmjs.org/base64-js/-/base64-js-1.5.1.tgz. Extracting by manifest.
4186 silly tarball no local data for google-logging-utils@https://registry.npmjs.org/google-logging-utils/-/google-logging-utils-0.0.2.tgz. Extracting by manifest.
4187 silly tarball no local data for minipass@https://registry.npmjs.org/minipass/-/minipass-7.1.3.tgz. Extracting by manifest.
4188 silly tarball no local data for ecdsa-sig-formatter@https://registry.npmjs.org/ecdsa-sig-formatter/-/ecdsa-sig-formatter-1.0.11.tgz. Extracting by manifest.
4189 silly tarball no local data for path-scurry@https://registry.npmjs.org/path-scurry/-/path-scurry-1.11.1.tgz. Extracting by manifest.
4190 silly tarball no local data for package-json-from-dist@https://registry.npmjs.org/package-json-from-dist/-/package-json-from-dist-1.0.1.tgz. Extracting by manifest.
4191 silly tarball no local data for jackspeak@https://registry.npmjs.org/jackspeak/-/jackspeak-3.4.3.tgz. Extracting by manifest.
4192 silly tarball no local data for foreground-child@https://registry.npmjs.org/foreground-child/-/foreground-child-3.3.1.tgz. Extracting by manifest.
4193 silly tarball no local data for dunder-proto@https://registry.npmjs.org/dunder-proto/-/dunder-proto-1.0.1.tgz. Extracting by manifest.
4194 silly tarball no local data for math-intrinsics@https://registry.npmjs.org/math-intrinsics/-/math-intrinsics-1.1.0.tgz. Extracting by manifest.
4195 silly tarball no local data for gopd@https://registry.npmjs.org/gopd/-/gopd-1.2.0.tgz. Extracting by manifest.
4196 silly tarball no local data for has-symbols@https://registry.npmjs.org/has-symbols/-/has-symbols-1.1.0.tgz. Extracting by manifest.
4197 silly tarball no local data for get-proto@https://registry.npmjs.org/get-proto/-/get-proto-1.0.1.tgz. Extracting by manifest.
4198 silly tarball no local data for gcp-metadata@https://registry.npmjs.org/gcp-metadata/-/gcp-metadata-6.1.1.tgz. Extracting by manifest.
4199 silly tarball no local data for function-bind@https://registry.npmjs.org/function-bind/-/function-bind-1.1.2.tgz. Extracting by manifest.
4200 silly tarball no local data for es-object-atoms@https://registry.npmjs.org/es-object-atoms/-/es-object-atoms-1.1.2.tgz. Extracting by manifest.
4201 silly tarball no local data for es-define-property@https://registry.npmjs.org/es-define-property/-/es-define-property-1.0.1.tgz. Extracting by manifest.
4202 silly tarball no local data for https-proxy-agent@https://registry.npmjs.org/https-proxy-agent/-/https-proxy-agent-7.0.6.tgz. Extracting by manifest.
4203 silly tarball no local data for universalify@https://registry.npmjs.org/universalify/-/universalify-2.0.1.tgz. Extracting by manifest.
4204 silly tarball no local data for jsonfile@https://registry.npmjs.org/jsonfile/-/jsonfile-6.2.1.tgz. Extracting by manifest.
4205 silly tarball no local data for get-intrinsic@https://registry.npmjs.org/get-intrinsic/-/get-intrinsic-1.3.0.tgz. Extracting by manifest.
4206 silly tarball no local data for es-errors@https://registry.npmjs.org/es-errors/-/es-errors-1.3.0.tgz. Extracting by manifest.
4207 silly tarball no local data for has-tostringtag@https://registry.npmjs.org/has-tostringtag/-/has-tostringtag-1.0.2.tgz. Extracting by manifest.
4208 silly tarball no local data for combined-stream@https://registry.npmjs.org/combined-stream/-/combined-stream-1.0.8.tgz. Extracting by manifest.
4209 silly tarball no local data for delayed-stream@https://registry.npmjs.org/delayed-stream/-/delayed-stream-1.0.0.tgz. Extracting by manifest.
4210 silly tarball no local data for es-set-tostringtag@https://registry.npmjs.org/es-set-tostringtag/-/es-set-tostringtag-2.1.0.tgz. Extracting by manifest.
4211 silly tarball no local data for hasown@https://registry.npmjs.org/hasown/-/hasown-2.0.4.tgz. Extracting by manifest.
4212 silly tarball no local data for asynckit@https://registry.npmjs.org/asynckit/-/asynckit-0.4.0.tgz. Extracting by manifest.
4213 silly tarball no local data for ip-address@https://registry.npmjs.org/ip-address/-/ip-address-10.2.0.tgz. Extracting by manifest.
4214 silly tarball no local data for to-regex-range@https://registry.npmjs.org/to-regex-range/-/to-regex-range-5.0.1.tgz. Extracting by manifest.
4215 silly tarball no local data for negotiator@https://registry.npmjs.org/negotiator/-/negotiator-0.6.3.tgz. Extracting by manifest.
4216 silly tarball no local data for mime-types@https://registry.npmjs.org/mime-types/-/mime-types-2.1.35.tgz. Extracting by manifest.
4217 silly tarball no local data for call-bind-apply-helpers@https://registry.npmjs.org/call-bind-apply-helpers/-/call-bind-apply-helpers-1.0.2.tgz. Extracting by manifest.
4218 silly tarball no local data for utils-merge@https://registry.npmjs.org/utils-merge/-/utils-merge-1.0.1.tgz. Extracting by manifest.
4219 silly tarball no local data for statuses@https://registry.npmjs.org/statuses/-/statuses-2.0.2.tgz. Extracting by manifest.
4220 silly tarball no local data for setprototypeof@https://registry.npmjs.org/setprototypeof/-/setprototypeof-1.2.0.tgz. Extracting by manifest.
4221 silly tarball no local data for send@https://registry.npmjs.org/send/-/send-0.19.2.tgz. Extracting by manifest.
4222 silly tarball no local data for safe-buffer@https://registry.npmjs.org/safe-buffer/-/safe-buffer-5.2.1.tgz. Extracting by manifest.
4223 silly tarball no local data for range-parser@https://registry.npmjs.org/range-parser/-/range-parser-1.2.1.tgz. Extracting by manifest.
4224 silly tarball no local data for proxy-addr@https://registry.npmjs.org/proxy-addr/-/proxy-addr-2.0.7.tgz. Extracting by manifest.
4225 silly tarball no local data for path-to-regexp@https://registry.npmjs.org/path-to-regexp/-/path-to-regexp-0.1.13.tgz. Extracting by manifest.
4226 silly tarball no local data for parseurl@https://registry.npmjs.org/parseurl/-/parseurl-1.3.3.tgz. Extracting by manifest.
4227 silly tarball no local data for serve-static@https://registry.npmjs.org/serve-static/-/serve-static-1.16.3.tgz. Extracting by manifest.
4228 silly tarball no local data for methods@https://registry.npmjs.org/methods/-/methods-1.1.2.tgz. Extracting by manifest.
4229 silly tarball no local data for fresh@https://registry.npmjs.org/fresh/-/fresh-0.5.2.tgz. Extracting by manifest.
4230 silly tarball no local data for merge-descriptors@https://registry.npmjs.org/merge-descriptors/-/merge-descriptors-1.0.3.tgz. Extracting by manifest.
4231 silly tarball no local data for etag@https://registry.npmjs.org/etag/-/etag-1.8.1.tgz. Extracting by manifest.
4232 silly tarball no local data for encodeurl@https://registry.npmjs.org/encodeurl/-/encodeurl-2.0.0.tgz. Extracting by manifest.
4233 silly tarball no local data for escape-html@https://registry.npmjs.org/escape-html/-/escape-html-1.0.3.tgz. Extracting by manifest.
4234 silly tarball no local data for cookie@https://registry.npmjs.org/cookie/-/cookie-0.7.2.tgz. Extracting by manifest.
4235 silly tarball no local data for content-disposition@https://registry.npmjs.org/content-disposition/-/content-disposition-0.5.4.tgz. Extracting by manifest.
4236 silly tarball no local data for cookie-signature@https://registry.npmjs.org/cookie-signature/-/cookie-signature-1.0.7.tgz. Extracting by manifest.
4237 silly tarball no local data for finalhandler@https://registry.npmjs.org/finalhandler/-/finalhandler-1.3.2.tgz. Extracting by manifest.
4238 silly tarball no local data for array-flatten@https://registry.npmjs.org/array-flatten/-/array-flatten-1.1.1.tgz. Extracting by manifest.
4239 silly tarball no local data for accepts@https://registry.npmjs.org/accepts/-/accepts-1.3.8.tgz. Extracting by manifest.
4240 silly tarball no local data for promise-breaker@https://registry.npmjs.org/promise-breaker/-/promise-breaker-6.0.0.tgz. Extracting by manifest.
4241 silly tarball no local data for call-me-maybe@https://registry.npmjs.org/call-me-maybe/-/call-me-maybe-1.0.2.tgz. Extracting by manifest.
4242 silly tarball no local data for openapi3-ts@https://registry.npmjs.org/openapi3-ts/-/openapi3-ts-3.2.0.tgz. Extracting by manifest.
4243 silly tarball no local data for json-ptr@https://registry.npmjs.org/json-ptr/-/json-ptr-3.1.1.tgz. Extracting by manifest.
4244 silly tarball no local data for @jsdevtools/ono@https://registry.npmjs.org/@jsdevtools/ono/-/ono-7.1.3.tgz. Extracting by manifest.
4245 silly tarball no local data for @types/json-schema@https://registry.npmjs.org/@types/json-schema/-/json-schema-7.0.15.tgz. Extracting by manifest.
4246 silly tarball no local data for events-listener@https://registry.npmjs.org/events-listener/-/events-listener-1.1.0.tgz. Extracting by manifest.
4247 silly tarball no local data for deep-freeze@https://registry.npmjs.org/deep-freeze/-/deep-freeze-0.0.1.tgz. Extracting by manifest.
4248 silly tarball no local data for is-obj@https://registry.npmjs.org/is-obj/-/is-obj-2.0.0.tgz. Extracting by manifest.
4249 silly tarball no local data for which@https://registry.npmjs.org/which/-/which-2.0.2.tgz. Extracting by manifest.
4250 silly tarball no local data for @apidevtools/json-schema-ref-parser@https://registry.npmjs.org/@apidevtools/json-schema-ref-parser/-/json-schema-ref-parser-9.1.2.tgz. Extracting by manifest.
4251 silly tarball no local data for shebang-command@https://registry.npmjs.org/shebang-command/-/shebang-command-2.0.0.tgz. Extracting by manifest.
4252 silly tarball no local data for ms@https://registry.npmjs.org/ms/-/ms-2.0.0.tgz. Extracting by manifest.
4253 silly tarball no local data for path-key@https://registry.npmjs.org/path-key/-/path-key-3.1.1.tgz. Extracting by manifest.
4254 silly tarball no local data for sort-any@https://registry.npmjs.org/sort-any/-/sort-any-4.0.7.tgz. Extracting by manifest.
4255 silly tarball no local data for object-assign@https://registry.npmjs.org/object-assign/-/object-assign-4.1.1.tgz. Extracting by manifest.
4256 silly tarball no local data for xdg-basedir@https://registry.npmjs.org/xdg-basedir/-/xdg-basedir-4.0.0.tgz. Extracting by manifest.
4257 silly tarball no local data for unique-string@https://registry.npmjs.org/unique-string/-/unique-string-2.0.0.tgz. Extracting by manifest.
4258 silly tarball no local data for write-file-atomic@https://registry.npmjs.org/write-file-atomic/-/write-file-atomic-3.0.3.tgz. Extracting by manifest.
4259 silly tarball no local data for dot-prop@https://registry.npmjs.org/dot-prop/-/dot-prop-5.3.0.tgz. Extracting by manifest.
4260 silly tarball no local data for make-dir@https://registry.npmjs.org/make-dir/-/make-dir-3.1.0.tgz. Extracting by manifest.
4261 silly tarball no local data for vary@https://registry.npmjs.org/vary/-/vary-1.1.2.tgz. Extracting by manifest.
4262 silly tarball no local data for string-width@https://registry.npmjs.org/string-width/-/string-width-4.2.3.tgz. Extracting by manifest.
4263 silly tarball no local data for json-parse-helpfulerror@https://registry.npmjs.org/json-parse-helpfulerror/-/json-parse-helpfulerror-1.0.3.tgz. Extracting by manifest.
4264 silly tarball no local data for fill-range@https://registry.npmjs.org/fill-range/-/fill-range-7.1.1.tgz. Extracting by manifest.
4265 silly tarball no local data for picomatch@https://registry.npmjs.org/picomatch/-/picomatch-2.3.2.tgz. Extracting by manifest.
4266 silly tarball no local data for is-glob@https://registry.npmjs.org/is-glob/-/is-glob-4.0.3.tgz. Extracting by manifest.
4267 silly tarball no local data for readdirp@https://registry.npmjs.org/readdirp/-/readdirp-3.6.0.tgz. Extracting by manifest.
4268 silly tarball no local data for @colors/colors@https://registry.npmjs.org/@colors/colors/-/colors-1.5.0.tgz. Extracting by manifest.
4269 silly tarball no local data for braces@https://registry.npmjs.org/braces/-/braces-3.0.3.tgz. Extracting by manifest.
4270 silly tarball no local data for is-binary-path@https://registry.npmjs.org/is-binary-path/-/is-binary-path-2.1.0.tgz. Extracting by manifest.
4271 silly tarball no local data for fsevents@https://registry.npmjs.org/fsevents/-/fsevents-2.3.3.tgz. Extracting by manifest.
4272 silly tarball no local data for on-finished@https://registry.npmjs.org/on-finished/-/on-finished-2.4.1.tgz. Extracting by manifest.
4273 silly tarball no local data for anymatch@https://registry.npmjs.org/anymatch/-/anymatch-3.1.3.tgz. Extracting by manifest.
4274 silly tarball no local data for type-is@https://registry.npmjs.org/type-is/-/type-is-1.6.18.tgz. Extracting by manifest.
4275 silly tarball no local data for unpipe@https://registry.npmjs.org/unpipe/-/unpipe-1.0.0.tgz. Extracting by manifest.
4276 silly tarball no local data for glob-parent@https://registry.npmjs.org/glob-parent/-/glob-parent-5.1.2.tgz. Extracting by manifest.
4277 silly tarball no local data for http-errors@https://registry.npmjs.org/http-errors/-/http-errors-2.0.1.tgz. Extracting by manifest.
4278 silly tarball no local data for destroy@https://registry.npmjs.org/destroy/-/destroy-1.2.0.tgz. Extracting by manifest.
4279 silly tarball no local data for qs@https://registry.npmjs.org/qs/-/qs-6.15.2.tgz. Extracting by manifest.
4280 silly tarball no local data for debug@https://registry.npmjs.org/debug/-/debug-2.6.9.tgz. Extracting by manifest.
4281 silly tarball no local data for bytes@https://registry.npmjs.org/bytes/-/bytes-3.1.2.tgz. Extracting by manifest.
4282 silly tarball no local data for normalize-path@https://registry.npmjs.org/normalize-path/-/normalize-path-3.0.0.tgz. Extracting by manifest.
4283 silly tarball no local data for lazystream@https://registry.npmjs.org/lazystream/-/lazystream-1.0.1.tgz. Extracting by manifest.
4284 silly tarball no local data for is-stream@https://registry.npmjs.org/is-stream/-/is-stream-2.0.1.tgz. Extracting by manifest.
4285 silly tarball no local data for graceful-fs@https://registry.npmjs.org/graceful-fs/-/graceful-fs-4.2.11.tgz. Extracting by manifest.
4286 silly tarball no local data for depd@https://registry.npmjs.org/depd/-/depd-2.0.0.tgz. Extracting by manifest.
4287 silly tarball no local data for readdir-glob@https://registry.npmjs.org/readdir-glob/-/readdir-glob-1.1.3.tgz. Extracting by manifest.
4288 silly tarball no local data for readable-stream@https://registry.npmjs.org/readable-stream/-/readable-stream-4.7.0.tgz. Extracting by manifest.
4289 silly tarball no local data for zip-stream@https://registry.npmjs.org/zip-stream/-/zip-stream-6.0.1.tgz. Extracting by manifest.
4290 silly tarball no local data for buffer-crc32@https://registry.npmjs.org/buffer-crc32/-/buffer-crc32-1.0.0.tgz. Extracting by manifest.
4291 silly tarball no local data for json-schema-traverse@https://registry.npmjs.org/json-schema-traverse/-/json-schema-traverse-1.0.0.tgz. Extracting by manifest.
4292 silly tarball no local data for async@https://registry.npmjs.org/async/-/async-3.2.6.tgz. Extracting by manifest.
4293 silly tarball no local data for tar-stream@https://registry.npmjs.org/tar-stream/-/tar-stream-3.2.0.tgz. Extracting by manifest.
4294 silly tarball no local data for fast-uri@https://registry.npmjs.org/fast-uri/-/fast-uri-3.1.2.tgz. Extracting by manifest.
4295 silly tarball no local data for archiver-utils@https://registry.npmjs.org/archiver-utils/-/archiver-utils-5.0.2.tgz. Extracting by manifest.
4296 silly tarball no local data for require-from-string@https://registry.npmjs.org/require-from-string/-/require-from-string-2.0.2.tgz. Extracting by manifest.
4297 silly tarball no local data for event-target-shim@https://registry.npmjs.org/event-target-shim/-/event-target-shim-5.0.1.tgz. Extracting by manifest.
4298 silly tarball no local data for raw-body@https://registry.npmjs.org/raw-body/-/raw-body-3.0.2.tgz. Extracting by manifest.
4299 silly tarball no local data for pkce-challenge@https://registry.npmjs.org/pkce-challenge/-/pkce-challenge-5.0.1.tgz. Extracting by manifest.
4300 silly tarball no local data for fast-deep-equal@https://registry.npmjs.org/fast-deep-equal/-/fast-deep-equal-3.1.3.tgz. Extracting by manifest.
4301 silly tarball no local data for json-schema-typed@https://registry.npmjs.org/json-schema-typed/-/json-schema-typed-8.0.2.tgz. Extracting by manifest.
4302 silly tarball no local data for eventsource-parser@https://registry.npmjs.org/eventsource-parser/-/eventsource-parser-3.1.0.tgz. Extracting by manifest.
4303 silly tarball no local data for content-type@https://registry.npmjs.org/content-type/-/content-type-1.0.5.tgz. Extracting by manifest.
4304 silly tarball no local data for eventsource@https://registry.npmjs.org/eventsource/-/eventsource-3.0.7.tgz. Extracting by manifest.
4305 silly tarball no local data for jose@https://registry.npmjs.org/jose/-/jose-6.2.3.tgz. Extracting by manifest.
4306 silly tarball no local data for hono@https://registry.npmjs.org/hono/-/hono-4.12.23.tgz. Extracting by manifest.
4307 silly tarball no local data for express-rate-limit@https://registry.npmjs.org/express-rate-limit/-/express-rate-limit-8.5.2.tgz. Extracting by manifest.
4308 silly tarball no local data for @hono/node-server@https://registry.npmjs.org/@hono/node-server/-/node-server-1.19.14.tgz. Extracting by manifest.
4309 silly tarball no local data for chardet@https://registry.npmjs.org/chardet/-/chardet-2.1.1.tgz. Extracting by manifest.
4310 silly tarball no local data for wrap-ansi@https://registry.npmjs.org/wrap-ansi/-/wrap-ansi-6.2.0.tgz. Extracting by manifest.
4311 silly tarball no local data for iconv-lite@https://registry.npmjs.org/iconv-lite/-/iconv-lite-0.7.2.tgz. Extracting by manifest.
4312 silly tarball no local data for @inquirer/external-editor@https://registry.npmjs.org/@inquirer/external-editor/-/external-editor-1.0.3.tgz. Extracting by manifest.
4313 silly tarball no local data for mute-stream@https://registry.npmjs.org/mute-stream/-/mute-stream-2.0.0.tgz. Extracting by manifest.
4314 silly tarball no local data for cli-width@https://registry.npmjs.org/cli-width/-/cli-width-4.1.0.tgz. Extracting by manifest.
4315 silly tarball no local data for yoctocolors-cjs@https://registry.npmjs.org/yoctocolors-cjs/-/yoctocolors-cjs-2.1.3.tgz. Extracting by manifest.
4316 silly tarball no local data for @inquirer/type@https://registry.npmjs.org/@inquirer/type/-/type-3.0.10.tgz. Extracting by manifest.
4317 silly tarball no local data for signal-exit@https://registry.npmjs.org/signal-exit/-/signal-exit-4.1.0.tgz. Extracting by manifest.
4318 silly tarball no local data for @inquirer/core@https://registry.npmjs.org/@inquirer/core/-/core-10.3.2.tgz. Extracting by manifest.
4319 silly tarball no local data for @inquirer/ansi@https://registry.npmjs.org/@inquirer/ansi/-/ansi-1.0.2.tgz. Extracting by manifest.
4320 silly tarball no local data for @inquirer/figures@https://registry.npmjs.org/@inquirer/figures/-/figures-1.0.15.tgz. Extracting by manifest.
4321 silly tarball no local data for @inquirer/search@https://registry.npmjs.org/@inquirer/search/-/search-3.2.2.tgz. Extracting by manifest.
4322 silly tarball no local data for @inquirer/input@https://registry.npmjs.org/@inquirer/input/-/input-4.3.1.tgz. Extracting by manifest.
4323 silly tarball no local data for @inquirer/rawlist@https://registry.npmjs.org/@inquirer/rawlist/-/rawlist-4.1.11.tgz. Extracting by manifest.
4324 silly tarball no local data for @inquirer/number@https://registry.npmjs.org/@inquirer/number/-/number-3.0.23.tgz. Extracting by manifest.
4325 silly tarball no local data for @inquirer/password@https://registry.npmjs.org/@inquirer/password/-/password-4.0.23.tgz. Extracting by manifest.
4326 silly tarball no local data for @inquirer/expand@https://registry.npmjs.org/@inquirer/expand/-/expand-4.0.23.tgz. Extracting by manifest.
4327 silly tarball no local data for @inquirer/select@https://registry.npmjs.org/@inquirer/select/-/select-4.4.2.tgz. Extracting by manifest.
4328 silly tarball no local data for @inquirer/editor@https://registry.npmjs.org/@inquirer/editor/-/editor-4.2.23.tgz. Extracting by manifest.
4329 silly tarball no local data for @inquirer/confirm@https://registry.npmjs.org/@inquirer/confirm/-/confirm-5.1.21.tgz. Extracting by manifest.
4330 silly tarball no local data for p-defer@https://registry.npmjs.org/p-defer/-/p-defer-3.0.0.tgz. Extracting by manifest.
4331 silly tarball no local data for lodash.snakecase@https://registry.npmjs.org/lodash.snakecase/-/lodash.snakecase-4.1.1.tgz. Extracting by manifest.
4332 silly tarball no local data for is-stream-ended@https://registry.npmjs.org/is-stream-ended/-/is-stream-ended-0.1.4.tgz. Extracting by manifest.
4333 silly tarball no local data for googleapis-common@https://registry.npmjs.org/googleapis-common/-/googleapis-common-8.0.1.tgz. Extracting by manifest.
4334 silly tarball no local data for @inquirer/checkbox@https://registry.npmjs.org/@inquirer/checkbox/-/checkbox-4.3.2.tgz. Extracting by manifest.
4335 silly tarball no local data for google-gax@https://registry.npmjs.org/google-gax/-/google-gax-5.0.6.tgz. Extracting by manifest.
4336 silly tarball no local data for arrify@https://registry.npmjs.org/arrify/-/arrify-2.0.1.tgz. Extracting by manifest.
4337 silly tarball no local data for heap-js@https://registry.npmjs.org/heap-js/-/heap-js-2.7.1.tgz. Extracting by manifest.
4338 silly tarball no local data for @opentelemetry/api@https://registry.npmjs.org/@opentelemetry/api/-/api-1.9.1.tgz. Extracting by manifest.
4339 silly tarball no local data for @opentelemetry/semantic-conventions@https://registry.npmjs.org/@opentelemetry/semantic-conventions/-/semantic-conventions-1.39.0.tgz. Extracting by manifest.
4340 silly tarball no local data for @opentelemetry/core@https://registry.npmjs.org/@opentelemetry/core/-/core-1.30.1.tgz. Extracting by manifest.
4341 silly tarball no local data for @google-cloud/projectify@https://registry.npmjs.org/@google-cloud/projectify/-/projectify-5.0.0.tgz. Extracting by manifest.
4342 silly tarball no local data for extend@https://registry.npmjs.org/extend/-/extend-3.0.2.tgz. Extracting by manifest.
4343 silly tarball no local data for @google-cloud/precise-date@https://registry.npmjs.org/@google-cloud/precise-date/-/precise-date-5.0.0.tgz. Extracting by manifest.
4344 silly tarball no local data for @google-cloud/promisify@https://registry.npmjs.org/@google-cloud/promisify/-/promisify-5.0.0.tgz. Extracting by manifest.
4345 silly tarball no local data for @google-cloud/paginator@https://registry.npmjs.org/@google-cloud/paginator/-/paginator-6.0.0.tgz. Extracting by manifest.
4346 silly tarball no local data for @googleapis/sqladmin@https://registry.npmjs.org/@googleapis/sqladmin/-/sqladmin-35.2.0.tgz. Extracting by manifest.
4347 silly tarball no local data for zod-to-json-schema@https://registry.npmjs.org/zod-to-json-schema/-/zod-to-json-schema-3.25.2.tgz. Extracting by manifest.
4348 silly tarball no local data for zod@https://registry.npmjs.org/zod/-/zod-3.25.76.tgz. Extracting by manifest.
4349 silly tarball no local data for ws@https://registry.npmjs.org/ws/-/ws-7.5.11.tgz. Extracting by manifest.
4350 silly tarball no local data for yaml@https://registry.npmjs.org/yaml/-/yaml-2.9.0.tgz. Extracting by manifest.
4351 silly tarball no local data for winston-transport@https://registry.npmjs.org/winston-transport/-/winston-transport-4.9.0.tgz. Extracting by manifest.
4352 silly tarball no local data for p-throttle@https://registry.npmjs.org/p-throttle/-/p-throttle-7.0.0.tgz. Extracting by manifest.
4353 silly tarball no local data for winston@https://registry.npmjs.org/winston/-/winston-3.19.0.tgz. Extracting by manifest.
4354 silly tarball no local data for uuid@https://registry.npmjs.org/uuid/-/uuid-11.1.1.tgz. Extracting by manifest.
4355 silly tarball no local data for update-notifier-cjs@https://registry.npmjs.org/update-notifier-cjs/-/update-notifier-cjs-5.1.7.tgz. Extracting by manifest.
4356 silly tarball no local data for tmp@https://registry.npmjs.org/tmp/-/tmp-0.2.7.tgz. Extracting by manifest.
4357 silly tarball no local data for tcp-port-used@https://registry.npmjs.org/tcp-port-used/-/tcp-port-used-1.0.2.tgz. Extracting by manifest.
4358 silly tarball no local data for triple-beam@https://registry.npmjs.org/triple-beam/-/triple-beam-1.4.1.tgz. Extracting by manifest.
4359 silly tarball no local data for tar@https://registry.npmjs.org/tar/-/tar-7.5.16.tgz. Extracting by manifest.
4360 silly tarball no local data for superstatic@https://registry.npmjs.org/superstatic/-/superstatic-10.0.0.tgz. Extracting by manifest.
4361 silly tarball no local data for universal-analytics@https://registry.npmjs.org/universal-analytics/-/universal-analytics-0.5.4.tgz. Extracting by manifest.
4362 silly tarball no local data for stream-json@https://registry.npmjs.org/stream-json/-/stream-json-1.9.1.tgz. Extracting by manifest.
4363 silly tarball no local data for stream-chain@https://registry.npmjs.org/stream-chain/-/stream-chain-2.2.5.tgz. Extracting by manifest.
4364 silly tarball no local data for sql-formatter@https://registry.npmjs.org/sql-formatter/-/sql-formatter-15.8.0.tgz. Extracting by manifest.
4365 silly tarball no local data for semver@https://registry.npmjs.org/semver/-/semver-7.8.1.tgz. Extracting by manifest.
4366 silly tarball no local data for proxy-agent@https://registry.npmjs.org/proxy-agent/-/proxy-agent-6.5.0.tgz. Extracting by manifest.
4367 silly tarball no local data for progress@https://registry.npmjs.org/progress/-/progress-2.0.3.tgz. Extracting by manifest.
4368 silly tarball no local data for pglite-2@https://registry.npmjs.org/@electric-sql/pglite/-/pglite-0.2.17.tgz. Extracting by manifest.
4369 silly tarball no local data for portfinder@https://registry.npmjs.org/portfinder/-/portfinder-1.0.38.tgz. Extracting by manifest.
4370 silly tarball no local data for ora@https://registry.npmjs.org/ora/-/ora-5.4.1.tgz. Extracting by manifest.
4371 silly tarball no local data for retry@https://registry.npmjs.org/retry/-/retry-0.13.1.tgz. Extracting by manifest.
4372 silly tarball no local data for p-limit@https://registry.npmjs.org/p-limit/-/p-limit-3.1.0.tgz. Extracting by manifest.
4373 silly tarball no local data for pg-gateway@https://registry.npmjs.org/pg-gateway/-/pg-gateway-0.3.0-beta.4.tgz. Extracting by manifest.
4374 silly tarball no local data for pg@https://registry.npmjs.org/pg/-/pg-8.21.0.tgz. Extracting by manifest.
4375 silly tarball no local data for open@https://registry.npmjs.org/open/-/open-6.4.0.tgz. Extracting by manifest.
4376 silly tarball no local data for morgan@https://registry.npmjs.org/morgan/-/morgan-1.11.0.tgz. Extracting by manifest.
4377 silly tarball no local data for minimatch@https://registry.npmjs.org/minimatch/-/minimatch-3.1.5.tgz. Extracting by manifest.
4378 silly tarball no local data for marked@https://registry.npmjs.org/marked/-/marked-13.0.3.tgz. Extracting by manifest.
4379 silly tarball no local data for marked-terminal@https://registry.npmjs.org/marked-terminal/-/marked-terminal-7.3.0.tgz. Extracting by manifest.
4380 silly tarball no local data for lsofi@https://registry.npmjs.org/lsofi/-/lsofi-2.0.0.tgz. Extracting by manifest.
4381 silly tarball no local data for mime@https://registry.npmjs.org/mime/-/mime-2.6.0.tgz. Extracting by manifest.
4382 silly tarball no local data for libsodium-wrappers@https://registry.npmjs.org/libsodium-wrappers/-/libsodium-wrappers-0.7.16.tgz. Extracting by manifest.
4383 silly tarball no local data for lodash@https://registry.npmjs.org/lodash/-/lodash-4.18.1.tgz. Extracting by manifest.
4384 silly tarball no local data for leven@https://registry.npmjs.org/leven/-/leven-3.1.0.tgz. Extracting by manifest.
4385 silly tarball no local data for jsonwebtoken@https://registry.npmjs.org/jsonwebtoken/-/jsonwebtoken-9.0.3.tgz. Extracting by manifest.
4386 silly tarball no local data for js-yaml@https://registry.npmjs.org/js-yaml/-/js-yaml-3.14.2.tgz. Extracting by manifest.
4387 silly tarball no local data for ignore@https://registry.npmjs.org/ignore/-/ignore-7.0.5.tgz. Extracting by manifest.
4388 silly tarball no local data for google-auth-library@https://registry.npmjs.org/google-auth-library/-/google-auth-library-9.15.1.tgz. Extracting by manifest.
4389 silly tarball no local data for fuzzy@https://registry.npmjs.org/fuzzy/-/fuzzy-0.1.3.tgz. Extracting by manifest.
4390 silly tarball no local data for gaxios@https://registry.npmjs.org/gaxios/-/gaxios-6.7.1.tgz. Extracting by manifest.
4391 silly tarball no local data for fs-extra@https://registry.npmjs.org/fs-extra/-/fs-extra-10.1.0.tgz. Extracting by manifest.
4392 silly tarball no local data for glob@https://registry.npmjs.org/glob/-/glob-10.5.0.tgz. Extracting by manifest.
4393 silly tarball no local data for form-data@https://registry.npmjs.org/form-data/-/form-data-4.0.5.tgz. Extracting by manifest.
4394 silly tarball no local data for node-fetch@https://registry.npmjs.org/node-fetch/-/node-fetch-2.7.0.tgz. Extracting by manifest.
4395 silly tarball no local data for filesize@https://registry.npmjs.org/filesize/-/filesize-6.4.0.tgz. Extracting by manifest.
4396 silly tarball no local data for express@https://registry.npmjs.org/express/-/express-4.22.2.tgz. Extracting by manifest.
4397 silly tarball no local data for csv-parse@https://registry.npmjs.org/csv-parse/-/csv-parse-5.6.0.tgz. Extracting by manifest.
4398 silly tarball no local data for exegesis-express@https://registry.npmjs.org/exegesis-express/-/exegesis-express-4.0.0.tgz. Extracting by manifest.
4399 silly tarball no local data for exegesis@https://registry.npmjs.org/exegesis/-/exegesis-4.3.0.tgz. Extracting by manifest.
4400 silly tarball no local data for cross-spawn@https://registry.npmjs.org/cross-spawn/-/cross-spawn-7.0.6.tgz. Extracting by manifest.
4401 silly tarball no local data for cross-env@https://registry.npmjs.org/cross-env/-/cross-env-7.0.3.tgz. Extracting by manifest.
4402 silly tarball no local data for cors@https://registry.npmjs.org/cors/-/cors-2.8.6.tgz. Extracting by manifest.
4403 silly tarball no local data for configstore@https://registry.npmjs.org/configstore/-/configstore-5.0.1.tgz. Extracting by manifest.
4404 silly tarball no local data for deep-equal-in-any-order@https://registry.npmjs.org/deep-equal-in-any-order/-/deep-equal-in-any-order-2.2.0.tgz. Extracting by manifest.
4405 silly tarball no local data for colorette@https://registry.npmjs.org/colorette/-/colorette-2.0.20.tgz. Extracting by manifest.
4406 silly tarball no local data for cjson@https://registry.npmjs.org/cjson/-/cjson-0.3.3.tgz. Extracting by manifest.
4407 silly tarball no local data for body-parser@https://registry.npmjs.org/body-parser/-/body-parser-1.20.5.tgz. Extracting by manifest.
4408 silly tarball no local data for commander@https://registry.npmjs.org/commander/-/commander-5.1.0.tgz. Extracting by manifest.
4409 silly tarball no local data for chokidar@https://registry.npmjs.org/chokidar/-/chokidar-3.6.0.tgz. Extracting by manifest.
4410 silly tarball no local data for archiver@https://registry.npmjs.org/archiver/-/archiver-7.0.1.tgz. Extracting by manifest.
4411 silly tarball no local data for cli-table3@https://registry.npmjs.org/cli-table3/-/cli-table3-0.6.5.tgz. Extracting by manifest.
4412 silly tarball no local data for ajv@https://registry.npmjs.org/ajv/-/ajv-8.20.0.tgz. Extracting by manifest.
4413 silly tarball no local data for ajv-formats@https://registry.npmjs.org/ajv-formats/-/ajv-formats-3.0.1.tgz. Extracting by manifest.
4414 silly tarball no local data for async-lock@https://registry.npmjs.org/async-lock/-/async-lock-1.4.1.tgz. Extracting by manifest.
4415 silly tarball no local data for abort-controller@https://registry.npmjs.org/abort-controller/-/abort-controller-3.0.0.tgz. Extracting by manifest.
4416 silly tarball no local data for @modelcontextprotocol/sdk@https://registry.npmjs.org/@modelcontextprotocol/sdk/-/sdk-1.29.0.tgz. Extracting by manifest.
4417 silly tarball no local data for @inquirer/prompts@https://registry.npmjs.org/@inquirer/prompts/-/prompts-7.10.1.tgz. Extracting by manifest.
4418 silly tarball no local data for @google-cloud/cloud-sql-connector@https://registry.npmjs.org/@google-cloud/cloud-sql-connector/-/cloud-sql-connector-1.11.1.tgz. Extracting by manifest.
4419 silly tarball no local data for @electric-sql/pglite-tools@https://registry.npmjs.org/@electric-sql/pglite-tools/-/pglite-tools-0.2.21.tgz. Extracting by manifest.
4420 silly tarball no local data for @apphosting/common@https://registry.npmjs.org/@apphosting/common/-/common-0.0.8.tgz. Extracting by manifest.
4421 silly tarball no local data for firebase-tools@https://registry.npmjs.org/firebase-tools/-/firebase-tools-15.19.1.tgz. Extracting by manifest.
4422 silly tarball no local data for @google-cloud/pubsub@https://registry.npmjs.org/@google-cloud/pubsub/-/pubsub-5.3.0.tgz. Extracting by manifest.
4423 silly tarball no local data for ansi-regex@https://registry.npmjs.org/ansi-regex/-/ansi-regex-5.0.1.tgz. Extracting by manifest.
4424 silly tarball no local data for wrap-ansi@https://registry.npmjs.org/wrap-ansi/-/wrap-ansi-7.0.0.tgz. Extracting by manifest.
4425 silly tarball no local data for color-name@https://registry.npmjs.org/color-name/-/color-name-1.1.4.tgz. Extracting by manifest.
4426 silly tarball no local data for @electric-sql/pglite@https://registry.npmjs.org/@electric-sql/pglite/-/pglite-0.3.16.tgz. Extracting by manifest.
4427 silly tarball no local data for strip-ansi@https://registry.npmjs.org/strip-ansi/-/strip-ansi-6.0.1.tgz. Extracting by manifest.
4428 silly tarball no local data for ms@https://registry.npmjs.org/ms/-/ms-2.1.3.tgz. Extracting by manifest.
4429 silly tarball no local data for @colors/colors@https://registry.npmjs.org/@colors/colors/-/colors-1.6.0.tgz. Extracting by manifest.
4430 silly tarball no local data for ini@https://registry.npmjs.org/ini/-/ini-1.3.8.tgz. Extracting by manifest.
4431 silly tarball no local data for color-convert@https://registry.npmjs.org/color-convert/-/color-convert-2.0.1.tgz. Extracting by manifest.
4432 silly tarball no local data for semver@https://registry.npmjs.org/semver/-/semver-6.3.1.tgz. Extracting by manifest.
4433 silly tarball no local data for wrap-ansi@https://registry.npmjs.org/wrap-ansi/-/wrap-ansi-7.0.0.tgz. Extracting by manifest.
4434 silly tarball no local data for graceful-fs@https://registry.npmjs.org/graceful-fs/-/graceful-fs-4.2.10.tgz. Extracting by manifest.
4435 silly tarball no local data for ini@https://registry.npmjs.org/ini/-/ini-1.3.8.tgz. Extracting by manifest.
4436 silly tarball no local data for strip-ansi@https://registry.npmjs.org/strip-ansi/-/strip-ansi-6.0.1.tgz. Extracting by manifest.
4437 silly tarball no local data for ansi-regex@https://registry.npmjs.org/ansi-regex/-/ansi-regex-5.0.1.tgz. Extracting by manifest.
4438 silly tarball no local data for chalk@https://registry.npmjs.org/chalk/-/chalk-4.1.2.tgz. Extracting by manifest.
4439 silly tarball no local data for isexe@https://registry.npmjs.org/isexe/-/isexe-4.0.0.tgz. Extracting by manifest.
4440 silly tarball no local data for fdir@https://registry.npmjs.org/fdir/-/fdir-6.5.0.tgz. Extracting by manifest.
4441 silly tarball no local data for debug@https://registry.npmjs.org/debug/-/debug-4.4.3.tgz. Extracting by manifest.
4442 silly tarball no local data for path-to-regexp@https://registry.npmjs.org/path-to-regexp/-/path-to-regexp-8.4.2.tgz. Extracting by manifest.
4443 silly tarball no local data for which@https://registry.npmjs.org/which/-/which-6.0.1.tgz. Extracting by manifest.
4444 silly tarball no local data for picomatch@https://registry.npmjs.org/picomatch/-/picomatch-4.0.4.tgz. Extracting by manifest.
4445 silly tarball no local data for ms@https://registry.npmjs.org/ms/-/ms-2.1.3.tgz. Extracting by manifest.
4446 silly tarball no local data for on-finished@https://registry.npmjs.org/on-finished/-/on-finished-2.3.0.tgz. Extracting by manifest.
4447 silly tarball no local data for encodeurl@https://registry.npmjs.org/encodeurl/-/encodeurl-1.0.2.tgz. Extracting by manifest.
4448 silly tarball no local data for negotiator@https://registry.npmjs.org/negotiator/-/negotiator-0.6.4.tgz. Extracting by manifest.
4449 silly tarball no local data for commander@https://registry.npmjs.org/commander/-/commander-2.20.3.tgz. Extracting by manifest.
4450 silly tarball no local data for data-uri-to-buffer@https://registry.npmjs.org/data-uri-to-buffer/-/data-uri-to-buffer-4.0.1.tgz. Extracting by manifest.
4451 silly tarball no local data for finalhandler@https://registry.npmjs.org/finalhandler/-/finalhandler-1.1.2.tgz. Extracting by manifest.
4452 silly tarball no local data for ms@https://registry.npmjs.org/ms/-/ms-2.1.3.tgz. Extracting by manifest.
4453 silly tarball no local data for node-fetch@https://registry.npmjs.org/node-fetch/-/node-fetch-3.3.2.tgz. Extracting by manifest.
4454 silly tarball no local data for statuses@https://registry.npmjs.org/statuses/-/statuses-1.5.0.tgz. Extracting by manifest.
4455 silly tarball no local data for debug@https://registry.npmjs.org/debug/-/debug-4.4.3.tgz. Extracting by manifest.
4456 silly tarball no local data for debug@https://registry.npmjs.org/debug/-/debug-4.4.3.tgz. Extracting by manifest.
4457 silly tarball no local data for ms@https://registry.npmjs.org/ms/-/ms-2.1.3.tgz. Extracting by manifest.
4458 silly tarball no local data for ms@https://registry.npmjs.org/ms/-/ms-2.1.3.tgz. Extracting by manifest.
4459 silly tarball no local data for debug@https://registry.npmjs.org/debug/-/debug-4.4.3.tgz. Extracting by manifest.
4460 silly tarball no local data for signal-exit@https://registry.npmjs.org/signal-exit/-/signal-exit-3.0.7.tgz. Extracting by manifest.
4461 silly tarball no local data for debug@https://registry.npmjs.org/debug/-/debug-4.4.3.tgz. Extracting by manifest.
4462 silly tarball no local data for ms@https://registry.npmjs.org/ms/-/ms-2.1.3.tgz. Extracting by manifest.
4463 silly tarball no local data for chalk@https://registry.npmjs.org/chalk/-/chalk-4.1.2.tgz. Extracting by manifest.
4464 silly tarball no local data for ansi-regex@https://registry.npmjs.org/ansi-regex/-/ansi-regex-5.0.1.tgz. Extracting by manifest.
4465 silly tarball no local data for safe-buffer@https://registry.npmjs.org/safe-buffer/-/safe-buffer-5.1.2.tgz. Extracting by manifest.
4466 silly tarball no local data for wrap-ansi@https://registry.npmjs.org/wrap-ansi/-/wrap-ansi-7.0.0.tgz. Extracting by manifest.
4467 silly tarball no local data for parse5@https://registry.npmjs.org/parse5/-/parse5-6.0.1.tgz. Extracting by manifest.
4468 silly tarball no local data for strip-ansi@https://registry.npmjs.org/strip-ansi/-/strip-ansi-6.0.1.tgz. Extracting by manifest.
4469 silly tarball no local data for yargs@https://registry.npmjs.org/yargs/-/yargs-16.2.0.tgz. Extracting by manifest.
4470 silly tarball no local data for yargs-parser@https://registry.npmjs.org/yargs-parser/-/yargs-parser-20.2.9.tgz. Extracting by manifest.
4471 silly tarball no local data for chalk@https://registry.npmjs.org/chalk/-/chalk-4.1.2.tgz. Extracting by manifest.
4472 silly tarball no local data for readable-stream@https://registry.npmjs.org/readable-stream/-/readable-stream-3.6.2.tgz. Extracting by manifest.
4473 silly tarball no local data for ansi-regex@https://registry.npmjs.org/ansi-regex/-/ansi-regex-5.0.1.tgz. Extracting by manifest.
4474 silly tarball no local data for cliui@https://registry.npmjs.org/cliui/-/cliui-7.0.4.tgz. Extracting by manifest.
4475 silly tarball no local data for strip-ansi@https://registry.npmjs.org/strip-ansi/-/strip-ansi-6.0.1.tgz. Extracting by manifest.
4476 silly tarball no local data for ansi-regex@https://registry.npmjs.org/ansi-regex/-/ansi-regex-5.0.1.tgz. Extracting by manifest.
4477 silly tarball no local data for ansi-regex@https://registry.npmjs.org/ansi-regex/-/ansi-regex-5.0.1.tgz. Extracting by manifest.
4478 silly tarball no local data for strip-ansi@https://registry.npmjs.org/strip-ansi/-/strip-ansi-6.0.1.tgz. Extracting by manifest.
4479 silly tarball no local data for wrap-ansi@https://registry.npmjs.org/wrap-ansi/-/wrap-ansi-8.1.0.tgz. Extracting by manifest.
4480 silly tarball no local data for debug@https://registry.npmjs.org/debug/-/debug-4.4.3.tgz. Extracting by manifest.
4481 silly tarball no local data for ansi-styles@https://registry.npmjs.org/ansi-styles/-/ansi-styles-6.2.3.tgz. Extracting by manifest.
4482 silly tarball no local data for ms@https://registry.npmjs.org/ms/-/ms-2.1.3.tgz. Extracting by manifest.
4483 silly tarball no local data for readable-stream@https://registry.npmjs.org/readable-stream/-/readable-stream-3.6.2.tgz. Extracting by manifest.
4484 silly tarball no local data for mime@https://registry.npmjs.org/mime/-/mime-1.6.0.tgz. Extracting by manifest.
4485 silly tarball no local data for string-width@https://registry.npmjs.org/string-width/-/string-width-5.1.2.tgz. Extracting by manifest.
4486 silly tarball no local data for emoji-regex@https://registry.npmjs.org/emoji-regex/-/emoji-regex-9.2.2.tgz. Extracting by manifest.
4487 silly tarball no local data for ms@https://registry.npmjs.org/ms/-/ms-2.1.3.tgz. Extracting by manifest.
4488 silly tarball no local data for argparse@https://registry.npmjs.org/argparse/-/argparse-2.0.1.tgz. Extracting by manifest.
4489 silly tarball no local data for js-yaml@https://registry.npmjs.org/js-yaml/-/js-yaml-4.2.0.tgz. Extracting by manifest.
4490 silly tarball no local data for ansi-regex@https://registry.npmjs.org/ansi-regex/-/ansi-regex-5.0.1.tgz. Extracting by manifest.
4491 silly tarball no local data for readable-stream@https://registry.npmjs.org/readable-stream/-/readable-stream-2.3.8.tgz. Extracting by manifest.
4492 silly tarball no local data for semver@https://registry.npmjs.org/semver/-/semver-6.3.1.tgz. Extracting by manifest.
4493 silly tarball no local data for signal-exit@https://registry.npmjs.org/signal-exit/-/signal-exit-3.0.7.tgz. Extracting by manifest.
4494 silly tarball no local data for safe-buffer@https://registry.npmjs.org/safe-buffer/-/safe-buffer-5.1.2.tgz. Extracting by manifest.
4495 silly tarball no local data for string_decoder@https://registry.npmjs.org/string_decoder/-/string_decoder-1.1.1.tgz. Extracting by manifest.
4496 silly tarball no local data for buffer@https://registry.npmjs.org/buffer/-/buffer-6.0.3.tgz. Extracting by manifest.
4497 silly tarball no local data for strip-ansi@https://registry.npmjs.org/strip-ansi/-/strip-ansi-6.0.1.tgz. Extracting by manifest.
4498 silly tarball no local data for ansi-regex@https://registry.npmjs.org/ansi-regex/-/ansi-regex-5.0.1.tgz. Extracting by manifest.
4499 silly tarball no local data for brace-expansion@https://registry.npmjs.org/brace-expansion/-/brace-expansion-2.1.1.tgz. Extracting by manifest.
4500 silly tarball no local data for minimatch@https://registry.npmjs.org/minimatch/-/minimatch-5.1.9.tgz. Extracting by manifest.
4501 silly tarball no local data for data-uri-to-buffer@https://registry.npmjs.org/data-uri-to-buffer/-/data-uri-to-buffer-4.0.1.tgz. Extracting by manifest.
4502 silly tarball no local data for strip-ansi@https://registry.npmjs.org/strip-ansi/-/strip-ansi-6.0.1.tgz. Extracting by manifest.
4503 silly tarball no local data for google-logging-utils@https://registry.npmjs.org/google-logging-utils/-/google-logging-utils-1.1.3.tgz. Extracting by manifest.
4504 silly tarball no local data for node-fetch@https://registry.npmjs.org/node-fetch/-/node-fetch-3.3.2.tgz. Extracting by manifest.
4505 silly tarball no local data for google-auth-library@https://registry.npmjs.org/google-auth-library/-/google-auth-library-10.6.2.tgz. Extracting by manifest.
4506 silly tarball no local data for gcp-metadata@https://registry.npmjs.org/gcp-metadata/-/gcp-metadata-8.1.2.tgz. Extracting by manifest.
4507 silly tarball no local data for gaxios@https://registry.npmjs.org/gaxios/-/gaxios-7.1.4.tgz. Extracting by manifest.
4508 silly tarball no local data for gcp-metadata@https://registry.npmjs.org/gcp-metadata/-/gcp-metadata-8.1.2.tgz. Extracting by manifest.
4509 silly tarball no local data for data-uri-to-buffer@https://registry.npmjs.org/data-uri-to-buffer/-/data-uri-to-buffer-4.0.1.tgz. Extracting by manifest.
4510 silly tarball no local data for node-fetch@https://registry.npmjs.org/node-fetch/-/node-fetch-3.3.2.tgz. Extracting by manifest.
4511 silly tarball no local data for google-auth-library@https://registry.npmjs.org/google-auth-library/-/google-auth-library-10.6.2.tgz. Extracting by manifest.
4512 silly tarball no local data for google-logging-utils@https://registry.npmjs.org/google-logging-utils/-/google-logging-utils-1.1.3.tgz. Extracting by manifest.
4513 silly tarball no local data for @opentelemetry/semantic-conventions@https://registry.npmjs.org/@opentelemetry/semantic-conventions/-/semantic-conventions-1.28.0.tgz. Extracting by manifest.
4514 silly tarball no local data for gaxios@https://registry.npmjs.org/gaxios/-/gaxios-7.1.4.tgz. Extracting by manifest.
4515 silly tarball no local data for @colors/colors@https://registry.npmjs.org/@colors/colors/-/colors-1.6.0.tgz. Extracting by manifest.
4516 silly tarball no local data for chalk@https://registry.npmjs.org/chalk/-/chalk-4.1.2.tgz. Extracting by manifest.
4517 silly tarball no local data for ms@https://registry.npmjs.org/ms/-/ms-2.1.3.tgz. Extracting by manifest.
4518 silly tarball no local data for readable-stream@https://registry.npmjs.org/readable-stream/-/readable-stream-3.6.2.tgz. Extracting by manifest.
4519 silly tarball no local data for readable-stream@https://registry.npmjs.org/readable-stream/-/readable-stream-3.6.2.tgz. Extracting by manifest.
4520 silly tarball no local data for uuid@https://registry.npmjs.org/uuid/-/uuid-14.0.0.tgz. Extracting by manifest.
4521 silly tarball no local data for debug@https://registry.npmjs.org/debug/-/debug-4.4.3.tgz. Extracting by manifest.
4522 silly tarball no local data for ms@https://registry.npmjs.org/ms/-/ms-2.1.2.tgz. Extracting by manifest.
4523 silly tarball no local data for path-to-regexp@https://registry.npmjs.org/path-to-regexp/-/path-to-regexp-1.9.0.tgz. Extracting by manifest.
4524 silly tarball no local data for isarray@https://registry.npmjs.org/isarray/-/isarray-0.0.1.tgz. Extracting by manifest.
4525 silly tarball no local data for minimatch@https://registry.npmjs.org/minimatch/-/minimatch-6.2.3.tgz. Extracting by manifest.
4526 silly tarball no local data for debug@https://registry.npmjs.org/debug/-/debug-4.3.1.tgz. Extracting by manifest.
4527 silly tarball no local data for brace-expansion@https://registry.npmjs.org/brace-expansion/-/brace-expansion-2.1.1.tgz. Extracting by manifest.
4528 silly tarball no local data for commander@https://registry.npmjs.org/commander/-/commander-10.0.1.tgz. Extracting by manifest.
4529 silly tarball no local data for ms@https://registry.npmjs.org/ms/-/ms-2.1.3.tgz. Extracting by manifest.
4530 silly tarball no local data for argparse@https://registry.npmjs.org/argparse/-/argparse-2.0.1.tgz. Extracting by manifest.
4531 silly tarball no local data for ms@https://registry.npmjs.org/ms/-/ms-2.1.3.tgz. Extracting by manifest.
4532 silly tarball no local data for debug@https://registry.npmjs.org/debug/-/debug-4.4.3.tgz. Extracting by manifest.
4533 silly tarball no local data for lru-cache@https://registry.npmjs.org/lru-cache/-/lru-cache-7.18.3.tgz. Extracting by manifest.
4534 silly tarball no local data for chalk@https://registry.npmjs.org/chalk/-/chalk-4.1.2.tgz. Extracting by manifest.
4535 silly tarball no local data for ansi-regex@https://registry.npmjs.org/ansi-regex/-/ansi-regex-5.0.1.tgz. Extracting by manifest.
4536 silly tarball no local data for strip-ansi@https://registry.npmjs.org/strip-ansi/-/strip-ansi-6.0.1.tgz. Extracting by manifest.
4537 silly tarball no local data for brace-expansion@https://registry.npmjs.org/brace-expansion/-/brace-expansion-2.1.1.tgz. Extracting by manifest.
4538 silly tarball no local data for minimatch@https://registry.npmjs.org/minimatch/-/minimatch-9.0.9.tgz. Extracting by manifest.
4539 silly tarball no local data for debug@https://registry.npmjs.org/debug/-/debug-4.4.3.tgz. Extracting by manifest.
4540 silly tarball no local data for uuid@https://registry.npmjs.org/uuid/-/uuid-9.0.1.tgz. Extracting by manifest.
4541 silly tarball no local data for ms@https://registry.npmjs.org/ms/-/ms-2.1.3.tgz. Extracting by manifest.
4542 silly tarball no local data for raw-body@https://registry.npmjs.org/raw-body/-/raw-body-2.5.3.tgz. Extracting by manifest.
4543 silly tarball no local data for media-typer@https://registry.npmjs.org/media-typer/-/media-typer-1.1.0.tgz. Extracting by manifest.
4544 silly tarball no local data for iconv-lite@https://registry.npmjs.org/iconv-lite/-/iconv-lite-0.4.24.tgz. Extracting by manifest.
4545 silly tarball no local data for iconv-lite@https://registry.npmjs.org/iconv-lite/-/iconv-lite-0.4.24.tgz. Extracting by manifest.
4546 silly tarball no local data for ms@https://registry.npmjs.org/ms/-/ms-2.1.3.tgz. Extracting by manifest.
4547 silly tarball no local data for ajv-formats@https://registry.npmjs.org/ajv-formats/-/ajv-formats-2.1.1.tgz. Extracting by manifest.
4548 silly tarball no local data for negotiator@https://registry.npmjs.org/negotiator/-/negotiator-1.0.0.tgz. Extracting by manifest.
4549 silly tarball no local data for raw-body@https://registry.npmjs.org/raw-body/-/raw-body-2.5.3.tgz. Extracting by manifest.
4550 silly tarball no local data for serve-static@https://registry.npmjs.org/serve-static/-/serve-static-2.2.1.tgz. Extracting by manifest.
4551 silly tarball no local data for mime-db@https://registry.npmjs.org/mime-db/-/mime-db-1.54.0.tgz. Extracting by manifest.
4552 silly tarball no local data for content-type@https://registry.npmjs.org/content-type/-/content-type-2.0.0.tgz. Extracting by manifest.
4553 silly tarball no local data for send@https://registry.npmjs.org/send/-/send-1.2.1.tgz. Extracting by manifest.
4554 silly tarball no local data for mime-types@https://registry.npmjs.org/mime-types/-/mime-types-3.0.2.tgz. Extracting by manifest.
4555 silly tarball no local data for finalhandler@https://registry.npmjs.org/finalhandler/-/finalhandler-2.1.1.tgz. Extracting by manifest.
4556 silly tarball no local data for debug@https://registry.npmjs.org/debug/-/debug-4.4.3.tgz. Extracting by manifest.
4557 silly tarball no local data for type-is@https://registry.npmjs.org/type-is/-/type-is-2.1.0.tgz. Extracting by manifest.
4558 silly tarball no local data for fresh@https://registry.npmjs.org/fresh/-/fresh-2.0.0.tgz. Extracting by manifest.
4559 silly tarball no local data for merge-descriptors@https://registry.npmjs.org/merge-descriptors/-/merge-descriptors-2.0.0.tgz. Extracting by manifest.
4560 silly tarball no local data for cookie-signature@https://registry.npmjs.org/cookie-signature/-/cookie-signature-1.2.2.tgz. Extracting by manifest.
4561 silly tarball no local data for content-disposition@https://registry.npmjs.org/content-disposition/-/content-disposition-1.1.0.tgz. Extracting by manifest.
4562 silly tarball no local data for node-fetch@https://registry.npmjs.org/node-fetch/-/node-fetch-3.3.2.tgz. Extracting by manifest.
4563 silly tarball no local data for body-parser@https://registry.npmjs.org/body-parser/-/body-parser-2.2.2.tgz. Extracting by manifest.
4564 silly tarball no local data for express@https://registry.npmjs.org/express/-/express-5.2.1.tgz. Extracting by manifest.
4565 silly tarball no local data for accepts@https://registry.npmjs.org/accepts/-/accepts-2.0.0.tgz. Extracting by manifest.
4566 silly tarball no local data for data-uri-to-buffer@https://registry.npmjs.org/data-uri-to-buffer/-/data-uri-to-buffer-4.0.1.tgz. Extracting by manifest.
4567 silly tarball no local data for gaxios@https://registry.npmjs.org/gaxios/-/gaxios-7.1.4.tgz. Extracting by manifest.
4568 silly tarball no local data for gcp-metadata@https://registry.npmjs.org/gcp-metadata/-/gcp-metadata-8.1.2.tgz. Extracting by manifest.
4569 silly tarball no local data for google-auth-library@https://registry.npmjs.org/google-auth-library/-/google-auth-library-10.6.2.tgz. Extracting by manifest.
4570 silly tarball no local data for google-logging-utils@https://registry.npmjs.org/google-logging-utils/-/google-logging-utils-1.1.3.tgz. Extracting by manifest.
4571 silly tarball no local data for node-fetch@https://registry.npmjs.org/node-fetch/-/node-fetch-3.3.2.tgz. Extracting by manifest.
4572 silly tarball no local data for gcp-metadata@https://registry.npmjs.org/gcp-metadata/-/gcp-metadata-8.1.2.tgz. Extracting by manifest.
4573 silly tarball no local data for google-auth-library@https://registry.npmjs.org/google-auth-library/-/google-auth-library-10.6.2.tgz. Extracting by manifest.
4574 silly tarball no local data for data-uri-to-buffer@https://registry.npmjs.org/data-uri-to-buffer/-/data-uri-to-buffer-4.0.1.tgz. Extracting by manifest.
4575 silly tarball no local data for gaxios@https://registry.npmjs.org/gaxios/-/gaxios-7.1.4.tgz. Extracting by manifest.
4576 silly tarball no local data for google-logging-utils@https://registry.npmjs.org/google-logging-utils/-/google-logging-utils-1.1.3.tgz. Extracting by manifest.
4577 http fetch GET 200 https://registry.npmjs.org/core-util-is/-/core-util-is-1.0.3.tgz 196ms (cache miss)
4578 http fetch GET 200 https://registry.npmjs.org/isarray/-/isarray-1.0.0.tgz 244ms (cache miss)
4579 http fetch GET 200 https://registry.npmjs.org/require-directory/-/require-directory-2.1.1.tgz 288ms (cache miss)
4580 http fetch GET 200 https://registry.npmjs.org/y18n/-/y18n-5.0.8.tgz 288ms (cache miss)
4581 http fetch GET 200 https://registry.npmjs.org/util-deprecate/-/util-deprecate-1.0.2.tgz 297ms (cache miss)
4582 http fetch GET 200 https://registry.npmjs.org/process-nextick-args/-/process-nextick-args-2.0.1.tgz 298ms (cache miss)
4583 http fetch GET 200 https://registry.npmjs.org/yargs-parser/-/yargs-parser-21.1.1.tgz 298ms (cache miss)
4584 http fetch POST 200 https://registry.npmjs.org/-/npm/v1/security/advisories/bulk 391ms
4585 silly audit report {
4585 silly audit report   uuid: [
4585 silly audit report     {
4585 silly audit report       id: 1119441,
4585 silly audit report       url: 'https://github.com/advisories/GHSA-w5hq-g745-h8pq',
4585 silly audit report       title: 'uuid: Missing buffer bounds check in v3/v5/v6 when buf is provided',
4585 silly audit report       severity: 'moderate',
4585 silly audit report       vulnerable_versions: '<11.1.1',
4585 silly audit report       cwe: [Array],
4585 silly audit report       cvss: [Object]
4585 silly audit report     }
4585 silly audit report   ]
4585 silly audit report }
4586 silly packumentCache corgi:https://registry.npmjs.org/uuid cache-miss
4587 http fetch GET 200 https://registry.npmjs.org/eastasianwidth/-/eastasianwidth-0.2.0.tgz 343ms (cache miss)
4588 http fetch GET 200 https://registry.npmjs.org/crc32-stream/-/crc32-stream-6.0.0.tgz 344ms (cache miss)
4589 http fetch GET 200 https://registry.npmjs.org/get-caller-file/-/get-caller-file-2.0.5.tgz 343ms (cache miss)
4590 http fetch GET 200 https://registry.npmjs.org/crc-32/-/crc-32-1.2.2.tgz 346ms (cache miss)
4591 http fetch GET 200 https://registry.npmjs.org/escalade/-/escalade-3.2.0.tgz 346ms (cache miss)
4592 http fetch GET 200 https://registry.npmjs.org/is-typedarray/-/is-typedarray-1.0.0.tgz 347ms (cache miss)
4593 http fetch GET 200 https://registry.npmjs.org/fetch-blob/-/fetch-blob-3.2.0.tgz 348ms (cache miss)
4594 http fetch GET 200 https://registry.npmjs.org/typedarray-to-buffer/-/typedarray-to-buffer-3.1.5.tgz 350ms (cache miss)
4595 http fetch GET 200 https://registry.npmjs.org/cliui/-/cliui-8.0.1.tgz 352ms (cache miss)
4596 http fetch GET 200 https://registry.npmjs.org/compress-commons/-/compress-commons-6.0.2.tgz 355ms (cache miss)
4597 http fetch GET 200 https://registry.npmjs.org/imurmurhash/-/imurmurhash-0.1.4.tgz 358ms (cache miss)
4598 http fetch GET 200 https://registry.npmjs.org/node-domexception/-/node-domexception-1.0.0.tgz 359ms (cache miss)
4599 warn deprecated node-domexception@1.0.0: Use your platform's native DOMException instead
4600 http fetch GET 200 https://registry.npmjs.org/ansi-styles/-/ansi-styles-4.3.0.tgz 365ms (cache miss)
4601 http fetch GET 200 https://registry.npmjs.org/fn.name/-/fn.name-1.1.0.tgz 380ms (cache miss)
4602 http fetch GET 200 https://registry.npmjs.org/color-name/-/color-name-2.1.0.tgz 380ms (cache miss)
4603 http fetch GET 200 https://registry.npmjs.org/color-string/-/color-string-2.1.4.tgz 380ms (cache miss)
4604 http fetch GET 200 https://registry.npmjs.org/text-hex/-/text-hex-1.0.0.tgz 392ms (cache miss)
4605 http fetch GET 200 https://registry.npmjs.org/color-convert/-/color-convert-3.1.3.tgz 392ms (cache miss)
4606 http fetch GET 200 https://registry.npmjs.org/@types/triple-beam/-/triple-beam-1.3.5.tgz 392ms (cache miss)
4607 http fetch GET 200 https://registry.npmjs.org/color/-/color-5.0.3.tgz 392ms (cache miss)
4608 http fetch GET 200 https://registry.npmjs.org/kuler/-/kuler-2.0.0.tgz 407ms (cache miss)
4609 http fetch GET 200 https://registry.npmjs.org/enabled/-/enabled-2.0.0.tgz 407ms (cache miss)
4610 http fetch GET 200 https://registry.npmjs.org/fecha/-/fecha-4.2.3.tgz 426ms (cache miss)
4611 http fetch GET 200 https://registry.npmjs.org/stack-trace/-/stack-trace-0.0.10.tgz 451ms (cache miss)
4612 http fetch GET 200 https://registry.npmjs.org/one-time/-/one-time-1.0.0.tgz 450ms (cache miss)
4613 http fetch GET 200 https://registry.npmjs.org/safe-stable-stringify/-/safe-stable-stringify-2.5.0.tgz 451ms (cache miss)
4614 http fetch GET 200 https://registry.npmjs.org/isexe/-/isexe-2.0.0.tgz 450ms (cache miss)
4615 http fetch GET 200 https://registry.npmjs.org/@so-ric/colorspace/-/colorspace-1.1.6.tgz 451ms (cache miss)
4616 http fetch GET 200 https://registry.npmjs.org/webidl-conversions/-/webidl-conversions-3.0.1.tgz 460ms (cache miss)
4617 http fetch GET 200 https://registry.npmjs.org/logform/-/logform-2.7.0.tgz 464ms (cache miss)
4618 http fetch GET 200 https://registry.npmjs.org/tr46/-/tr46-0.0.3.tgz 470ms (cache miss)
4619 http fetch GET 200 https://registry.npmjs.org/formdata-polyfill/-/formdata-polyfill-4.0.10.tgz 489ms (cache miss)
4620 http fetch GET 200 https://registry.npmjs.org/strip-json-comments/-/strip-json-comments-2.0.1.tgz 508ms (cache miss)
4621 http fetch GET 200 https://registry.npmjs.org/clone/-/clone-1.0.4.tgz 509ms (cache miss)
4622 http fetch GET 200 https://registry.npmjs.org/defaults/-/defaults-1.0.4.tgz 522ms (cache miss)
4623 http fetch GET 200 https://registry.npmjs.org/proto-list/-/proto-list-1.2.4.tgz 522ms (cache miss)
4624 http fetch GET 200 https://registry.npmjs.org/escape-goat/-/escape-goat-2.1.1.tgz 522ms (cache miss)
4625 http fetch GET 200 https://registry.npmjs.org/config-chain/-/config-chain-1.1.13.tgz 522ms (cache miss)
4626 http fetch GET 200 https://registry.npmjs.org/rc/-/rc-1.2.8.tgz 523ms (cache miss)
4627 http fetch GET 200 https://registry.npmjs.org/deep-extend/-/deep-extend-0.6.0.tgz 524ms (cache miss)
4628 http fetch GET 200 https://registry.npmjs.org/web-streams-polyfill/-/web-streams-polyfill-3.3.3.tgz 530ms (cache miss)
4629 http fetch GET 200 https://registry.npmjs.org/ini/-/ini-2.0.0.tgz 537ms (cache miss)
4630 http fetch GET 200 https://registry.npmjs.org/whatwg-fetch/-/whatwg-fetch-3.6.20.tgz 537ms (cache miss)
4631 http fetch GET 200 https://registry.npmjs.org/is-path-inside/-/is-path-inside-3.0.3.tgz 553ms (cache miss)
4632 http fetch GET 200 https://registry.npmjs.org/ci-info/-/ci-info-2.0.0.tgz 562ms (cache miss)
4633 http fetch GET 200 https://registry.npmjs.org/widest-line/-/widest-line-3.1.0.tgz 578ms (cache miss)
4634 http fetch GET 200 https://registry.npmjs.org/registry-auth-token/-/registry-auth-token-5.1.1.tgz 618ms (cache miss)
4635 http fetch GET 200 https://registry.npmjs.org/ansi-align/-/ansi-align-3.0.1.tgz 622ms (cache miss)
4636 http fetch GET 200 https://registry.npmjs.org/semver-diff/-/semver-diff-3.1.1.tgz 622ms (cache miss)
4637 http fetch GET 200 https://registry.npmjs.org/global-dirs/-/global-dirs-3.0.1.tgz 623ms (cache miss)
4638 http fetch GET 200 https://registry.npmjs.org/camelcase/-/camelcase-6.3.0.tgz 623ms (cache miss)
4639 http fetch GET 200 https://registry.npmjs.org/registry-url/-/registry-url-5.1.0.tgz 624ms (cache miss)
4640 http fetch GET 200 https://registry.npmjs.org/cli-boxes/-/cli-boxes-2.2.1.tgz 624ms (cache miss)
4641 http fetch GET 200 https://registry.npmjs.org/isomorphic-fetch/-/isomorphic-fetch-3.0.0.tgz 624ms (cache miss)
4642 http fetch GET 200 https://registry.npmjs.org/pupa/-/pupa-2.1.1.tgz 624ms (cache miss)
4643 http fetch GET 200 https://registry.npmjs.org/@dabh/diagnostics/-/diagnostics-2.0.8.tgz 628ms (cache miss)
4644 http fetch GET 200 https://registry.npmjs.org/type-fest/-/type-fest-0.20.2.tgz 629ms (cache miss)
4645 http fetch GET 200 https://registry.npmjs.org/is-yarn-global/-/is-yarn-global-0.3.0.tgz 637ms (cache miss)
4646 http fetch GET 200 https://registry.npmjs.org/is-installed-globally/-/is-installed-globally-0.4.0.tgz 662ms (cache miss)
4647 http fetch GET 200 https://registry.npmjs.org/is-npm/-/is-npm-5.0.0.tgz 662ms (cache miss)
4648 http fetch GET 200 https://registry.npmjs.org/minimist/-/minimist-1.2.8.tgz 664ms (cache miss)
4649 http fetch GET 200 https://registry.npmjs.org/has-yarn/-/has-yarn-2.1.0.tgz 666ms (cache miss)
4650 http fetch GET 200 https://registry.npmjs.org/crypto-random-string/-/crypto-random-string-2.0.0.tgz 674ms (cache miss)
4651 http fetch GET 200 https://registry.npmjs.org/boxen/-/boxen-5.1.2.tgz 675ms (cache miss)
4652 http fetch GET 200 https://registry.npmjs.org/media-typer/-/media-typer-0.3.0.tgz 675ms (cache miss)
4653 http fetch GET 200 https://registry.npmjs.org/is-ci/-/is-ci-2.0.0.tgz 678ms (cache miss)
4654 http fetch GET 200 https://registry.npmjs.org/is-number/-/is-number-7.0.0.tgz 689ms (cache miss)
4655 http fetch GET 200 https://registry.npmjs.org/import-lazy/-/import-lazy-2.1.0.tgz 690ms (cache miss)
4656 http fetch GET 200 https://registry.npmjs.org/stubs/-/stubs-3.0.0.tgz 710ms (cache miss)
4657 http fetch GET 200 https://registry.npmjs.org/thenify/-/thenify-3.3.1.tgz 721ms (cache miss)
4658 http fetch GET 200 https://registry.npmjs.org/deep-is/-/deep-is-0.1.4.tgz 717ms (cache miss)
4659 http fetch GET 200 https://registry.npmjs.org/ip-regex/-/ip-regex-4.3.0.tgz 729ms (cache miss)
4660 http fetch GET 200 https://registry.npmjs.org/stream-events/-/stream-events-1.0.5.tgz 729ms (cache miss)
4661 http fetch GET 200 https://registry.npmjs.org/teex/-/teex-1.0.1.tgz 729ms (cache miss)
4662 http fetch GET 200 https://registry.npmjs.org/events-universal/-/events-universal-1.0.1.tgz 729ms (cache miss)
4663 http fetch GET 200 https://registry.npmjs.org/text-decoder/-/text-decoder-1.2.7.tgz 729ms (cache miss)
4664 http fetch GET 200 https://registry.npmjs.org/is2/-/is2-2.0.9.tgz 749ms (cache miss)
4665 http fetch GET 200 https://registry.npmjs.org/bare-stream/-/bare-stream-2.13.1.tgz 772ms (cache miss)
4666 http fetch GET 200 https://registry.npmjs.org/bare-path/-/bare-path-3.0.1.tgz 771ms (cache miss)
4667 http fetch GET 200 https://registry.npmjs.org/bare-events/-/bare-events-2.9.1.tgz 772ms (cache miss)
4668 http fetch GET 200 https://registry.npmjs.org/fast-fifo/-/fast-fifo-1.3.2.tgz 779ms (cache miss)
4669 http fetch GET 200 https://registry.npmjs.org/@pnpm/npm-conf/-/npm-conf-3.0.2.tgz 788ms (cache miss)
4670 http fetch GET 200 https://registry.npmjs.org/@pnpm/network.ca-file/-/network.ca-file-1.0.2.tgz 798ms (cache miss)
4671 http fetch GET 200 https://registry.npmjs.org/@pnpm/config.env-replace/-/config.env-replace-1.1.0.tgz 798ms (cache miss)
4672 http fetch GET 200 https://registry.npmjs.org/streamx/-/streamx-2.26.0.tgz 806ms (cache miss)
4673 http fetch GET 200 https://registry.npmjs.org/b4a/-/b4a-1.8.1.tgz 819ms (cache miss)
4674 http fetch GET 200 https://registry.npmjs.org/yallist/-/yallist-5.0.0.tgz 820ms (cache miss)
4675 http fetch GET 200 https://registry.npmjs.org/chownr/-/chownr-3.0.0.tgz 832ms (cache miss)
4676 http fetch GET 200 https://registry.npmjs.org/supports-color/-/supports-color-7.2.0.tgz 843ms (cache miss)
4677 http fetch GET 200 https://registry.npmjs.org/has-flag/-/has-flag-4.0.0.tgz 844ms (cache miss)
4678 http fetch GET 200 https://registry.npmjs.org/abbrev/-/abbrev-4.0.0.tgz 844ms (cache miss)
4679 http fetch GET 200 https://registry.npmjs.org/tinyglobby/-/tinyglobby-0.2.17.tgz 845ms (cache miss)
4680 http fetch GET 200 https://registry.npmjs.org/minizlib/-/minizlib-3.1.0.tgz 848ms (cache miss)
4681 http fetch GET 200 https://registry.npmjs.org/proc-log/-/proc-log-6.1.0.tgz 870ms (cache miss)
4682 http fetch GET 200 https://registry.npmjs.org/bare-os/-/bare-os-3.9.1.tgz 876ms (cache miss)
4683 http fetch GET 200 https://registry.npmjs.org/env-paths/-/env-paths-2.2.1.tgz 886ms (cache miss)
4684 http fetch GET 200 https://registry.npmjs.org/nopt/-/nopt-9.0.0.tgz 887ms (cache miss)
4685 http fetch GET 200 https://registry.npmjs.org/exponential-backoff/-/exponential-backoff-3.1.3.tgz 891ms (cache miss)
4686 http fetch GET 200 https://registry.npmjs.org/lodash._objecttypes/-/lodash._objecttypes-2.4.1.tgz 938ms (cache miss)
4687 http fetch GET 200 https://registry.npmjs.org/is-promise/-/is-promise-4.0.0.tgz 941ms (cache miss)
4688 http fetch GET 200 https://registry.npmjs.org/toxic/-/toxic-1.0.1.tgz 940ms (cache miss)
4689 http fetch GET 200 https://registry.npmjs.org/as-array/-/as-array-2.0.0.tgz 941ms (cache miss)
4690 http fetch GET 200 https://registry.npmjs.org/url-join/-/url-join-0.0.1.tgz 941ms (cache miss)
4691 http fetch GET 200 https://registry.npmjs.org/install-artifact-from-github/-/install-artifact-from-github-1.6.0.tgz 942ms (cache miss)
4692 http fetch GET 200 https://registry.npmjs.org/bare-url/-/bare-url-2.4.3.tgz 944ms (cache miss)
4693 http fetch GET 200 https://registry.npmjs.org/glob-slash/-/glob-slash-1.0.0.tgz 943ms (cache miss)
4694 http fetch GET 200 https://registry.npmjs.org/lodash.isobject/-/lodash.isobject-2.4.1.tgz 943ms (cache miss)
4695 http fetch GET 200 https://registry.npmjs.org/bare-fs/-/bare-fs-4.7.2.tgz 946ms (cache miss)
4696 http fetch GET 200 https://registry.npmjs.org/compressible/-/compressible-2.0.18.tgz 946ms (cache miss)
4697 http fetch GET 200 https://registry.npmjs.org/nan/-/nan-2.27.0.tgz 964ms (cache miss)
4698 http fetch GET 200 https://registry.npmjs.org/tsscmp/-/tsscmp-1.0.6.tgz 1003ms (cache miss)
4699 http fetch GET 200 https://registry.npmjs.org/undici/-/undici-6.26.0.tgz 1007ms (cache miss)
4700 http fetch GET 200 https://registry.npmjs.org/is-url/-/is-url-1.2.4.tgz 1021ms (cache miss)
4701 http fetch GET 200 https://registry.npmjs.org/glob-slasher/-/glob-slasher-1.0.1.tgz 1021ms (cache miss)
4702 http fetch GET 200 https://registry.npmjs.org/join-path/-/join-path-1.1.1.tgz 1021ms (cache miss)
4703 http fetch GET 200 https://registry.npmjs.org/connect/-/connect-3.7.0.tgz 1021ms (cache miss)
4704 http fetch GET 200 https://registry.npmjs.org/router/-/router-2.2.0.tgz 1022ms (cache miss)
4705 http fetch GET 200 https://registry.npmjs.org/@isaacs/fs-minipass/-/fs-minipass-4.0.1.tgz 1058ms (cache miss)
4706 http fetch GET 200 https://registry.npmjs.org/compression/-/compression-1.8.1.tgz 1059ms (cache miss)
4707 http fetch GET 200 https://registry.npmjs.org/is-fullwidth-code-point/-/is-fullwidth-code-point-3.0.0.tgz 1071ms (cache miss)
4708 http fetch GET 200 https://registry.npmjs.org/basic-auth-connect/-/basic-auth-connect-1.1.0.tgz 1091ms (cache miss)
4709 http fetch GET 200 https://registry.npmjs.org/discontinuous-range/-/discontinuous-range-1.0.0.tgz 1091ms (cache miss)
4710 http fetch GET 200 https://registry.npmjs.org/ret/-/ret-0.1.15.tgz 1091ms (cache miss)
4711 http fetch GET 200 https://registry.npmjs.org/emoji-regex/-/emoji-regex-8.0.0.tgz 1091ms (cache miss)
4712 http fetch GET 200 https://registry.npmjs.org/nearley/-/nearley-2.20.1.tgz 1092ms (cache miss)
4713 http fetch GET 200 https://registry.npmjs.org/valid-url/-/valid-url-1.0.9.tgz 1108ms (cache miss)
4714 http fetch GET 200 https://registry.npmjs.org/randexp/-/randexp-0.4.6.tgz 1108ms (cache miss)
4715 http fetch GET 200 https://registry.npmjs.org/node-gyp/-/node-gyp-12.3.0.tgz 1126ms (cache miss)
4716 http fetch GET 200 https://registry.npmjs.org/unicode-emoji-modifier-base/-/unicode-emoji-modifier-base-1.0.0.tgz 1152ms (cache miss)
4717 http fetch GET 200 https://registry.npmjs.org/side-channel-map/-/side-channel-map-1.0.1.tgz 1152ms (cache miss)
4718 http fetch GET 200 https://registry.npmjs.org/side-channel-weakmap/-/side-channel-weakmap-1.0.2.tgz 1154ms (cache miss)
4719 http fetch GET 200 https://registry.npmjs.org/moo/-/moo-0.5.3.tgz 1154ms (cache miss)
4720 http fetch GET 200 https://registry.npmjs.org/call-bound/-/call-bound-1.0.4.tgz 1154ms (cache miss)
4721 http fetch GET 200 https://registry.npmjs.org/railroad-diagrams/-/railroad-diagrams-1.0.0.tgz 1154ms (cache miss)
4722 http fetch GET 200 https://registry.npmjs.org/smart-buffer/-/smart-buffer-4.2.0.tgz 1156ms (cache miss)
4723 http fetch GET 200 https://registry.npmjs.org/socks/-/socks-2.8.9.tgz 1158ms (cache miss)
4724 http fetch GET 200 https://registry.npmjs.org/side-channel-list/-/side-channel-list-1.0.1.tgz 1178ms (cache miss)
4725 http fetch GET 200 https://registry.npmjs.org/shebang-regex/-/shebang-regex-3.0.0.tgz 1184ms (cache miss)
4726 http fetch GET 200 https://registry.npmjs.org/object-inspect/-/object-inspect-1.13.4.tgz 1185ms (cache miss)
4727 http fetch GET 200 https://registry.npmjs.org/string_decoder/-/string_decoder-1.3.0.tgz 1186ms (cache miss)
4728 http fetch GET 200 https://registry.npmjs.org/mimic-fn/-/mimic-fn-2.1.0.tgz 1203ms (cache miss)
4729 http fetch GET 200 https://registry.npmjs.org/teeny-request/-/teeny-request-10.1.2.tgz 1205ms (cache miss)
4730 http fetch GET 200 https://registry.npmjs.org/events/-/events-3.3.0.tgz 1207ms (cache miss)
4731 http fetch GET 200 https://registry.npmjs.org/side-channel/-/side-channel-1.1.0.tgz 1221ms (cache miss)
4732 http fetch GET 200 https://registry.npmjs.org/escodegen/-/escodegen-2.1.0.tgz 1247ms (cache miss)
4733 http fetch GET 200 https://registry.npmjs.org/onetime/-/onetime-5.1.2.tgz 1249ms (cache miss)
4734 http fetch GET 200 https://registry.npmjs.org/process/-/process-0.11.10.tgz 1249ms (cache miss)
4735 http fetch GET 200 https://registry.npmjs.org/estraverse/-/estraverse-5.3.0.tgz 1248ms (cache miss)
4736 http fetch GET 200 https://registry.npmjs.org/tslib/-/tslib-2.8.1.tgz 1250ms (cache miss)
4737 http fetch GET 200 https://registry.npmjs.org/ast-types/-/ast-types-0.13.4.tgz 1255ms (cache miss)
4738 http fetch GET 200 https://registry.npmjs.org/socks-proxy-agent/-/socks-proxy-agent-8.0.5.tgz 1289ms (cache miss)
4739 http fetch GET 200 https://registry.npmjs.org/netmask/-/netmask-2.1.1.tgz 1290ms (cache miss)
4740 http fetch GET 200 https://registry.npmjs.org/pac-proxy-agent/-/pac-proxy-agent-7.2.0.tgz 1295ms (cache miss)
4741 http fetch GET 200 https://registry.npmjs.org/basic-ftp/-/basic-ftp-5.3.1.tgz 1296ms (cache miss)
4742 http fetch GET 200 https://registry.npmjs.org/degenerator/-/degenerator-5.0.1.tgz 1302ms (cache miss)
4743 http fetch GET 200 https://registry.npmjs.org/data-uri-to-buffer/-/data-uri-to-buffer-6.0.2.tgz 1303ms (cache miss)
4744 http fetch GET 200 https://registry.npmjs.org/ipaddr.js/-/ipaddr.js-1.9.1.tgz 1302ms (cache miss)
4745 http fetch GET 200 https://registry.npmjs.org/get-uri/-/get-uri-6.0.5.tgz 1304ms (cache miss)
4746 http fetch GET 200 https://registry.npmjs.org/pac-resolver/-/pac-resolver-7.0.1.tgz 1305ms (cache miss)
4747 http fetch GET 200 https://registry.npmjs.org/http-proxy-agent/-/http-proxy-agent-7.0.2.tgz 1305ms (cache miss)
4748 http fetch GET 200 https://registry.npmjs.org/forwarded/-/forwarded-0.2.0.tgz 1305ms (cache miss)
4749 http fetch GET 200 https://registry.npmjs.org/proxy-from-env/-/proxy-from-env-1.1.0.tgz 1310ms (cache miss)
4750 http fetch GET 200 https://registry.npmjs.org/source-map/-/source-map-0.6.1.tgz 1319ms (cache miss)
4751 http fetch GET 200 https://registry.npmjs.org/undici-types/-/undici-types-7.24.6.tgz 1335ms (cache miss)
4752 http fetch GET 200 https://registry.npmjs.org/@protobufjs/inquire/-/inquire-1.1.2.tgz 1343ms (cache miss)
4753 http fetch GET 200 https://registry.npmjs.org/esutils/-/esutils-2.0.3.tgz 1349ms (cache miss)
4754 http fetch GET 200 https://registry.npmjs.org/split2/-/split2-4.2.0.tgz 1361ms (cache miss)
4755 http fetch GET 200 https://registry.npmjs.org/@protobufjs/eventemitter/-/eventemitter-1.1.1.tgz 1362ms (cache miss)
4756 http fetch GET 200 https://registry.npmjs.org/xtend/-/xtend-4.0.2.tgz 1372ms (cache miss)
4757 http fetch GET 200 https://registry.npmjs.org/postgres-date/-/postgres-date-1.0.7.tgz 1386ms (cache miss)
4758 http fetch GET 200 https://registry.npmjs.org/postgres-bytea/-/postgres-bytea-1.0.1.tgz 1392ms (cache miss)
4759 http fetch GET 200 https://registry.npmjs.org/postgres-interval/-/postgres-interval-1.2.0.tgz 1396ms (cache miss)
4760 http fetch GET 200 https://registry.npmjs.org/postgres-array/-/postgres-array-2.0.0.tgz 1447ms (cache miss)
4761 http fetch GET 200 https://registry.npmjs.org/pg-int8/-/pg-int8-1.0.1.tgz 1450ms (cache miss)
4762 http fetch GET 200 https://registry.npmjs.org/pgpass/-/pgpass-1.0.5.tgz 1451ms (cache miss)
4763 http fetch GET 200 https://registry.npmjs.org/pg-connection-string/-/pg-connection-string-2.13.0.tgz 1450ms (cache miss)
4764 http fetch GET 200 https://registry.npmjs.org/pg-pool/-/pg-pool-3.14.0.tgz 1450ms (cache miss)
4765 http fetch GET 200 https://registry.npmjs.org/@types/node/-/node-25.9.1.tgz 1462ms (cache miss)
4766 http fetch GET 200 https://registry.npmjs.org/pg-protocol/-/pg-protocol-1.14.0.tgz 1488ms (cache miss)
4767 http fetch GET 200 https://registry.npmjs.org/pg-cloudflare/-/pg-cloudflare-1.4.0.tgz 1489ms (cache miss)
4768 http fetch GET 200 https://registry.npmjs.org/yocto-queue/-/yocto-queue-0.1.0.tgz 1494ms (cache miss)
4769 http fetch GET 200 https://registry.npmjs.org/restore-cursor/-/restore-cursor-3.1.0.tgz 1497ms (cache miss)
4770 http fetch GET 200 https://registry.npmjs.org/pg-types/-/pg-types-2.2.0.tgz 1520ms (cache miss)
4771 http fetch GET 200 https://registry.npmjs.org/re2/-/re2-1.24.1.tgz 1537ms (cache miss)
4772 http fetch GET 200 https://registry.npmjs.org/ieee754/-/ieee754-1.2.1.tgz 1534ms (cache miss)
4773 http fetch GET 200 https://registry.npmjs.org/buffer/-/buffer-5.7.1.tgz 1545ms (cache miss)
4774 http fetch GET 200 https://registry.npmjs.org/wcwidth/-/wcwidth-1.0.1.tgz 1545ms (cache miss)
4775 http fetch GET 200 https://registry.npmjs.org/lru-cache/-/lru-cache-10.4.3.tgz 1545ms (cache miss)
4776 http fetch GET 200 https://registry.npmjs.org/is-interactive/-/is-interactive-1.0.0.tgz 1562ms (cache miss)
4777 http fetch GET 200 https://registry.npmjs.org/@protobufjs/utf8/-/utf8-1.1.1.tgz 1570ms (cache miss)
4778 http fetch GET 200 https://registry.npmjs.org/is-unicode-supported/-/is-unicode-supported-0.1.0.tgz 1579ms (cache miss)
4779 http fetch GET 200 https://registry.npmjs.org/cli-spinners/-/cli-spinners-2.9.2.tgz 1588ms (cache miss)
4780 http fetch GET 200 https://registry.npmjs.org/is-wsl/-/is-wsl-1.1.0.tgz 1589ms (cache miss)
4781 http fetch GET 200 https://registry.npmjs.org/cli-cursor/-/cli-cursor-3.1.0.tgz 1589ms (cache miss)
4782 http fetch GET 200 https://registry.npmjs.org/wrappy/-/wrappy-1.0.2.tgz 1608ms (cache miss)
4783 http fetch GET 200 https://registry.npmjs.org/@protobufjs/codegen/-/codegen-2.0.5.tgz 1621ms (cache miss)
4784 http fetch GET 200 https://registry.npmjs.org/log-symbols/-/log-symbols-4.1.0.tgz 1620ms (cache miss)
4785 http fetch GET 200 https://registry.npmjs.org/@protobufjs/fetch/-/fetch-1.1.1.tgz 1628ms (cache miss)
4786 http fetch GET 200 https://registry.npmjs.org/ee-first/-/ee-first-1.1.1.tgz 1628ms (cache miss)
4787 http fetch GET 200 https://registry.npmjs.org/bl/-/bl-4.1.0.tgz 1629ms (cache miss)
4788 http fetch GET 200 https://registry.npmjs.org/skin-tone/-/skin-tone-2.0.0.tgz 1632ms (cache miss)
4789 http fetch GET 200 https://registry.npmjs.org/whatwg-url/-/whatwg-url-5.0.0.tgz 1643ms (cache miss)
4790 http fetch GET 200 https://registry.npmjs.org/emojilib/-/emojilib-2.4.0.tgz 1645ms (cache miss)
4791 http fetch GET 200 https://registry.npmjs.org/char-regex/-/char-regex-1.0.2.tgz 1656ms (cache miss)
4792 http fetch GET 200 https://registry.npmjs.org/any-promise/-/any-promise-1.3.0.tgz 1670ms (cache miss)
4793 http fetch GET 200 https://registry.npmjs.org/basic-auth/-/basic-auth-2.0.1.tgz 1671ms (cache miss)
4794 http fetch GET 200 https://registry.npmjs.org/on-headers/-/on-headers-1.1.0.tgz 1676ms (cache miss)
4795 http fetch GET 200 https://registry.npmjs.org/concat-map/-/concat-map-0.0.1.tgz 1676ms (cache miss)
4796 http fetch GET 200 https://registry.npmjs.org/brace-expansion/-/brace-expansion-1.1.15.tgz 1690ms (cache miss)
4797 http fetch GET 200 https://registry.npmjs.org/thenify-all/-/thenify-all-1.6.0.tgz 1690ms (cache miss)
4798 http fetch GET 200 https://registry.npmjs.org/mime-db/-/mime-db-1.52.0.tgz 1691ms (cache miss)
4799 http fetch GET 200 https://registry.npmjs.org/parse5-htmlparser2-tree-adapter/-/parse5-htmlparser2-tree-adapter-6.0.1.tgz 1702ms (cache miss)
4800 http fetch GET 200 https://registry.npmjs.org/balanced-match/-/balanced-match-1.0.2.tgz 1716ms (cache miss)
4801 http fetch GET 200 https://registry.npmjs.org/mz/-/mz-2.7.0.tgz 1716ms (cache miss)
4802 http fetch GET 200 https://registry.npmjs.org/supports-hyperlinks/-/supports-hyperlinks-3.2.0.tgz 1745ms (cache miss)
4803 http fetch GET 200 https://registry.npmjs.org/environment/-/environment-1.1.0.tgz 1747ms (cache miss)
4804 http fetch GET 200 https://registry.npmjs.org/@protobufjs/path/-/path-1.1.2.tgz 1761ms (cache miss)
4805 http fetch GET 200 https://registry.npmjs.org/node-emoji/-/node-emoji-2.2.0.tgz 1759ms (cache miss)
4806 http fetch GET 200 https://registry.npmjs.org/parse5/-/parse5-5.1.1.tgz 1762ms (cache miss)
4807 http fetch GET 200 https://registry.npmjs.org/chalk/-/chalk-5.6.2.tgz 1779ms (cache miss)
4808 http fetch GET 200 https://registry.npmjs.org/ansi-regex/-/ansi-regex-6.2.2.tgz 1779ms (cache miss)
4809 http fetch GET 200 https://registry.npmjs.org/@protobufjs/base64/-/base64-1.1.2.tgz 1800ms (cache miss)
4810 http fetch GET 200 https://registry.npmjs.org/buffer-equal-constant-time/-/buffer-equal-constant-time-1.0.1.tgz 1796ms (cache miss)
4811 http fetch GET 200 https://registry.npmjs.org/@protobufjs/float/-/float-1.0.2.tgz 1801ms (cache miss)
4812 http fetch GET 200 https://registry.npmjs.org/lodash.isplainobject/-/lodash.isplainobject-4.0.6.tgz 1807ms (cache miss)
4813 http fetch GET 200 https://registry.npmjs.org/@protobufjs/pool/-/pool-1.1.0.tgz 1813ms (cache miss)
4814 http fetch GET 200 https://registry.npmjs.org/ansi-escapes/-/ansi-escapes-7.3.0.tgz 1809ms (cache miss)
4815 http fetch GET 200 https://registry.npmjs.org/cli-highlight/-/cli-highlight-2.1.11.tgz 1811ms (cache miss)
4816 http fetch GET 200 https://registry.npmjs.org/lodash.once/-/lodash.once-4.1.1.tgz 1824ms (cache miss)
4817 http fetch GET 200 https://registry.npmjs.org/@tootallnate/quickjs-emscripten/-/quickjs-emscripten-0.23.0.tgz 1834ms (cache miss)
4818 http fetch GET 200 https://registry.npmjs.org/@protobufjs/aspromise/-/aspromise-1.1.2.tgz 1838ms (cache miss)
4819 http fetch GET 200 https://registry.npmjs.org/lodash.isstring/-/lodash.isstring-4.0.1.tgz 1835ms (cache miss)
4820 http fetch GET 200 https://registry.npmjs.org/lodash.isinteger/-/lodash.isinteger-4.0.4.tgz 1846ms (cache miss)
4821 http fetch GET 200 https://registry.npmjs.org/lodash.isboolean/-/lodash.isboolean-3.0.3.tgz 1846ms (cache miss)
4822 http fetch GET 200 https://registry.npmjs.org/jwa/-/jwa-2.0.1.tgz 1846ms (cache miss)
4823 http fetch GET 200 https://registry.npmjs.org/lodash.includes/-/lodash.includes-4.3.0.tgz 1849ms (cache miss)
4824 http fetch GET 200 https://registry.npmjs.org/sprintf-js/-/sprintf-js-1.0.3.tgz 1853ms (cache miss)
4825 http fetch GET 200 https://registry.npmjs.org/highlight.js/-/highlight.js-10.7.3.tgz 1861ms (cache miss)
4826 http fetch GET 200 https://registry.npmjs.org/wrap-ansi/-/wrap-ansi-7.0.0.tgz 1887ms (cache miss)
4827 http fetch GET 200 https://registry.npmjs.org/esprima/-/esprima-4.0.1.tgz 1889ms (cache miss)
4828 http fetch GET 200 https://registry.npmjs.org/argparse/-/argparse-1.0.10.tgz 1891ms (cache miss)
4829 http fetch GET 200 https://registry.npmjs.org/libsodium/-/libsodium-0.7.16.tgz 1908ms (cache miss)
4830 http fetch GET 200 https://registry.npmjs.org/strip-ansi/-/strip-ansi-7.2.0.tgz 1908ms (cache miss)
4831 http fetch GET 200 https://registry.npmjs.org/string-width/-/string-width-4.2.3.tgz 1908ms (cache miss)
4832 http fetch GET 200 https://registry.npmjs.org/lodash.isnumber/-/lodash.isnumber-3.0.3.tgz 1908ms (cache miss)
4833 http fetch GET 200 https://registry.npmjs.org/strip-ansi/-/strip-ansi-6.0.1.tgz 1907ms (cache miss)
4834 http fetch GET 200 https://registry.npmjs.org/jju/-/jju-1.4.0.tgz 1908ms (cache miss)
4835 http fetch GET 200 https://registry.npmjs.org/@sindresorhus/is/-/is-4.6.0.tgz 1925ms (cache miss)
4836 http fetch GET 200 https://registry.npmjs.org/bignumber.js/-/bignumber.js-9.3.1.tgz 1937ms (cache miss)
4837 http fetch GET 200 https://registry.npmjs.org/agent-base/-/agent-base-7.1.4.tgz 1937ms (cache miss)
4838 http fetch GET 200 https://registry.npmjs.org/inherits/-/inherits-2.0.4.tgz 1947ms (cache miss)
4839 http fetch GET 200 https://registry.npmjs.org/is-extglob/-/is-extglob-2.1.1.tgz 1947ms (cache miss)
4840 http fetch GET 200 https://registry.npmjs.org/safer-buffer/-/safer-buffer-2.1.2.tgz 1948ms (cache miss)
4841 http fetch GET 200 https://registry.npmjs.org/toidentifier/-/toidentifier-1.0.1.tgz 1959ms (cache miss)
4842 http fetch GET 200 https://registry.npmjs.org/url-template/-/url-template-2.0.8.tgz 1960ms (cache miss)
4843 http fetch GET 200 https://registry.npmjs.org/once/-/once-1.4.0.tgz 1966ms (cache miss)
4844 http fetch GET 200 https://registry.npmjs.org/end-of-stream/-/end-of-stream-1.4.5.tgz 1967ms (cache miss)
4845 http fetch GET 200 https://registry.npmjs.org/binary-extensions/-/binary-extensions-2.3.0.tgz 1971ms (cache miss)
4846 http fetch GET 200 https://registry.npmjs.org/stream-shift/-/stream-shift-1.0.3.tgz 1978ms (cache miss)
4847 http fetch GET 200 https://registry.npmjs.org/lodash.camelcase/-/lodash.camelcase-4.3.0.tgz 2015ms (cache miss)
4848 http fetch GET 200 https://registry.npmjs.org/retry-request/-/retry-request-8.0.2.tgz 2016ms (cache miss)
4849 http fetch GET 200 https://registry.npmjs.org/duplexify/-/duplexify-4.1.3.tgz 2016ms (cache miss)
4850 http fetch GET 200 https://registry.npmjs.org/long/-/long-5.3.2.tgz 2020ms (cache miss)
4851 http fetch GET 200 https://registry.npmjs.org/json-bigint/-/json-bigint-1.0.0.tgz 2047ms (cache miss)
4852 http fetch GET 200 https://registry.npmjs.org/object-hash/-/object-hash-3.0.0.tgz 2047ms (cache miss)
4853 http fetch GET 200 https://registry.npmjs.org/proto3-json-serializer/-/proto3-json-serializer-3.0.4.tgz 2057ms (cache miss)
4854 http fetch GET 200 https://registry.npmjs.org/yargs/-/yargs-17.7.2.tgz 2059ms (cache miss)
4855 http fetch GET 200 https://registry.npmjs.org/rimraf/-/rimraf-5.0.10.tgz 2065ms (cache miss)
4856 http fetch GET 200 https://registry.npmjs.org/base64-js/-/base64-js-1.5.1.tgz 2092ms (cache miss)
4857 http fetch GET 200 https://registry.npmjs.org/jws/-/jws-4.0.1.tgz 2092ms (cache miss)
4858 http fetch GET 200 https://registry.npmjs.org/google-logging-utils/-/google-logging-utils-0.0.2.tgz 2093ms (cache miss)
4859 http fetch GET 200 https://registry.npmjs.org/ecdsa-sig-formatter/-/ecdsa-sig-formatter-1.0.11.tgz 2098ms (cache miss)
4860 http fetch GET 200 https://registry.npmjs.org/package-json-from-dist/-/package-json-from-dist-1.0.1.tgz 2125ms (cache miss)
4861 http fetch GET 200 https://registry.npmjs.org/gtoken/-/gtoken-7.1.0.tgz 2142ms (cache miss)
4862 http fetch GET 200 https://registry.npmjs.org/path-scurry/-/path-scurry-1.11.1.tgz 2145ms (cache miss)
4863 http fetch GET 200 https://registry.npmjs.org/minipass/-/minipass-7.1.3.tgz 2145ms (cache miss)
4864 http fetch GET 200 https://registry.npmjs.org/math-intrinsics/-/math-intrinsics-1.1.0.tgz 2149ms (cache miss)
4865 http fetch GET 200 https://registry.npmjs.org/gopd/-/gopd-1.2.0.tgz 2166ms (cache miss)
4866 http fetch GET 200 https://registry.npmjs.org/jackspeak/-/jackspeak-3.4.3.tgz 2169ms (cache miss)
4867 http fetch GET 200 https://registry.npmjs.org/dunder-proto/-/dunder-proto-1.0.1.tgz 2168ms (cache miss)
4868 http fetch GET 200 https://registry.npmjs.org/protobufjs/-/protobufjs-7.6.2.tgz 2172ms (cache miss)
4869 http fetch GET 200 https://registry.npmjs.org/foreground-child/-/foreground-child-3.3.1.tgz 2174ms (cache miss)
4870 http fetch GET 200 https://registry.npmjs.org/has-symbols/-/has-symbols-1.1.0.tgz 2180ms (cache miss)
4871 http fetch GET 200 https://registry.npmjs.org/es-object-atoms/-/es-object-atoms-1.1.2.tgz 2200ms (cache miss)
4872 http fetch GET 200 https://registry.npmjs.org/gcp-metadata/-/gcp-metadata-6.1.1.tgz 2211ms (cache miss)
4873 http fetch GET 200 https://registry.npmjs.org/function-bind/-/function-bind-1.1.2.tgz 2211ms (cache miss)
4874 http fetch GET 200 https://registry.npmjs.org/get-proto/-/get-proto-1.0.1.tgz 2224ms (cache miss)
4875 http fetch GET 200 https://registry.npmjs.org/es-define-property/-/es-define-property-1.0.1.tgz 2224ms (cache miss)
4876 http fetch GET 200 https://registry.npmjs.org/universalify/-/universalify-2.0.1.tgz 2224ms (cache miss)
4877 http fetch GET 200 https://registry.npmjs.org/https-proxy-agent/-/https-proxy-agent-7.0.6.tgz 2225ms (cache miss)
4878 http fetch GET 200 https://registry.npmjs.org/jsonfile/-/jsonfile-6.2.1.tgz 2237ms (cache miss)
4879 http fetch GET 200 https://registry.npmjs.org/es-errors/-/es-errors-1.3.0.tgz 2237ms (cache miss)
4880 http fetch GET 200 https://registry.npmjs.org/get-intrinsic/-/get-intrinsic-1.3.0.tgz 2237ms (cache miss)
4881 http fetch GET 200 https://registry.npmjs.org/has-tostringtag/-/has-tostringtag-1.0.2.tgz 2251ms (cache miss)
4882 http fetch GET 200 https://registry.npmjs.org/combined-stream/-/combined-stream-1.0.8.tgz 2261ms (cache miss)
4883 http fetch GET 200 https://registry.npmjs.org/delayed-stream/-/delayed-stream-1.0.0.tgz 2268ms (cache miss)
4884 http fetch GET 200 https://registry.npmjs.org/hasown/-/hasown-2.0.4.tgz 2272ms (cache miss)
4885 http fetch GET 200 https://registry.npmjs.org/asynckit/-/asynckit-0.4.0.tgz 2273ms (cache miss)
4886 http fetch GET 200 https://registry.npmjs.org/es-set-tostringtag/-/es-set-tostringtag-2.1.0.tgz 2290ms (cache miss)
4887 http fetch GET 200 https://registry.npmjs.org/to-regex-range/-/to-regex-range-5.0.1.tgz 2291ms (cache miss)
4888 http fetch GET 200 https://registry.npmjs.org/negotiator/-/negotiator-0.6.3.tgz 2290ms (cache miss)
4889 http fetch GET 200 https://registry.npmjs.org/mime-types/-/mime-types-2.1.35.tgz 2302ms (cache miss)
4890 http fetch GET 200 https://registry.npmjs.org/call-bind-apply-helpers/-/call-bind-apply-helpers-1.0.2.tgz 2309ms (cache miss)
4891 http fetch GET 200 https://registry.npmjs.org/setprototypeof/-/setprototypeof-1.2.0.tgz 2317ms (cache miss)
4892 http fetch GET 200 https://registry.npmjs.org/@isaacs/cliui/-/cliui-8.0.2.tgz 2322ms (cache miss)
4893 http fetch GET 200 https://registry.npmjs.org/utils-merge/-/utils-merge-1.0.1.tgz 2325ms (cache miss)
4894 http fetch GET 200 https://registry.npmjs.org/send/-/send-0.19.2.tgz 2326ms (cache miss)
4895 http fetch GET 200 https://registry.npmjs.org/@pkgjs/parseargs/-/parseargs-0.11.0.tgz 2332ms (cache miss)
4896 http fetch GET 200 https://registry.npmjs.org/ip-address/-/ip-address-10.2.0.tgz 2334ms (cache miss)
4897 http fetch GET 200 https://registry.npmjs.org/range-parser/-/range-parser-1.2.1.tgz 2344ms (cache miss)
4898 http fetch GET 200 https://registry.npmjs.org/statuses/-/statuses-2.0.2.tgz 2351ms (cache miss)
4899 http fetch GET 200 https://registry.npmjs.org/safe-buffer/-/safe-buffer-5.2.1.tgz 2355ms (cache miss)
4900 http fetch GET 200 https://registry.npmjs.org/proxy-addr/-/proxy-addr-2.0.7.tgz 2355ms (cache miss)
4901 http fetch GET 200 https://registry.npmjs.org/path-to-regexp/-/path-to-regexp-0.1.13.tgz 2369ms (cache miss)
4902 http fetch GET 200 https://registry.npmjs.org/parseurl/-/parseurl-1.3.3.tgz 2368ms (cache miss)
4903 http fetch GET 200 https://registry.npmjs.org/methods/-/methods-1.1.2.tgz 2368ms (cache miss)
4904 http fetch GET 200 https://registry.npmjs.org/serve-static/-/serve-static-1.16.3.tgz 2368ms (cache miss)
4905 http fetch GET 200 https://registry.npmjs.org/fresh/-/fresh-0.5.2.tgz 2376ms (cache miss)
4906 http fetch GET 200 https://registry.npmjs.org/merge-descriptors/-/merge-descriptors-1.0.3.tgz 2378ms (cache miss)
4907 http fetch GET 200 https://registry.npmjs.org/encodeurl/-/encodeurl-2.0.0.tgz 2380ms (cache miss)
4908 http fetch GET 200 https://registry.npmjs.org/etag/-/etag-1.8.1.tgz 2385ms (cache miss)
4909 http fetch GET 200 https://registry.npmjs.org/escape-html/-/escape-html-1.0.3.tgz 2388ms (cache miss)
4910 http fetch GET 200 https://registry.npmjs.org/content-disposition/-/content-disposition-0.5.4.tgz 2400ms (cache miss)
4911 http fetch GET 200 https://registry.npmjs.org/cookie-signature/-/cookie-signature-1.0.7.tgz 2412ms (cache miss)
4912 http fetch GET 200 https://registry.npmjs.org/array-flatten/-/array-flatten-1.1.1.tgz 2429ms (cache miss)
4913 http fetch GET 200 https://registry.npmjs.org/accepts/-/accepts-1.3.8.tgz 2428ms (cache miss)
4914 http fetch GET 200 https://registry.npmjs.org/finalhandler/-/finalhandler-1.3.2.tgz 2430ms (cache miss)
4915 http fetch GET 200 https://registry.npmjs.org/cookie/-/cookie-0.7.2.tgz 2430ms (cache miss)
4916 http fetch GET 200 https://registry.npmjs.org/call-me-maybe/-/call-me-maybe-1.0.2.tgz 2448ms (cache miss)
4917 http fetch GET 200 https://registry.npmjs.org/promise-breaker/-/promise-breaker-6.0.0.tgz 2449ms (cache miss)
4918 http fetch GET 200 https://registry.npmjs.org/deep-freeze/-/deep-freeze-0.0.1.tgz 2480ms (cache miss)
4919 http fetch GET 200 https://registry.npmjs.org/events-listener/-/events-listener-1.1.0.tgz 2480ms (cache miss)
4920 http fetch GET 200 https://registry.npmjs.org/@types/json-schema/-/json-schema-7.0.15.tgz 2480ms (cache miss)
4921 http fetch GET 200 https://registry.npmjs.org/is-obj/-/is-obj-2.0.0.tgz 2480ms (cache miss)
4922 http fetch GET 200 https://registry.npmjs.org/which/-/which-2.0.2.tgz 2481ms (cache miss)
4923 http fetch GET 200 https://registry.npmjs.org/@grpc/proto-loader/-/proto-loader-0.8.1.tgz 2487ms (cache miss)
4924 http fetch GET 200 https://registry.npmjs.org/@js-sdsl/ordered-map/-/ordered-map-4.4.2.tgz 2491ms (cache miss)
4925 http fetch GET 200 https://registry.npmjs.org/openapi3-ts/-/openapi3-ts-3.2.0.tgz 2489ms (cache miss)
4926 http fetch GET 200 https://registry.npmjs.org/shebang-command/-/shebang-command-2.0.0.tgz 2495ms (cache miss)
4927 http fetch GET 200 https://registry.npmjs.org/ms/-/ms-2.0.0.tgz 2511ms (cache miss)
4928 http fetch GET 200 https://registry.npmjs.org/sort-any/-/sort-any-4.0.7.tgz 2519ms (cache miss)
4929 http fetch GET 200 https://registry.npmjs.org/path-key/-/path-key-3.1.1.tgz 2520ms (cache miss)
4930 http fetch GET 200 https://registry.npmjs.org/object-assign/-/object-assign-4.1.1.tgz 2528ms (cache miss)
4931 http fetch GET 200 https://registry.npmjs.org/xdg-basedir/-/xdg-basedir-4.0.0.tgz 2535ms (cache miss)
4932 http fetch GET 200 https://registry.npmjs.org/write-file-atomic/-/write-file-atomic-3.0.3.tgz 2543ms (cache miss)
4933 http fetch GET 200 https://registry.npmjs.org/unique-string/-/unique-string-2.0.0.tgz 2544ms (cache miss)
4934 http fetch GET 200 https://registry.npmjs.org/make-dir/-/make-dir-3.1.0.tgz 2544ms (cache miss)
4935 http fetch GET 200 https://registry.npmjs.org/dot-prop/-/dot-prop-5.3.0.tgz 2551ms (cache miss)
4936 http fetch GET 200 https://registry.npmjs.org/vary/-/vary-1.1.2.tgz 2551ms (cache miss)
4937 http fetch GET 200 https://registry.npmjs.org/json-ptr/-/json-ptr-3.1.1.tgz 2558ms (cache miss)
4938 warn deprecated json-ptr@3.1.1: Package no longer supported. Contact Support at https://www.npmjs.com/support for more info.
4939 http fetch GET 200 https://registry.npmjs.org/string-width/-/string-width-4.2.3.tgz 2563ms (cache miss)
4940 http fetch GET 200 https://registry.npmjs.org/json-parse-helpfulerror/-/json-parse-helpfulerror-1.0.3.tgz 2562ms (cache miss)
4941 http fetch GET 200 https://registry.npmjs.org/is-glob/-/is-glob-4.0.3.tgz 2586ms (cache miss)
4942 http fetch GET 200 https://registry.npmjs.org/fill-range/-/fill-range-7.1.1.tgz 2587ms (cache miss)
4943 http fetch GET 200 https://registry.npmjs.org/readdirp/-/readdirp-3.6.0.tgz 2587ms (cache miss)
4944 http fetch GET 200 https://registry.npmjs.org/picomatch/-/picomatch-2.3.2.tgz 2588ms (cache miss)
4945 http fetch GET 200 https://registry.npmjs.org/is-binary-path/-/is-binary-path-2.1.0.tgz 2591ms (cache miss)
4946 http fetch GET 200 https://registry.npmjs.org/on-finished/-/on-finished-2.4.1.tgz 2600ms (cache miss)
4947 http fetch GET 200 https://registry.npmjs.org/braces/-/braces-3.0.3.tgz 2601ms (cache miss)
4948 http fetch GET 200 https://registry.npmjs.org/unpipe/-/unpipe-1.0.0.tgz 2617ms (cache miss)
4949 http fetch GET 200 https://registry.npmjs.org/anymatch/-/anymatch-3.1.3.tgz 2619ms (cache miss)
4950 http fetch GET 200 https://registry.npmjs.org/type-is/-/type-is-1.6.18.tgz 2619ms (cache miss)
4951 http fetch GET 200 https://registry.npmjs.org/fsevents/-/fsevents-2.3.3.tgz 2619ms (cache miss)
4952 http fetch GET 200 https://registry.npmjs.org/@grpc/grpc-js/-/grpc-js-1.14.4.tgz 2630ms (cache miss)
4953 http fetch GET 200 https://registry.npmjs.org/http-errors/-/http-errors-2.0.1.tgz 2627ms (cache miss)
4954 http fetch GET 200 https://registry.npmjs.org/glob-parent/-/glob-parent-5.1.2.tgz 2640ms (cache miss)
4955 http fetch GET 200 https://registry.npmjs.org/bytes/-/bytes-3.1.2.tgz 2647ms (cache miss)
4956 http fetch GET 200 https://registry.npmjs.org/destroy/-/destroy-1.2.0.tgz 2647ms (cache miss)
4957 http fetch GET 200 https://registry.npmjs.org/graceful-fs/-/graceful-fs-4.2.11.tgz 2669ms (cache miss)
4958 http fetch GET 200 https://registry.npmjs.org/is-stream/-/is-stream-2.0.1.tgz 2669ms (cache miss)
4959 http fetch GET 200 https://registry.npmjs.org/normalize-path/-/normalize-path-3.0.0.tgz 2670ms (cache miss)
4960 http fetch GET 200 https://registry.npmjs.org/lazystream/-/lazystream-1.0.1.tgz 2674ms (cache miss)
4961 http fetch GET 200 https://registry.npmjs.org/readdir-glob/-/readdir-glob-1.1.3.tgz 2674ms (cache miss)
4962 http fetch GET 200 https://registry.npmjs.org/debug/-/debug-2.6.9.tgz 2674ms (cache miss)
4963 http fetch GET 200 https://registry.npmjs.org/depd/-/depd-2.0.0.tgz 2674ms (cache miss)
4964 http fetch GET 200 https://registry.npmjs.org/buffer-crc32/-/buffer-crc32-1.0.0.tgz 2693ms (cache miss)
4965 http fetch GET 200 https://registry.npmjs.org/qs/-/qs-6.15.2.tgz 2694ms (cache miss)
4966 http fetch GET 200 https://registry.npmjs.org/zip-stream/-/zip-stream-6.0.1.tgz 2693ms (cache miss)
4967 http fetch GET 200 https://registry.npmjs.org/json-schema-traverse/-/json-schema-traverse-1.0.0.tgz 2697ms (cache miss)
4968 http fetch GET 200 https://registry.npmjs.org/readable-stream/-/readable-stream-4.7.0.tgz 2699ms (cache miss)
4969 http fetch GET 200 https://registry.npmjs.org/archiver-utils/-/archiver-utils-5.0.2.tgz 2711ms (cache miss)
4970 http fetch GET 200 https://registry.npmjs.org/require-from-string/-/require-from-string-2.0.2.tgz 2734ms (cache miss)
4971 http fetch GET 200 https://registry.npmjs.org/tar-stream/-/tar-stream-3.2.0.tgz 2734ms (cache miss)
4972 http fetch GET 200 https://registry.npmjs.org/fast-uri/-/fast-uri-3.1.2.tgz 2737ms (cache miss)
4973 http fetch GET 200 https://registry.npmjs.org/raw-body/-/raw-body-3.0.2.tgz 2768ms (cache miss)
4974 http fetch GET 200 https://registry.npmjs.org/fast-deep-equal/-/fast-deep-equal-3.1.3.tgz 2768ms (cache miss)
4975 http fetch GET 200 https://registry.npmjs.org/pkce-challenge/-/pkce-challenge-5.0.1.tgz 2770ms (cache miss)
4976 http fetch GET 200 https://registry.npmjs.org/json-schema-typed/-/json-schema-typed-8.0.2.tgz 2772ms (cache miss)
4977 http fetch GET 200 https://registry.npmjs.org/eventsource-parser/-/eventsource-parser-3.1.0.tgz 2773ms (cache miss)
4978 http fetch GET 200 https://registry.npmjs.org/event-target-shim/-/event-target-shim-5.0.1.tgz 2774ms (cache miss)
4979 http fetch GET 200 https://registry.npmjs.org/content-type/-/content-type-1.0.5.tgz 2781ms (cache miss)
4980 http fetch GET 200 https://registry.npmjs.org/async/-/async-3.2.6.tgz 2783ms (cache miss)
4981 http fetch GET 200 https://registry.npmjs.org/eventsource/-/eventsource-3.0.7.tgz 2800ms (cache miss)
4982 http fetch GET 200 https://registry.npmjs.org/express-rate-limit/-/express-rate-limit-8.5.2.tgz 2804ms (cache miss)
4983 http fetch GET 200 https://registry.npmjs.org/wrap-ansi/-/wrap-ansi-6.2.0.tgz 2807ms (cache miss)
4984 http fetch GET 200 https://registry.npmjs.org/jose/-/jose-6.2.3.tgz 2815ms (cache miss)
4985 http fetch GET 200 https://registry.npmjs.org/mute-stream/-/mute-stream-2.0.0.tgz 2861ms (cache miss)
4986 http fetch GET 200 https://registry.npmjs.org/yoctocolors-cjs/-/yoctocolors-cjs-2.1.3.tgz 2861ms (cache miss)
4987 http fetch GET 200 https://registry.npmjs.org/cli-width/-/cli-width-4.1.0.tgz 2862ms (cache miss)
4988 http fetch GET 200 https://registry.npmjs.org/chardet/-/chardet-2.1.1.tgz 2868ms (cache miss)
4989 http fetch GET 200 https://registry.npmjs.org/@colors/colors/-/colors-1.5.0.tgz 2872ms (cache miss)
4990 http fetch GET 200 https://registry.npmjs.org/@hono/node-server/-/node-server-1.19.14.tgz 2872ms (cache miss)
4991 http fetch GET 200 https://registry.npmjs.org/signal-exit/-/signal-exit-4.1.0.tgz 2871ms (cache miss)
4992 http fetch GET 200 https://registry.npmjs.org/@jsdevtools/ono/-/ono-7.1.3.tgz 2891ms (cache miss)
4993 http fetch GET 200 https://registry.npmjs.org/iconv-lite/-/iconv-lite-0.7.2.tgz 2895ms (cache miss)
4994 http fetch GET 200 https://registry.npmjs.org/hono/-/hono-4.12.23.tgz 2929ms (cache miss)
4995 http fetch GET 200 https://registry.npmjs.org/@apidevtools/json-schema-ref-parser/-/json-schema-ref-parser-9.1.2.tgz 2939ms (cache miss)
4996 http fetch GET 200 https://registry.npmjs.org/p-defer/-/p-defer-3.0.0.tgz 2983ms (cache miss)
4997 http fetch GET 200 https://registry.npmjs.org/lodash.snakecase/-/lodash.snakecase-4.1.1.tgz 3033ms (cache miss)
4998 http fetch GET 200 https://registry.npmjs.org/is-stream-ended/-/is-stream-ended-0.1.4.tgz 3079ms (cache miss)
4999 http fetch GET 200 https://registry.npmjs.org/googleapis-common/-/googleapis-common-8.0.1.tgz 3132ms (cache miss)
5000 http fetch GET 200 https://registry.npmjs.org/@inquirer/external-editor/-/external-editor-1.0.3.tgz 3245ms (cache miss)
5001 http fetch GET 200 https://registry.npmjs.org/@inquirer/ansi/-/ansi-1.0.2.tgz 3279ms (cache miss)
5002 http fetch GET 200 https://registry.npmjs.org/@inquirer/type/-/type-3.0.10.tgz 3295ms (cache miss)
5003 http fetch GET 200 https://registry.npmjs.org/arrify/-/arrify-2.0.1.tgz 3316ms (cache miss)
5004 http fetch GET 200 https://registry.npmjs.org/@inquirer/rawlist/-/rawlist-4.1.11.tgz 3348ms (cache miss)
5005 http fetch GET 200 https://registry.npmjs.org/@inquirer/search/-/search-3.2.2.tgz 3350ms (cache miss)
5006 http fetch GET 200 https://registry.npmjs.org/@inquirer/input/-/input-4.3.1.tgz 3351ms (cache miss)
5007 http fetch GET 200 https://registry.npmjs.org/heap-js/-/heap-js-2.7.1.tgz 3350ms (cache miss)
5008 http fetch GET 200 https://registry.npmjs.org/@inquirer/figures/-/figures-1.0.15.tgz 3358ms (cache miss)
5009 http fetch GET 200 https://registry.npmjs.org/@inquirer/confirm/-/confirm-5.1.21.tgz 3367ms (cache miss)
5010 http fetch GET 200 https://registry.npmjs.org/@inquirer/expand/-/expand-4.0.23.tgz 3368ms (cache miss)
5011 http fetch GET 200 https://registry.npmjs.org/@inquirer/number/-/number-3.0.23.tgz 3368ms (cache miss)
5012 http fetch GET 200 https://registry.npmjs.org/@inquirer/core/-/core-10.3.2.tgz 3372ms (cache miss)
5013 http fetch GET 200 https://registry.npmjs.org/@inquirer/password/-/password-4.0.23.tgz 3383ms (cache miss)
5014 http fetch GET 200 https://registry.npmjs.org/extend/-/extend-3.0.2.tgz 3389ms (cache miss)
5015 http fetch GET 200 https://registry.npmjs.org/@inquirer/select/-/select-4.4.2.tgz 3395ms (cache miss)
5016 http fetch GET 200 https://registry.npmjs.org/@inquirer/editor/-/editor-4.2.23.tgz 3403ms (cache miss)
5017 http fetch GET 200 https://registry.npmjs.org/google-gax/-/google-gax-5.0.6.tgz 3419ms (cache miss)
5018 http fetch GET 200 https://registry.npmjs.org/ws/-/ws-7.5.11.tgz 3443ms (cache miss)
5019 http fetch GET 200 https://registry.npmjs.org/zod-to-json-schema/-/zod-to-json-schema-3.25.2.tgz 3449ms (cache miss)
5020 http fetch GET 200 https://registry.npmjs.org/p-throttle/-/p-throttle-7.0.0.tgz 3450ms (cache miss)
5021 http fetch GET 200 https://registry.npmjs.org/winston-transport/-/winston-transport-4.9.0.tgz 3451ms (cache miss)
5022 http fetch GET 200 https://registry.npmjs.org/winston/-/winston-3.19.0.tgz 3464ms (cache miss)
5023 http fetch GET 200 https://registry.npmjs.org/tcp-port-used/-/tcp-port-used-1.0.2.tgz 3493ms (cache miss)
5024 http fetch GET 200 https://registry.npmjs.org/update-notifier-cjs/-/update-notifier-cjs-5.1.7.tgz 3497ms (cache miss)
5025 http fetch GET 200 https://registry.npmjs.org/tmp/-/tmp-0.2.7.tgz 3497ms (cache miss)
5026 http fetch GET 200 https://registry.npmjs.org/yaml/-/yaml-2.9.0.tgz 3515ms (cache miss)
5027 http fetch GET 200 https://registry.npmjs.org/triple-beam/-/triple-beam-1.4.1.tgz 3530ms (cache miss)
5028 http fetch GET 200 https://registry.npmjs.org/uuid/-/uuid-11.1.1.tgz 3535ms (cache miss)
5029 http fetch GET 200 https://registry.npmjs.org/stream-json/-/stream-json-1.9.1.tgz 3559ms (cache miss)
5030 http fetch GET 200 https://registry.npmjs.org/stream-chain/-/stream-chain-2.2.5.tgz 3559ms (cache miss)
5031 http fetch GET 200 https://registry.npmjs.org/universal-analytics/-/universal-analytics-0.5.4.tgz 3560ms (cache miss)
5032 http fetch GET 200 https://registry.npmjs.org/@opentelemetry/api/-/api-1.9.1.tgz 3563ms (cache miss)
5033 http fetch GET 200 https://registry.npmjs.org/superstatic/-/superstatic-10.0.0.tgz 3567ms (cache miss)
5034 http fetch GET 200 https://registry.npmjs.org/semver/-/semver-7.8.1.tgz 3578ms (cache miss)
5035 http fetch GET 200 https://registry.npmjs.org/proxy-agent/-/proxy-agent-6.5.0.tgz 3595ms (cache miss)
5036 http fetch GET 200 https://registry.npmjs.org/zod/-/zod-3.25.76.tgz 3597ms (cache miss)
5037 http fetch GET 200 https://registry.npmjs.org/progress/-/progress-2.0.3.tgz 3608ms (cache miss)
5038 http fetch GET 200 https://registry.npmjs.org/portfinder/-/portfinder-1.0.38.tgz 3613ms (cache miss)
5039 http fetch GET 200 https://registry.npmjs.org/ora/-/ora-5.4.1.tgz 3626ms (cache miss)
5040 http fetch GET 200 https://registry.npmjs.org/retry/-/retry-0.13.1.tgz 3640ms (cache miss)
5041 http fetch GET 200 https://registry.npmjs.org/@inquirer/checkbox/-/checkbox-4.3.2.tgz 3645ms (cache miss)
5042 http fetch GET 200 https://registry.npmjs.org/tar/-/tar-7.5.16.tgz 3652ms (cache miss)
5043 http fetch GET 200 https://registry.npmjs.org/p-limit/-/p-limit-3.1.0.tgz 3678ms (cache miss)
5044 http fetch GET 200 https://registry.npmjs.org/open/-/open-6.4.0.tgz 3684ms (cache miss)
5045 http fetch GET 200 https://registry.npmjs.org/pg-gateway/-/pg-gateway-0.3.0-beta.4.tgz 3687ms (cache miss)
5046 http fetch GET 200 https://registry.npmjs.org/pg/-/pg-8.21.0.tgz 3688ms (cache miss)
5047 http fetch GET 200 https://registry.npmjs.org/morgan/-/morgan-1.11.0.tgz 3693ms (cache miss)
5048 http fetch GET 200 https://registry.npmjs.org/minimatch/-/minimatch-3.1.5.tgz 3738ms (cache miss)
5049 http fetch GET 200 https://registry.npmjs.org/libsodium-wrappers/-/libsodium-wrappers-0.7.16.tgz 3746ms (cache miss)
5050 http fetch GET 200 https://registry.npmjs.org/lsofi/-/lsofi-2.0.0.tgz 3757ms (cache miss)
5051 http fetch GET 200 https://registry.npmjs.org/leven/-/leven-3.1.0.tgz 3757ms (cache miss)
5052 http fetch GET 200 https://registry.npmjs.org/marked-terminal/-/marked-terminal-7.3.0.tgz 3761ms (cache miss)
5053 http fetch GET 200 https://registry.npmjs.org/mime/-/mime-2.6.0.tgz 3762ms (cache miss)
5054 http fetch GET 200 https://registry.npmjs.org/jsonwebtoken/-/jsonwebtoken-9.0.3.tgz 3777ms (cache miss)
5055 http fetch GET 200 https://registry.npmjs.org/@opentelemetry/core/-/core-1.30.1.tgz 3786ms (cache miss)
5056 http fetch GET 200 https://registry.npmjs.org/ignore/-/ignore-7.0.5.tgz 3798ms (cache miss)
5057 http fetch GET 200 https://registry.npmjs.org/js-yaml/-/js-yaml-3.14.2.tgz 3805ms (cache miss)
5058 http fetch GET 200 https://registry.npmjs.org/@google-cloud/precise-date/-/precise-date-5.0.0.tgz 3816ms (cache miss)
5059 http fetch GET 200 https://registry.npmjs.org/sql-formatter/-/sql-formatter-15.8.0.tgz 3821ms (cache miss)
5060 http fetch GET 200 https://registry.npmjs.org/fuzzy/-/fuzzy-0.1.3.tgz 3832ms (cache miss)
5061 http fetch GET 200 https://registry.npmjs.org/marked/-/marked-13.0.3.tgz 3834ms (cache miss)
5062 http fetch GET 200 https://registry.npmjs.org/@google-cloud/projectify/-/projectify-5.0.0.tgz 3837ms (cache miss)
5063 http fetch GET 200 https://registry.npmjs.org/gaxios/-/gaxios-6.7.1.tgz 3839ms (cache miss)
5064 http fetch GET 200 https://registry.npmjs.org/fs-extra/-/fs-extra-10.1.0.tgz 3841ms (cache miss)
5065 http fetch GET 200 https://registry.npmjs.org/@google-cloud/promisify/-/promisify-5.0.0.tgz 3864ms (cache miss)
5066 http fetch GET 200 https://registry.npmjs.org/form-data/-/form-data-4.0.5.tgz 3861ms (cache miss)
5067 http fetch GET 200 https://registry.npmjs.org/node-fetch/-/node-fetch-2.7.0.tgz 3867ms (cache miss)
5068 http fetch GET 200 https://registry.npmjs.org/@google-cloud/paginator/-/paginator-6.0.0.tgz 3881ms (cache miss)
5069 http fetch GET 200 https://registry.npmjs.org/google-auth-library/-/google-auth-library-9.15.1.tgz 3885ms (cache miss)
5070 http fetch GET 200 https://registry.npmjs.org/filesize/-/filesize-6.4.0.tgz 3890ms (cache miss)
5071 http fetch GET 200 https://registry.npmjs.org/express/-/express-4.22.2.tgz 3892ms (cache miss)
5072 http fetch GET 200 https://registry.npmjs.org/glob/-/glob-10.5.0.tgz 3894ms (cache miss)
5073 warn deprecated glob@10.5.0: Old versions of glob are not supported, and contain widely publicized security vulnerabilities, which have been fixed in the current version. Please update. Support for old versions may be purchased (at exorbitant rates) by contacting i@izs.me
5074 http fetch GET 200 https://registry.npmjs.org/exegesis-express/-/exegesis-express-4.0.0.tgz 3905ms (cache miss)
5075 http fetch GET 200 https://registry.npmjs.org/cross-spawn/-/cross-spawn-7.0.6.tgz 3909ms (cache miss)
5076 http fetch GET 200 https://registry.npmjs.org/lodash/-/lodash-4.18.1.tgz 3915ms (cache miss)
5077 http fetch GET 200 https://registry.npmjs.org/cors/-/cors-2.8.6.tgz 3930ms (cache miss)
5078 http fetch GET 200 https://registry.npmjs.org/cross-env/-/cross-env-7.0.3.tgz 3931ms (cache miss)
5079 http fetch GET 200 https://registry.npmjs.org/deep-equal-in-any-order/-/deep-equal-in-any-order-2.2.0.tgz 3940ms (cache miss)
5080 http fetch GET 200 https://registry.npmjs.org/configstore/-/configstore-5.0.1.tgz 3940ms (cache miss)
5081 http fetch GET 200 https://registry.npmjs.org/colorette/-/colorette-2.0.20.tgz 3941ms (cache miss)
5082 http fetch GET 200 https://registry.npmjs.org/@googleapis/sqladmin/-/sqladmin-35.2.0.tgz 3947ms (cache miss)
5083 http fetch GET 200 https://registry.npmjs.org/exegesis/-/exegesis-4.3.0.tgz 3943ms (cache miss)
5084 http fetch GET 200 https://registry.npmjs.org/body-parser/-/body-parser-1.20.5.tgz 3952ms (cache miss)
5085 http fetch GET 200 https://registry.npmjs.org/commander/-/commander-5.1.0.tgz 3958ms (cache miss)
5086 http fetch GET 200 https://registry.npmjs.org/chokidar/-/chokidar-3.6.0.tgz 3970ms (cache miss)
5087 http fetch GET 200 https://registry.npmjs.org/cjson/-/cjson-0.3.3.tgz 3971ms (cache miss)
5088 http fetch GET 200 https://registry.npmjs.org/archiver/-/archiver-7.0.1.tgz 3999ms (cache miss)
5089 http fetch GET 200 https://registry.npmjs.org/cli-table3/-/cli-table3-0.6.5.tgz 4000ms (cache miss)
5090 http fetch GET 200 https://registry.npmjs.org/async-lock/-/async-lock-1.4.1.tgz 4017ms (cache miss)
5091 http fetch GET 200 https://registry.npmjs.org/abort-controller/-/abort-controller-3.0.0.tgz 4021ms (cache miss)
5092 http fetch GET 200 https://registry.npmjs.org/ajv-formats/-/ajv-formats-3.0.1.tgz 4024ms (cache miss)
5093 http fetch GET 200 https://registry.npmjs.org/csv-parse/-/csv-parse-5.6.0.tgz 4031ms (cache miss)
5094 http fetch GET 200 https://registry.npmjs.org/ajv/-/ajv-8.20.0.tgz 4064ms (cache miss)
5095 http fetch GET 200 https://registry.npmjs.org/wrap-ansi/-/wrap-ansi-7.0.0.tgz 4069ms (cache miss)
5096 http fetch GET 200 https://registry.npmjs.org/color-name/-/color-name-1.1.4.tgz 4068ms (cache miss)
5097 http fetch GET 200 https://registry.npmjs.org/ansi-regex/-/ansi-regex-5.0.1.tgz 4079ms (cache miss)
5098 http fetch GET 200 https://registry.npmjs.org/strip-ansi/-/strip-ansi-6.0.1.tgz 4099ms (cache miss)
5099 http fetch GET 200 https://registry.npmjs.org/ms/-/ms-2.1.3.tgz 4100ms (cache miss)
5100 http fetch GET 200 https://registry.npmjs.org/@opentelemetry/semantic-conventions/-/semantic-conventions-1.39.0.tgz 4124ms (cache miss)
5101 http fetch GET 200 https://registry.npmjs.org/ini/-/ini-1.3.8.tgz 4144ms (cache miss)
5102 http fetch GET 200 https://registry.npmjs.org/semver/-/semver-6.3.1.tgz 4151ms (cache miss)
5103 http fetch GET 200 https://registry.npmjs.org/color-convert/-/color-convert-2.0.1.tgz 4151ms (cache miss)
5104 http fetch GET 200 https://registry.npmjs.org/wrap-ansi/-/wrap-ansi-7.0.0.tgz 4185ms (cache miss)
5105 http fetch GET 200 https://registry.npmjs.org/@colors/colors/-/colors-1.6.0.tgz 4185ms (cache miss)
5106 http fetch GET 200 https://registry.npmjs.org/graceful-fs/-/graceful-fs-4.2.10.tgz 4185ms (cache miss)
5107 http fetch GET 200 https://registry.npmjs.org/ini/-/ini-1.3.8.tgz 4194ms (cache miss)
5108 http fetch GET 200 https://registry.npmjs.org/ansi-regex/-/ansi-regex-5.0.1.tgz 4198ms (cache miss)
5109 http fetch GET 200 https://registry.npmjs.org/strip-ansi/-/strip-ansi-6.0.1.tgz 4199ms (cache miss)
5110 http fetch GET 200 https://registry.npmjs.org/chalk/-/chalk-4.1.2.tgz 4219ms (cache miss)
5111 http fetch GET 200 https://registry.npmjs.org/fdir/-/fdir-6.5.0.tgz 4224ms (cache miss)
5112 http fetch GET 200 https://registry.npmjs.org/isexe/-/isexe-4.0.0.tgz 4228ms (cache miss)
5113 http fetch GET 200 https://registry.npmjs.org/debug/-/debug-4.4.3.tgz 4244ms (cache miss)
5114 http fetch GET 200 https://registry.npmjs.org/which/-/which-6.0.1.tgz 4272ms (cache miss)
5115 http fetch GET 200 https://registry.npmjs.org/ms/-/ms-2.1.3.tgz 4283ms (cache miss)
5116 http fetch GET 200 https://registry.npmjs.org/path-to-regexp/-/path-to-regexp-8.4.2.tgz 4283ms (cache miss)
5117 http fetch GET 200 https://registry.npmjs.org/on-finished/-/on-finished-2.3.0.tgz 4298ms (cache miss)
5118 http fetch GET 200 https://registry.npmjs.org/encodeurl/-/encodeurl-1.0.2.tgz 4299ms (cache miss)
5119 http fetch GET 200 https://registry.npmjs.org/picomatch/-/picomatch-4.0.4.tgz 4301ms (cache miss)
5120 http fetch GET 200 https://registry.npmjs.org/negotiator/-/negotiator-0.6.4.tgz 4330ms (cache miss)
5121 http fetch GET 200 https://registry.npmjs.org/commander/-/commander-2.20.3.tgz 4331ms (cache miss)
5122 http fetch GET 200 https://registry.npmjs.org/ms/-/ms-2.1.3.tgz 4332ms (cache miss)
5123 http fetch GET 200 https://registry.npmjs.org/firebase-tools/-/firebase-tools-15.19.1.tgz 4338ms (cache miss)
5124 http fetch GET 200 https://registry.npmjs.org/statuses/-/statuses-1.5.0.tgz 4356ms (cache miss)
5125 http fetch GET 200 https://registry.npmjs.org/finalhandler/-/finalhandler-1.1.2.tgz 4357ms (cache miss)
5126 http fetch GET 200 https://registry.npmjs.org/data-uri-to-buffer/-/data-uri-to-buffer-4.0.1.tgz 4357ms (cache miss)
5127 http fetch GET 200 https://registry.npmjs.org/node-fetch/-/node-fetch-3.3.2.tgz 4362ms (cache miss)
5128 http fetch GET 200 https://registry.npmjs.org/ms/-/ms-2.1.3.tgz 4374ms (cache miss)
5129 http fetch GET 200 https://registry.npmjs.org/debug/-/debug-4.4.3.tgz 4374ms (cache miss)
5130 http fetch GET 200 https://registry.npmjs.org/debug/-/debug-4.4.3.tgz 4374ms (cache miss)
5131 http fetch GET 200 https://registry.npmjs.org/ms/-/ms-2.1.3.tgz 4436ms (cache miss)
5132 http fetch GET 200 https://registry.npmjs.org/debug/-/debug-4.4.3.tgz 4443ms (cache miss)
5133 http fetch GET 200 https://registry.npmjs.org/ms/-/ms-2.1.3.tgz 4443ms (cache miss)
5134 http fetch GET 200 https://registry.npmjs.org/@modelcontextprotocol/sdk/-/sdk-1.29.0.tgz 4446ms (cache miss)
5135 http fetch GET 200 https://registry.npmjs.org/ansi-regex/-/ansi-regex-5.0.1.tgz 4457ms (cache miss)
5136 http fetch GET 200 https://registry.npmjs.org/chalk/-/chalk-4.1.2.tgz 4460ms (cache miss)
5137 http fetch GET 200 https://registry.npmjs.org/signal-exit/-/signal-exit-3.0.7.tgz 4467ms (cache miss)
5138 http fetch GET 200 https://registry.npmjs.org/debug/-/debug-4.4.3.tgz 4470ms (cache miss)
5139 http fetch GET 200 https://registry.npmjs.org/@apphosting/common/-/common-0.0.8.tgz 4480ms (cache miss)
5140 http fetch GET 200 https://registry.npmjs.org/@inquirer/prompts/-/prompts-7.10.1.tgz 4500ms (cache miss)
5141 http fetch GET 200 https://registry.npmjs.org/@google-cloud/cloud-sql-connector/-/cloud-sql-connector-1.11.1.tgz 4508ms (cache miss)
5142 http fetch GET 200 https://registry.npmjs.org/safe-buffer/-/safe-buffer-5.1.2.tgz 4513ms (cache miss)
5143 http fetch GET 200 https://registry.npmjs.org/wrap-ansi/-/wrap-ansi-7.0.0.tgz 4533ms (cache miss)
5144 http fetch GET 200 https://registry.npmjs.org/strip-ansi/-/strip-ansi-6.0.1.tgz 4536ms (cache miss)
5145 http fetch GET 200 https://registry.npmjs.org/chalk/-/chalk-4.1.2.tgz 4547ms (cache miss)
5146 http fetch GET 200 https://registry.npmjs.org/yargs-parser/-/yargs-parser-20.2.9.tgz 4549ms (cache miss)
5147 http fetch GET 200 https://registry.npmjs.org/readable-stream/-/readable-stream-3.6.2.tgz 4550ms (cache miss)
5148 http fetch GET 200 https://registry.npmjs.org/yargs/-/yargs-16.2.0.tgz 4552ms (cache miss)
5149 http fetch GET 200 https://registry.npmjs.org/parse5/-/parse5-6.0.1.tgz 4552ms (cache miss)
5150 http fetch GET 200 https://registry.npmjs.org/ansi-regex/-/ansi-regex-5.0.1.tgz 4631ms (cache miss)
5151 http fetch GET 200 https://registry.npmjs.org/strip-ansi/-/strip-ansi-6.0.1.tgz 4645ms (cache miss)
5152 http fetch GET 200 https://registry.npmjs.org/ansi-regex/-/ansi-regex-5.0.1.tgz 4645ms (cache miss)
5153 http fetch GET 200 https://registry.npmjs.org/ansi-regex/-/ansi-regex-5.0.1.tgz 4646ms (cache miss)
5154 http fetch GET 200 https://registry.npmjs.org/cliui/-/cliui-7.0.4.tgz 4660ms (cache miss)
5155 http fetch GET 200 https://registry.npmjs.org/strip-ansi/-/strip-ansi-6.0.1.tgz 4670ms (cache miss)
5156 http fetch GET 200 https://registry.npmjs.org/wrap-ansi/-/wrap-ansi-8.1.0.tgz 4669ms (cache miss)
5157 http fetch GET 200 https://registry.npmjs.org/debug/-/debug-4.4.3.tgz 4705ms (cache miss)
5158 http fetch GET 200 https://registry.npmjs.org/ansi-styles/-/ansi-styles-6.2.3.tgz 4706ms (cache miss)
5159 http fetch GET 200 https://registry.npmjs.org/ms/-/ms-2.1.3.tgz 4756ms (cache miss)
5160 http fetch GET 200 https://registry.npmjs.org/string-width/-/string-width-5.1.2.tgz 4765ms (cache miss)
5161 http fetch GET 200 https://registry.npmjs.org/mime/-/mime-1.6.0.tgz 4766ms (cache miss)
5162 http fetch GET 200 https://registry.npmjs.org/ms/-/ms-2.1.3.tgz 4767ms (cache miss)
5163 http fetch GET 200 https://registry.npmjs.org/semver/-/semver-6.3.1.tgz 4775ms (cache miss)
5164 http fetch GET 200 https://registry.npmjs.org/emoji-regex/-/emoji-regex-9.2.2.tgz 4776ms (cache miss)
5165 http fetch GET 200 https://registry.npmjs.org/readable-stream/-/readable-stream-3.6.2.tgz 4777ms (cache miss)
5166 http fetch GET 200 https://registry.npmjs.org/argparse/-/argparse-2.0.1.tgz 4784ms (cache miss)
5167 http fetch GET 200 https://registry.npmjs.org/ansi-regex/-/ansi-regex-5.0.1.tgz 4802ms (cache miss)
5168 http fetch GET 200 https://registry.npmjs.org/readable-stream/-/readable-stream-2.3.8.tgz 4807ms (cache miss)
5169 http fetch GET 200 https://registry.npmjs.org/string_decoder/-/string_decoder-1.1.1.tgz 4840ms (cache miss)
5170 http fetch GET 200 https://registry.npmjs.org/signal-exit/-/signal-exit-3.0.7.tgz 4840ms (cache miss)
5171 http fetch GET 200 https://registry.npmjs.org/safe-buffer/-/safe-buffer-5.1.2.tgz 4840ms (cache miss)
5172 http fetch GET 200 https://registry.npmjs.org/strip-ansi/-/strip-ansi-6.0.1.tgz 4861ms (cache miss)
5173 http fetch GET 200 https://registry.npmjs.org/ansi-regex/-/ansi-regex-5.0.1.tgz 4861ms (cache miss)
5174 http fetch GET 200 https://registry.npmjs.org/buffer/-/buffer-6.0.3.tgz 4862ms (cache miss)
5175 http fetch GET 200 https://registry.npmjs.org/@google-cloud/pubsub/-/pubsub-5.3.0.tgz 4872ms (cache miss)
5176 http fetch GET 200 https://registry.npmjs.org/minimatch/-/minimatch-5.1.9.tgz 4880ms (cache miss)
5177 http fetch GET 200 https://registry.npmjs.org/brace-expansion/-/brace-expansion-2.1.1.tgz 4880ms (cache miss)
5178 http fetch GET 200 https://registry.npmjs.org/data-uri-to-buffer/-/data-uri-to-buffer-4.0.1.tgz 4880ms (cache miss)
5179 http fetch GET 200 https://registry.npmjs.org/strip-ansi/-/strip-ansi-6.0.1.tgz 4890ms (cache miss)
5180 http fetch GET 200 https://registry.npmjs.org/google-logging-utils/-/google-logging-utils-1.1.3.tgz 4907ms (cache miss)
5181 http fetch GET 200 https://registry.npmjs.org/node-fetch/-/node-fetch-3.3.2.tgz 4907ms (cache miss)
5182 http fetch GET 200 https://registry.npmjs.org/@electric-sql/pglite-tools/-/pglite-tools-0.2.21.tgz 4919ms (cache miss)
5183 http fetch GET 200 https://registry.npmjs.org/gcp-metadata/-/gcp-metadata-8.1.2.tgz 4928ms (cache miss)
5184 http fetch GET 200 https://registry.npmjs.org/gcp-metadata/-/gcp-metadata-8.1.2.tgz 4958ms (cache miss)
5185 http fetch GET 200 https://registry.npmjs.org/data-uri-to-buffer/-/data-uri-to-buffer-4.0.1.tgz 4969ms (cache miss)
5186 http fetch GET 200 https://registry.npmjs.org/chalk/-/chalk-4.1.2.tgz 4970ms (cache miss)
5187 http fetch GET 200 https://registry.npmjs.org/js-yaml/-/js-yaml-4.2.0.tgz 4973ms (cache miss)
5188 http fetch GET 200 https://registry.npmjs.org/google-logging-utils/-/google-logging-utils-1.1.3.tgz 4975ms (cache miss)
5189 http fetch GET 200 https://registry.npmjs.org/node-fetch/-/node-fetch-3.3.2.tgz 4976ms (cache miss)
5190 http fetch GET 200 https://registry.npmjs.org/@electric-sql/pglite/-/pglite-0.2.17.tgz 4990ms (cache miss)
5191 http fetch GET 200 https://registry.npmjs.org/ms/-/ms-2.1.3.tgz 4985ms (cache miss)
5192 http fetch GET 200 https://registry.npmjs.org/gaxios/-/gaxios-7.1.4.tgz 4997ms (cache miss)
5193 http fetch GET 200 https://registry.npmjs.org/@colors/colors/-/colors-1.6.0.tgz 5006ms (cache miss)
5194 http fetch GET 200 https://registry.npmjs.org/ms/-/ms-2.1.2.tgz 5015ms (cache miss)
5195 http fetch GET 200 https://registry.npmjs.org/debug/-/debug-4.4.3.tgz 5015ms (cache miss)
5196 http fetch GET 200 https://registry.npmjs.org/readable-stream/-/readable-stream-3.6.2.tgz 5016ms (cache miss)
5197 http fetch GET 200 https://registry.npmjs.org/readable-stream/-/readable-stream-3.6.2.tgz 5017ms (cache miss)
5198 http fetch GET 200 https://registry.npmjs.org/google-auth-library/-/google-auth-library-10.6.2.tgz 5028ms (cache miss)
5199 http fetch GET 200 https://registry.npmjs.org/google-auth-library/-/google-auth-library-10.6.2.tgz 5033ms (cache miss)
5200 http fetch GET 200 https://registry.npmjs.org/isarray/-/isarray-0.0.1.tgz 5045ms (cache miss)
5201 http fetch GET 200 https://registry.npmjs.org/path-to-regexp/-/path-to-regexp-1.9.0.tgz 5048ms (cache miss)
5202 http fetch GET 200 https://registry.npmjs.org/gaxios/-/gaxios-7.1.4.tgz 5050ms (cache miss)
5203 http fetch GET 200 https://registry.npmjs.org/brace-expansion/-/brace-expansion-2.1.1.tgz 5049ms (cache miss)
5204 http fetch GET 200 https://registry.npmjs.org/uuid/-/uuid-14.0.0.tgz 5059ms (cache miss)
5205 http fetch GET 200 https://registry.npmjs.org/ms/-/ms-2.1.3.tgz 5066ms (cache miss)
5206 http fetch GET 200 https://registry.npmjs.org/debug/-/debug-4.4.3.tgz 5067ms (cache miss)
5207 http fetch GET 200 https://registry.npmjs.org/ms/-/ms-2.1.3.tgz 5068ms (cache miss)
5208 http fetch GET 200 https://registry.npmjs.org/debug/-/debug-4.3.1.tgz 5068ms (cache miss)
5209 http fetch GET 200 https://registry.npmjs.org/minimatch/-/minimatch-6.2.3.tgz 5069ms (cache miss)
5210 http fetch GET 200 https://registry.npmjs.org/commander/-/commander-10.0.1.tgz 5086ms (cache miss)
5211 http fetch GET 200 https://registry.npmjs.org/argparse/-/argparse-2.0.1.tgz 5096ms (cache miss)
5212 http fetch GET 200 https://registry.npmjs.org/brace-expansion/-/brace-expansion-2.1.1.tgz 5096ms (cache miss)
5213 http fetch GET 200 https://registry.npmjs.org/debug/-/debug-4.4.3.tgz 5136ms (cache miss)
5214 http fetch GET 200 https://registry.npmjs.org/ansi-regex/-/ansi-regex-5.0.1.tgz 5137ms (cache miss)
5215 http fetch GET 200 https://registry.npmjs.org/ms/-/ms-2.1.3.tgz 5140ms (cache miss)
5216 http fetch GET 200 https://registry.npmjs.org/chalk/-/chalk-4.1.2.tgz 5140ms (cache miss)
5217 http fetch GET 200 https://registry.npmjs.org/lru-cache/-/lru-cache-7.18.3.tgz 5140ms (cache miss)
5218 http fetch GET 200 https://registry.npmjs.org/uuid/-/uuid-9.0.1.tgz 5152ms (cache miss)
5219 warn deprecated uuid@9.0.1: uuid@10 and below is no longer supported.  For ESM codebases, update to uuid@latest.  For CommonJS codebases, use uuid@11 (but be aware this version will likely be deprecated in 2028).
5220 http fetch GET 200 https://registry.npmjs.org/media-typer/-/media-typer-1.1.0.tgz 5155ms (cache miss)
5221 http fetch GET 200 https://registry.npmjs.org/raw-body/-/raw-body-2.5.3.tgz 5156ms (cache miss)
5222 http fetch GET 200 https://registry.npmjs.org/minimatch/-/minimatch-9.0.9.tgz 5185ms (cache miss)
5223 http fetch GET 200 https://registry.npmjs.org/strip-ansi/-/strip-ansi-6.0.1.tgz 5190ms (cache miss)
5224 http fetch GET 200 https://registry.npmjs.org/ms/-/ms-2.1.3.tgz 5205ms (cache miss)
5225 http fetch GET 200 https://registry.npmjs.org/mime-db/-/mime-db-1.54.0.tgz 5207ms (cache miss)
5226 http fetch GET 200 https://registry.npmjs.org/ajv-formats/-/ajv-formats-2.1.1.tgz 5208ms (cache miss)
5227 http fetch GET 200 https://registry.npmjs.org/negotiator/-/negotiator-1.0.0.tgz 5218ms (cache miss)
5228 http fetch GET 200 https://registry.npmjs.org/serve-static/-/serve-static-2.2.1.tgz 5243ms (cache miss)
5229 http fetch GET 200 https://registry.npmjs.org/raw-body/-/raw-body-2.5.3.tgz 5243ms (cache miss)
5230 http fetch GET 200 https://registry.npmjs.org/mime-types/-/mime-types-3.0.2.tgz 5243ms (cache miss)
5231 http fetch GET 200 https://registry.npmjs.org/send/-/send-1.2.1.tgz 5243ms (cache miss)
5232 http fetch GET 200 https://registry.npmjs.org/iconv-lite/-/iconv-lite-0.4.24.tgz 5244ms (cache miss)
5233 http fetch GET 200 https://registry.npmjs.org/finalhandler/-/finalhandler-2.1.1.tgz 5254ms (cache miss)
5234 http fetch GET 200 https://registry.npmjs.org/merge-descriptors/-/merge-descriptors-2.0.0.tgz 5267ms (cache miss)
5235 http fetch GET 200 https://registry.npmjs.org/content-type/-/content-type-2.0.0.tgz 5269ms (cache miss)
5236 http fetch GET 200 https://registry.npmjs.org/fresh/-/fresh-2.0.0.tgz 5268ms (cache miss)
5237 http fetch GET 200 https://registry.npmjs.org/iconv-lite/-/iconv-lite-0.4.24.tgz 5272ms (cache miss)
5238 http fetch GET 200 https://registry.npmjs.org/type-is/-/type-is-2.1.0.tgz 5293ms (cache miss)
5239 http fetch GET 200 https://registry.npmjs.org/debug/-/debug-4.4.3.tgz 5295ms (cache miss)
5240 http fetch GET 200 https://registry.npmjs.org/cookie-signature/-/cookie-signature-1.2.2.tgz 5295ms (cache miss)
5241 http fetch GET 200 https://registry.npmjs.org/content-disposition/-/content-disposition-1.1.0.tgz 5320ms (cache miss)
5242 http fetch GET 200 https://registry.npmjs.org/data-uri-to-buffer/-/data-uri-to-buffer-4.0.1.tgz 5319ms (cache miss)
5243 http fetch GET 200 https://registry.npmjs.org/gcp-metadata/-/gcp-metadata-8.1.2.tgz 5320ms (cache miss)
5244 http fetch GET 200 https://registry.npmjs.org/body-parser/-/body-parser-2.2.2.tgz 5396ms (cache miss)
5245 http fetch GET 200 https://registry.npmjs.org/google-logging-utils/-/google-logging-utils-1.1.3.tgz 5395ms (cache miss)
5246 http fetch GET 200 https://registry.npmjs.org/node-fetch/-/node-fetch-3.3.2.tgz 5397ms (cache miss)
5247 http fetch GET 200 https://registry.npmjs.org/gaxios/-/gaxios-7.1.4.tgz 5513ms (cache miss)
5248 http fetch GET 200 https://registry.npmjs.org/accepts/-/accepts-2.0.0.tgz 5517ms (cache miss)
5249 http fetch GET 200 https://registry.npmjs.org/google-auth-library/-/google-auth-library-10.6.2.tgz 5557ms (cache miss)
5250 http fetch GET 200 https://registry.npmjs.org/google-auth-library/-/google-auth-library-10.6.2.tgz 5609ms (cache miss)
5251 http fetch GET 200 https://registry.npmjs.org/@electric-sql/pglite/-/pglite-0.3.16.tgz 5669ms (cache miss)
5252 http fetch GET 200 https://registry.npmjs.org/express/-/express-5.2.1.tgz 5673ms (cache miss)
5253 http fetch GET 200 https://registry.npmjs.org/node-fetch/-/node-fetch-3.3.2.tgz 5706ms (cache miss)
5254 http fetch GET 200 https://registry.npmjs.org/google-logging-utils/-/google-logging-utils-1.1.3.tgz 5754ms (cache miss)
5255 http fetch GET 200 https://registry.npmjs.org/@opentelemetry/semantic-conventions/-/semantic-conventions-1.28.0.tgz 5773ms (cache miss)
5256 http fetch GET 200 https://registry.npmjs.org/data-uri-to-buffer/-/data-uri-to-buffer-4.0.1.tgz 5791ms (cache miss)
5257 http fetch GET 200 https://registry.npmjs.org/uuid 5555ms (cache miss)
5258 silly packumentCache corgi:https://registry.npmjs.org/uuid set size:undefined disposed:false
5259 silly packumentCache corgi:https://registry.npmjs.org/gaxios cache-miss
5260 http fetch GET 200 https://registry.npmjs.org/gcp-metadata/-/gcp-metadata-8.1.2.tgz 5863ms (cache miss)
5261 http fetch GET 200 https://registry.npmjs.org/gaxios/-/gaxios-7.1.4.tgz 5899ms (cache miss)
5262 info run fsevents@2.3.3 install node_modules/fsevents node-gyp rebuild
5263 info run re2@1.24.1 install node_modules/re2 install-from-cache --artifact build/Release/re2.node --host-var RE2_DOWNLOAD_MIRROR --skip-path-var RE2_DOWNLOAD_SKIP_PATH --skip-ver-var RE2_DOWNLOAD_SKIP_VER || node-gyp -j max rebuild
5264 http fetch GET 200 https://registry.npmjs.org/gaxios 56ms (cache miss)
5265 silly packumentCache corgi:https://registry.npmjs.org/gaxios set size:undefined disposed:false
5266 silly packumentCache corgi:https://registry.npmjs.org/firebase-tools cache-miss
5267 silly packumentCache corgi:https://registry.npmjs.org/google-auth-library cache-miss
5268 silly packumentCache corgi:https://registry.npmjs.org/gcp-metadata cache-miss
5269 silly packumentCache corgi:https://registry.npmjs.org/gtoken cache-miss
5270 http cache https://registry.npmjs.org/firebase-tools 5ms (cache hit)
5271 silly packumentCache corgi:https://registry.npmjs.org/firebase-tools set size:1479206 disposed:false
5272 http fetch GET 200 https://registry.npmjs.org/gcp-metadata 63ms (cache miss)
5273 silly packumentCache corgi:https://registry.npmjs.org/gcp-metadata set size:undefined disposed:false
5274 http fetch GET 200 https://registry.npmjs.org/gtoken 101ms (cache miss)
5275 silly packumentCache corgi:https://registry.npmjs.org/gtoken set size:undefined disposed:false
5276 http fetch GET 200 https://registry.npmjs.org/google-auth-library 151ms (cache miss)
5277 silly packumentCache corgi:https://registry.npmjs.org/google-auth-library set size:undefined disposed:false
5278 info run fsevents@2.3.3 install { code: 1, signal: null }
5279 verbose reify failed optional dependency /Users/sachinsrivastava/CardioPlus/.npm_cache/_npx/ba4f1959e38407b5/node_modules/fsevents
5280 silly reify mark deleted [
5280 silly reify   '/Users/sachinsrivastava/CardioPlus/.npm_cache/_npx/ba4f1959e38407b5/node_modules/fsevents'
5280 silly reify ]
5281 info run re2@1.24.1 install { code: 0, signal: null }
5282 info run protobufjs@7.6.2 postinstall node_modules/protobufjs node scripts/postinstall
5283 info run protobufjs@7.6.2 postinstall { code: 0, signal: null }
5284 verbose cwd /Users/sachinsrivastava/CardioPlus
5285 verbose os Darwin 25.1.0
5286 verbose node v24.11.0
5287 verbose npm  v11.6.1
5288 verbose exit 1
5289 verbose code 1
